time,run_id,gps_latitude,gps_longitude,gps_speed,t,theta,omega,v,simulation_running
2026-09-09 13:22:00.00+00:00,0,47.05150553,8.31225993,18.000,0.000,0.000,0.000,5.000,True
2026-09-09 13:22:00.05+00:00,0,47.05150553,8.31226323,18.000,0.050,0.000,0.000,5.000,True
2026-09-09 13:22:00.10+00:00,0,47.05150553,8.31226653,18.000,0.100,0.000,0.000,5.000,True
2026-09-09 13:22:00.15+00:00,0,47.05150553,8.31226983,18.000,0.150,0.000,0.000,5.000,True
2026-09-09 13:22:00.20+00:00,0,47.05150553,8.31227313,18.000,0.200,0.000,0.000,5.000,True
2026-09-09 13:22:00.25+00:00,0,47.05150553,8.31227643,18.000,0.250,0.000,0.000,5.000,True
2026-09-09 13:22:00.30+00:00,0,47.05150553,8.31227973,18.000,0.300,0.000,0.000,5.000,True
2026-09-09 13:22:00.35+00:00,0,47.05150553,8.31228303,18.000,0.350,0.000,0.000,5.000,True
2026-09-09 13:22:00.40+00:00,0,47.05150553,8.31228633,18.000,0.400,0.000,0.000,5.000,True
2026-09-09 13:22:00.45+00:00,0,47.05150553,8.31228963,18.000,0.450,0.000,0.000,5.000,True
2026-09-09 13:22:00.50+00:00,0,47.05150553,8.31229293,18.000,0.500,0.000,0.000,5.000,True
2026-09-09 13:22:00.55+00:00,0,47.05150553,8.31229623,18.000,0.550,0.000,0.000,5.000,True
2026-09-09 13:22:00.60+00:00,0,47.05150553,8.31229953,18.000,0.600,0.000,0.000,5.000,True
2026-09-09 13:22:00.65+00:00,0,47.05150553,8.31230283,18.000,0.650,0.000,0.000,5.000,True
2026-09-09 13:22:00.70+00:00,0,47.05150553,8.31230613,18.000,0.700,0.000,0.000,5.000,True
2026-09-09 13:22:00.75+00:00,0,47.05150553,8.31230943,18.000,0.750,0.000,0.000,5.000,True
2026-09-09 13:22:00.80+00:00,0,47.05150553,8.31231273,18.000,0.800,0.000,0.000,5.000,True
2026-09-09 13:22:00.85+00:00,0,47.05150553,8.31231603,18.000,0.850,0.000,0.000,5.000,True
2026-09-09 13:22:00.90+00:00,0,47.05150553,8.31231933,18.000,0.900,0.000,0.000,5.000,True
2026-09-09 13:22:00.95+00:00,0,47.05150553,8.31232262,18.000,0.950,0.000,-0.017,5.000,True
2026-09-09 13:22:01.00+00:00,0,47.05150553,8.31232592,18.000,1.000,-0.001,-0.017,5.000,True
2026-09-09 13:22:01.05+00:00,0,47.05150553,8.31232922,18.000,1.050,-0.002,-0.017,5.000,True
2026-09-09 13:22:01.10+00:00,0,47.05150553,8.31233252,18.000,1.100,-0.003,-0.017,5.000,True
2026-09-09 13:22:01.15+00:00,0,47.05150552,8.31233582,18.000,1.150,-0.003,-0.035,5.000,True
2026-09-09 13:22:01.20+00:00,0,47.05150551,8.31233912,18.000,1.200,-0.005,-0.052,5.000,True
2026-09-09 13:22:01.25+00:00,0,47.05150550,8.31234242,18.000,1.250,-0.008,-0.087,5.000,True
2026-09-09 13:22:01.30+00:00,0,47.05150548,8.31234572,18.000,1.300,-0.012,-0.105,5.000,True
2026-09-09 13:22:01.35+00:00,0,47.05150546,8.31234902,18.000,1.350,-0.017,-0.105,5.000,True
2026-09-09 13:22:01.40+00:00,0,47.05150542,8.31235232,18.000,1.400,-0.023,-0.105,5.000,True
2026-09-09 13:22:01.45+00:00,0,47.05150537,8.31235562,18.000,1.450,-0.028,-0.105,5.000,True
2026-09-09 13:22:01.50+00:00,0,47.05150530,8.31235892,18.000,1.500,-0.033,-0.105,5.000,True
2026-09-09 13:22:01.55+00:00,0,47.05150523,8.31236222,18.000,1.550,-0.038,-0.105,5.000,True
2026-09-09 13:22:01.60+00:00,0,47.05150514,8.31236552,18.000,1.600,-0.044,-0.105,5.000,True
2026-09-09 13:22:01.65+00:00,0,47.05150505,8.31236881,18.000,1.650,-0.049,-0.105,5.000,True
2026-09-09 13:22:01.70+00:00,0,47.05150494,8.31237211,18.000,1.700,-0.054,-0.105,5.000,True
2026-09-09 13:22:01.75+00:00,0,47.05150481,8.31237540,18.000,1.750,-0.059,-0.105,5.000,True
2026-09-09 13:22:01.80+00:00,0,47.05150468,8.31237870,18.000,1.800,-0.065,-0.105,5.000,True
2026-09-09 13:22:01.85+00:00,0,47.05150454,8.31238199,18.000,1.850,-0.070,-0.105,5.000,True
2026-09-09 13:22:01.90+00:00,0,47.05150438,8.31238528,18.000,1.900,-0.075,-0.105,5.000,True
2026-09-09 13:22:01.95+00:00,0,47.05150421,8.31238857,18.000,1.950,-0.080,-0.105,5.000,True
2026-09-09 13:22:02.00+00:00,0,47.05150403,8.31239186,18.000,2.000,-0.086,-0.105,5.000,True
2026-09-09 13:22:02.05+00:00,0,47.05150384,8.31239515,18.000,2.050,-0.091,-0.105,5.000,True
2026-09-09 13:22:02.10+00:00,0,47.05150363,8.31239844,18.000,2.100,-0.096,-0.105,5.000,True
2026-09-09 13:22:02.15+00:00,0,47.05150342,8.31240172,18.000,2.150,-0.101,-0.105,5.000,True
2026-09-09 13:22:02.20+00:00,0,47.05150319,8.31240500,18.000,2.200,-0.106,-0.105,5.000,True
2026-09-09 13:22:02.25+00:00,0,47.05150295,8.31240828,18.000,2.250,-0.112,-0.105,5.000,True
2026-09-09 13:22:02.30+00:00,0,47.05150270,8.31241156,18.000,2.300,-0.117,-0.105,5.000,True
2026-09-09 13:22:02.35+00:00,0,47.05150244,8.31241484,18.000,2.350,-0.122,-0.105,5.000,True
2026-09-09 13:22:02.40+00:00,0,47.05150217,8.31241812,18.000,2.400,-0.127,-0.105,5.000,True
2026-09-09 13:22:02.45+00:00,0,47.05150188,8.31242139,18.000,2.450,-0.133,-0.105,5.000,True
2026-09-09 13:22:02.50+00:00,0,47.05150158,8.31242466,18.000,2.500,-0.138,-0.105,5.000,True
2026-09-09 13:22:02.55+00:00,0,47.05150127,8.31242793,18.000,2.550,-0.143,-0.105,5.000,True
2026-09-09 13:22:02.60+00:00,0,47.05150095,8.31243119,18.000,2.600,-0.148,-0.105,5.000,True
2026-09-09 13:22:02.65+00:00,0,47.05150062,8.31243446,18.000,2.650,-0.154,-0.105,5.000,True
2026-09-09 13:22:02.70+00:00,0,47.05150028,8.31243772,18.000,2.700,-0.159,-0.105,5.000,True
2026-09-09 13:22:02.75+00:00,0,47.05149992,8.31244098,18.000,2.750,-0.164,-0.105,5.000,True
2026-09-09 13:22:02.80+00:00,0,47.05149955,8.31244423,18.000,2.800,-0.169,-0.105,5.000,True
2026-09-09 13:22:02.85+00:00,0,47.05149917,8.31244749,18.000,2.850,-0.175,-0.105,5.000,True
2026-09-09 13:22:02.90+00:00,0,47.05149878,8.31245073,18.000,2.900,-0.180,-0.105,5.000,True
2026-09-09 13:22:02.95+00:00,0,47.05149838,8.31245398,18.000,2.950,-0.185,-0.105,5.000,True
2026-09-09 13:22:03.00+00:00,0,47.05149797,8.31245723,18.000,3.000,-0.190,-0.105,5.000,True
2026-09-09 13:22:03.05+00:00,0,47.05149754,8.31246047,18.000,3.050,-0.195,-0.105,5.000,True
2026-09-09 13:22:03.10+00:00,0,47.05149711,8.31246370,18.000,3.100,-0.201,-0.105,5.000,True
2026-09-09 13:22:03.15+00:00,0,47.05149666,8.31246694,18.000,3.150,-0.206,-0.105,5.000,True
2026-09-09 13:22:03.20+00:00,0,47.05149620,8.31247017,18.000,3.200,-0.211,-0.105,5.000,True
2026-09-09 13:22:03.25+00:00,0,47.05149573,8.31247339,18.000,3.250,-0.216,-0.105,5.000,True
2026-09-09 13:22:03.30+00:00,0,47.05149524,8.31247662,18.000,3.300,-0.222,-0.105,5.000,True
2026-09-09 13:22:03.35+00:00,0,47.05149475,8.31247983,18.000,3.350,-0.227,-0.105,5.000,True
2026-09-09 13:22:03.40+00:00,0,47.05149424,8.31248305,18.000,3.400,-0.232,-0.105,5.000,True
2026-09-09 13:22:03.45+00:00,0,47.05149373,8.31248626,18.000,3.450,-0.237,-0.105,5.000,True
2026-09-09 13:22:03.50+00:00,0,47.05149320,8.31248947,18.000,3.500,-0.243,-0.105,5.000,True
2026-09-09 13:22:03.55+00:00,0,47.05149266,8.31249267,18.000,3.550,-0.248,-0.105,5.000,True
2026-09-09 13:22:03.60+00:00,0,47.05149211,8.31249587,18.000,3.600,-0.253,-0.105,5.000,True
2026-09-09 13:22:03.65+00:00,0,47.05149154,8.31249907,18.000,3.650,-0.258,-0.105,5.000,True
2026-09-09 13:22:03.70+00:00,0,47.05149097,8.31250226,18.000,3.700,-0.264,-0.105,5.000,True
2026-09-09 13:22:03.75+00:00,0,47.05149038,8.31250544,18.000,3.750,-0.269,-0.105,5.000,True
2026-09-09 13:22:03.80+00:00,0,47.05148979,8.31250862,18.000,3.800,-0.274,-0.122,5.000,True
2026-09-09 13:22:03.85+00:00,0,47.05148918,8.31251180,18.000,3.850,-0.280,-0.122,5.000,True
2026-09-09 13:22:03.90+00:00,0,47.05148856,8.31251497,18.000,3.900,-0.286,-0.122,5.000,True
2026-09-09 13:22:03.95+00:00,0,47.05148792,8.31251814,18.000,3.950,-0.292,-0.122,5.000,True
2026-09-09 13:22:04.00+00:00,0,47.05148727,8.31252130,18.000,4.000,-0.298,-0.157,5.000,True
2026-09-09 13:22:04.05+00:00,0,47.05148661,8.31252445,18.000,4.050,-0.306,-0.157,5.000,True
2026-09-09 13:22:04.10+00:00,0,47.05148594,8.31252760,18.000,4.100,-0.314,-0.157,5.000,True
2026-09-09 13:22:04.15+00:00,0,47.05148524,8.31253073,18.000,4.150,-0.322,-0.157,5.000,True
2026-09-09 13:22:04.20+00:00,0,47.05148453,8.31253386,18.000,4.200,-0.330,-0.157,5.000,True
2026-09-09 13:22:04.25+00:00,0,47.05148380,8.31253699,18.000,4.250,-0.338,-0.157,5.000,True
2026-09-09 13:22:04.30+00:00,0,47.05148306,8.31254010,18.000,4.300,-0.346,-0.157,5.000,True
2026-09-09 13:22:04.35+00:00,0,47.05148229,8.31254320,18.000,4.350,-0.353,-0.157,5.000,True
2026-09-09 13:22:04.40+00:00,0,47.05148152,8.31254630,18.000,4.400,-0.361,-0.157,5.000,True
2026-09-09 13:22:04.45+00:00,0,47.05148072,8.31254939,18.000,4.450,-0.369,-0.157,5.000,True
2026-09-09 13:22:04.50+00:00,0,47.05147991,8.31255246,18.000,4.500,-0.377,-0.157,5.000,True
2026-09-09 13:22:04.55+00:00,0,47.05147908,8.31255553,18.000,4.550,-0.385,-0.157,5.000,True
2026-09-09 13:22:04.60+00:00,0,47.05147824,8.31255859,18.000,4.600,-0.393,-0.157,5.000,True
2026-09-09 13:22:04.65+00:00,0,47.05147738,8.31256164,18.000,4.650,-0.401,-0.157,5.000,True
2026-09-09 13:22:04.70+00:00,0,47.05147650,8.31256468,18.000,4.700,-0.408,-0.157,5.000,True
2026-09-09 13:22:04.75+00:00,0,47.05147561,8.31256771,18.000,4.750,-0.416,-0.157,5.000,True
2026-09-09 13:22:04.80+00:00,0,47.05147470,8.31257073,18.000,4.800,-0.424,-0.157,5.000,True
2026-09-09 13:22:04.85+00:00,0,47.05147377,8.31257373,18.000,4.850,-0.432,-0.157,5.000,True
2026-09-09 13:22:04.90+00:00,0,47.05147283,8.31257673,18.000,4.900,-0.440,-0.157,5.000,True
2026-09-09 13:22:04.95+00:00,0,47.05147188,8.31257972,18.000,4.950,-0.448,-0.157,5.000,True
2026-09-09 13:22:05.00+00:00,0,47.05147090,8.31258269,18.000,5.000,-0.456,-0.157,5.000,True
2026-09-09 13:22:05.05+00:00,0,47.05146991,8.31258565,18.000,5.050,-0.463,-0.157,5.000,True
2026-09-09 13:22:05.10+00:00,0,47.05146891,8.31258860,18.000,5.100,-0.471,-0.157,5.000,True
2026-09-09 13:22:05.15+00:00,0,47.05146789,8.31259155,18.000,5.150,-0.479,-0.157,5.000,True
2026-09-09 13:22:05.20+00:00,0,47.05146685,8.31259447,18.000,5.200,-0.487,-0.157,5.000,True
2026-09-09 13:22:05.25+00:00,0,47.05146580,8.31259739,18.000,5.250,-0.495,-0.157,5.000,True
2026-09-09 13:22:05.30+00:00,0,47.05146473,8.31260029,18.000,5.300,-0.503,-0.157,5.000,True
2026-09-09 13:22:05.35+00:00,0,47.05146365,8.31260319,18.000,5.350,-0.511,-0.157,5.000,True
2026-09-09 13:22:05.40+00:00,0,47.05146255,8.31260606,18.000,5.400,-0.518,-0.157,5.000,True
2026-09-09 13:22:05.45+00:00,0,47.05146144,8.31260893,18.000,5.450,-0.526,-0.157,5.000,True
2026-09-09 13:22:05.50+00:00,0,47.05146031,8.31261178,18.000,5.500,-0.534,-0.157,5.000,True
2026-09-09 13:22:05.55+00:00,0,47.05145916,8.31261462,18.000,5.550,-0.542,-0.157,5.000,True
2026-09-09 13:22:05.60+00:00,0,47.05145800,8.31261745,18.000,5.600,-0.550,-0.157,5.000,True
2026-09-09 13:22:05.65+00:00,0,47.05145683,8.31262026,18.000,5.650,-0.558,-0.157,5.000,True
2026-09-09 13:22:05.70+00:00,0,47.05145564,8.31262306,18.000,5.700,-0.565,-0.157,5.000,True
2026-09-09 13:22:05.75+00:00,0,47.05145443,8.31262585,18.000,5.750,-0.573,-0.157,5.000,True
2026-09-09 13:22:05.80+00:00,0,47.05145321,8.31262862,18.000,5.800,-0.581,-0.157,5.000,True
2026-09-09 13:22:05.85+00:00,0,47.05145198,8.31263138,18.000,5.850,-0.589,-0.157,5.000,True
2026-09-09 13:22:05.90+00:00,0,47.05145073,8.31263412,18.000,5.900,-0.597,-0.157,5.000,True
2026-09-09 13:22:05.95+00:00,0,47.05144947,8.31263685,18.000,5.950,-0.605,-0.157,5.000,True
2026-09-09 13:22:06.00+00:00,0,47.05144819,8.31263957,18.000,6.000,-0.613,-0.157,5.000,True
2026-09-09 13:22:06.05+00:00,0,47.05144690,8.31264227,18.000,6.050,-0.620,-0.157,5.000,True
2026-09-09 13:22:06.10+00:00,0,47.05144559,8.31264495,18.000,6.100,-0.628,-0.157,5.000,True
2026-09-09 13:22:06.15+00:00,0,47.05144427,8.31264762,18.000,6.150,-0.636,-0.157,5.000,True
2026-09-09 13:22:06.20+00:00,0,47.05144293,8.31265028,18.000,6.200,-0.644,-0.157,5.000,True
2026-09-09 13:22:06.25+00:00,0,47.05144158,8.31265292,18.000,6.250,-0.652,-0.157,5.000,True
2026-09-09 13:22:06.30+00:00,0,47.05144022,8.31265554,18.000,6.300,-0.660,-0.157,5.000,True
2026-09-09 13:22:06.35+00:00,0,47.05143884,8.31265815,18.000,6.350,-0.668,-0.157,5.000,True
2026-09-09 13:22:06.40+00:00,0,47.05143745,8.31266074,18.000,6.400,-0.675,-0.157,5.000,True
2026-09-09 13:22:06.45+00:00,0,47.05143604,8.31266331,18.000,6.450,-0.683,-0.157,5.000,True
2026-09-09 13:22:06.50+00:00,0,47.05143462,8.31266587,18.000,6.500,-0.691,-0.157,5.000,True
2026-09-09 13:22:06.55+00:00,0,47.05143319,8.31266841,18.000,6.550,-0.699,-0.157,5.000,True
2026-09-09 13:22:06.60+00:00,0,47.05143174,8.31267094,18.000,6.600,-0.707,-0.157,5.000,True
2026-09-09 13:22:06.65+00:00,0,47.05143028,8.31267345,18.000,6.650,-0.715,-0.157,5.000,True
2026-09-09 13:22:06.70+00:00,0,47.05142881,8.31267594,18.000,6.700,-0.723,-0.140,5.000,True
2026-09-09 13:22:06.75+00:00,0,47.05142732,8.31267842,18.000,6.750,-0.730,-0.140,5.000,True
2026-09-09 13:22:06.80+00:00,0,47.05142582,8.31268088,18.000,6.800,-0.737,-0.140,5.000,True
2026-09-09 13:22:06.85+00:00,0,47.05142431,8.31268332,18.000,6.850,-0.744,-0.140,5.000,True
2026-09-09 13:22:06.90+00:00,0,47.05142279,8.31268575,18.000,6.900,-0.750,-0.105,5.000,True
2026-09-09 13:22:06.95+00:00,0,47.05142126,8.31268816,18.000,6.950,-0.756,-0.070,5.000,True
2026-09-09 13:22:07.00+00:00,0,47.05141972,8.31269057,18.000,7.000,-0.759,-0.052,5.000,True
2026-09-09 13:22:07.05+00:00,0,47.05141817,8.31269296,18.000,7.050,-0.762,-0.017,5.000,True
2026-09-09 13:22:07.10+00:00,0,47.05141662,8.31269535,18.000,7.100,-0.763,-0.017,5.000,True
2026-09-09 13:22:07.15+00:00,0,47.05141506,8.31269773,18.000,7.150,-0.764,-0.017,5.000,True
2026-09-09 13:22:07.20+00:00,0,47.05141351,8.31270012,18.000,7.200,-0.764,-0.017,5.000,True
2026-09-09 13:22:07.25+00:00,0,47.05141195,8.31270250,18.000,7.250,-0.765,-0.017,5.000,True
2026-09-09 13:22:07.30+00:00,0,47.05141039,8.31270488,18.000,7.300,-0.766,-0.017,5.000,True
2026-09-09 13:22:07.35+00:00,0,47.05140884,8.31270726,18.000,7.350,-0.767,-0.017,5.000,True
2026-09-09 13:22:07.40+00:00,0,47.05140728,8.31270963,18.000,7.400,-0.768,-0.017,5.000,True
2026-09-09 13:22:07.45+00:00,0,47.05140571,8.31271200,18.000,7.450,-0.769,-0.017,5.000,True
2026-09-09 13:22:07.50+00:00,0,47.05140415,8.31271438,18.000,7.500,-0.770,-0.017,5.000,True
2026-09-09 13:22:07.55+00:00,0,47.05140259,8.31271675,18.000,7.550,-0.771,-0.017,5.000,True
2026-09-09 13:22:07.60+00:00,0,47.05140102,8.31271911,18.000,7.600,-0.771,-0.017,5.000,True
2026-09-09 13:22:07.65+00:00,0,47.05139945,8.31272148,18.000,7.650,-0.772,-0.017,5.000,True
2026-09-09 13:22:07.70+00:00,0,47.05139788,8.31272384,18.000,7.700,-0.773,-0.017,5.000,True
2026-09-09 13:22:07.75+00:00,0,47.05139631,8.31272620,18.000,7.750,-0.774,-0.017,5.000,True
2026-09-09 13:22:07.80+00:00,0,47.05139474,8.31272856,18.000,7.800,-0.775,-0.017,5.000,True
2026-09-09 13:22:07.85+00:00,0,47.05139317,8.31273092,18.000,7.850,-0.776,-0.017,5.000,True
2026-09-09 13:22:07.90+00:00,0,47.05139159,8.31273328,18.000,7.900,-0.777,-0.017,5.000,True
2026-09-09 13:22:07.95+00:00,0,47.05139002,8.31273563,18.000,7.950,-0.778,-0.017,5.000,True
2026-09-09 13:22:08.00+00:00,0,47.05138844,8.31273798,18.000,8.000,-0.778,-0.017,5.000,True
2026-09-09 13:22:08.05+00:00,0,47.05138686,8.31274033,18.000,8.050,-0.779,-0.017,5.000,True
2026-09-09 13:22:08.10+00:00,0,47.05138528,8.31274268,18.000,8.100,-0.780,-0.017,5.000,True
2026-09-09 13:22:08.15+00:00,0,47.05138370,8.31274502,18.000,8.150,-0.781,-0.017,5.000,True
2026-09-09 13:22:08.20+00:00,0,47.05138212,8.31274737,18.000,8.200,-0.782,-0.017,5.000,True
2026-09-09 13:22:08.25+00:00,0,47.05138053,8.31274971,18.000,8.250,-0.783,-0.017,5.000,True
2026-09-09 13:22:08.30+00:00,0,47.05137895,8.31275205,18.000,8.300,-0.784,-0.017,5.000,True
2026-09-09 13:22:08.35+00:00,0,47.05137736,8.31275439,18.000,8.350,-0.785,-0.017,5.000,True
2026-09-09 13:22:08.40+00:00,0,47.05137577,8.31275672,18.000,8.400,-0.785,-0.017,5.000,True
2026-09-09 13:22:08.45+00:00,0,47.05137418,8.31275906,18.000,8.450,-0.786,-0.017,5.000,True
2026-09-09 13:22:08.50+00:00,0,47.05137259,8.31276139,18.000,8.500,-0.787,-0.017,5.000,True
2026-09-09 13:22:08.55+00:00,0,47.05137100,8.31276372,18.000,8.550,-0.788,-0.017,5.000,True
2026-09-09 13:22:08.60+00:00,0,47.05136941,8.31276604,18.000,8.600,-0.789,-0.017,5.000,True
2026-09-09 13:22:08.65+00:00,0,47.05136781,8.31276837,18.000,8.650,-0.790,-0.017,5.000,True
2026-09-09 13:22:08.70+00:00,0,47.05136621,8.31277069,18.000,8.700,-0.791,-0.017,5.000,True
2026-09-09 13:22:08.75+00:00,0,47.05136462,8.31277301,18.000,8.750,-0.792,-0.017,5.000,True
2026-09-09 13:22:08.80+00:00,0,47.05136302,8.31277533,18.000,8.800,-0.792,-0.017,5.000,True
2026-09-09 13:22:08.85+00:00,0,47.05136141,8.31277765,18.000,8.850,-0.793,-0.017,5.000,True
2026-09-09 13:22:08.90+00:00,0,47.05135981,8.31277996,18.000,8.900,-0.794,-0.017,5.000,True
2026-09-09 13:22:08.95+00:00,0,47.05135821,8.31278228,18.000,8.950,-0.795,-0.017,5.000,True
2026-09-09 13:22:09.00+00:00,0,47.05135660,8.31278459,18.000,9.000,-0.796,-0.017,5.000,True
2026-09-09 13:22:09.05+00:00,0,47.05135500,8.31278690,18.000,9.050,-0.797,-0.017,5.000,True
2026-09-09 13:22:09.10+00:00,0,47.05135339,8.31278920,18.000,9.100,-0.798,-0.017,5.000,True
2026-09-09 13:22:09.15+00:00,0,47.05135178,8.31279151,18.000,9.150,-0.798,-0.017,5.000,True
2026-09-09 13:22:09.20+00:00,0,47.05135017,8.31279381,18.000,9.200,-0.799,-0.017,5.000,True
2026-09-09 13:22:09.25+00:00,0,47.05134856,8.31279611,18.000,9.250,-0.800,-0.017,5.000,True
2026-09-09 13:22:09.30+00:00,0,47.05134695,8.31279841,18.000,9.300,-0.801,-0.017,5.000,True
2026-09-09 13:22:09.35+00:00,0,47.05134533,8.31280070,18.000,9.350,-0.802,-0.017,5.000,True
2026-09-09 13:22:09.40+00:00,0,47.05134371,8.31280300,18.000,9.400,-0.803,-0.017,5.000,True
2026-09-09 13:22:09.45+00:00,0,47.05134210,8.31280529,18.000,9.450,-0.804,-0.017,5.000,True
2026-09-09 13:22:09.50+00:00,0,47.05134048,8.31280758,18.000,9.500,-0.805,-0.017,5.000,True
2026-09-09 13:22:09.55+00:00,0,47.05133886,8.31280987,18.000,9.550,-0.805,-0.017,5.000,True
2026-09-09 13:22:09.60+00:00,0,47.05133724,8.31281216,18.000,9.600,-0.806,-0.017,5.000,True
2026-09-09 13:22:09.65+00:00,0,47.05133561,8.31281444,18.000,9.650,-0.807,-0.017,5.000,True
2026-09-09 13:22:09.70+00:00,0,47.05133399,8.31281672,18.000,9.700,-0.808,-0.017,5.000,True
2026-09-09 13:22:09.75+00:00,0,47.05133237,8.31281900,18.000,9.750,-0.809,-0.017,5.000,True
2026-09-09 13:22:09.80+00:00,0,47.05133074,8.31282128,18.000,9.800,-0.810,-0.017,5.000,True
2026-09-09 13:22:09.85+00:00,0,47.05132911,8.31282355,18.000,9.850,-0.811,-0.017,5.000,True
2026-09-09 13:22:09.90+00:00,0,47.05132748,8.31282583,18.000,9.900,-0.812,-0.017,5.000,True
2026-09-09 13:22:09.95+00:00,0,47.05132585,8.31282810,18.000,9.950,-0.812,-0.017,5.000,True
2026-09-09 13:22:10.00+00:00,0,47.05132422,8.31283037,18.000,10.000,-0.813,-0.017,5.000,True
2026-09-09 13:22:10.05+00:00,0,47.05132258,8.31283264,18.000,10.050,-0.814,0.000,5.000,True
2026-09-09 13:22:10.10+00:00,0,47.05132095,8.31283490,18.000,10.100,-0.814,0.000,5.000,True
2026-09-09 13:22:10.15+00:00,0,47.05131931,8.31283717,18.000,10.150,-0.814,0.000,5.000,True
2026-09-09 13:22:10.20+00:00,0,47.05131768,8.31283943,18.000,10.200,-0.814,0.017,5.000,True
2026-09-09 13:22:10.25+00:00,0,47.05131604,8.31284170,18.000,10.250,-0.813,0.052,5.000,True
2026-09-09 13:22:10.30+00:00,0,47.05131441,8.31284396,18.000,10.300,-0.811,0.087,5.000,True
2026-09-09 13:22:10.35+00:00,0,47.05131278,8.31284624,18.000,10.350,-0.806,0.122,5.000,True
2026-09-09 13:22:10.40+00:00,0,47.05131116,8.31284852,18.000,10.400,-0.800,0.140,5.000,True
2026-09-09 13:22:10.45+00:00,0,47.05130955,8.31285082,18.000,10.450,-0.793,0.157,5.000,True
2026-09-09 13:22:10.50+00:00,0,47.05130794,8.31285313,18.000,10.500,-0.785,0.192,5.000,True
2026-09-09 13:22:10.55+00:00,0,47.05130635,8.31285547,18.000,10.550,-0.776,0.192,5.000,True
2026-09-09 13:22:10.60+00:00,0,47.05130478,8.31285782,18.000,10.600,-0.766,0.192,5.000,True
2026-09-09 13:22:10.65+00:00,0,47.05130322,8.31286020,18.000,10.650,-0.757,0.192,5.000,True
2026-09-09 13:22:10.70+00:00,0,47.05130168,8.31286260,18.000,10.700,-0.747,0.192,5.000,True
2026-09-09 13:22:10.75+00:00,0,47.05130015,8.31286502,18.000,10.750,-0.737,0.192,5.000,True
2026-09-09 13:22:10.80+00:00,0,47.05129864,8.31286746,18.000,10.800,-0.728,0.192,5.000,True
2026-09-09 13:22:10.85+00:00,0,47.05129714,8.31286993,18.000,10.850,-0.718,0.192,5.000,True
2026-09-09 13:22:10.90+00:00,0,47.05129566,8.31287241,18.000,10.900,-0.709,0.192,5.000,True
2026-09-09 13:22:10.95+00:00,0,47.05129420,8.31287492,18.000,10.950,-0.699,0.192,5.000,True
2026-09-09 13:22:11.00+00:00,0,47.05129275,8.31287744,18.000,11.000,-0.689,0.192,5.000,True
2026-09-09 13:22:11.05+00:00,0,47.05129132,8.31287999,18.000,11.050,-0.680,0.192,5.000,True
2026-09-09 13:22:11.10+00:00,0,47.05128991,8.31288256,18.000,11.100,-0.670,0.192,5.000,True
2026-09-09 13:22:11.15+00:00,0,47.05128851,8.31288514,18.000,11.150,-0.661,0.192,5.000,True
2026-09-09 13:22:11.20+00:00,0,47.05128713,8.31288775,18.000,11.200,-0.651,0.192,5.000,True
2026-09-09 13:22:11.25+00:00,0,47.05128577,8.31289037,18.000,11.250,-0.641,0.192,5.000,True
2026-09-09 13:22:11.30+00:00,0,47.05128443,8.31289302,18.000,11.300,-0.632,0.192,5.000,True
2026-09-09 13:22:11.35+00:00,0,47.05128310,8.31289568,18.000,11.350,-0.622,0.192,5.000,True
2026-09-09 13:22:11.40+00:00,0,47.05128179,8.31289836,18.000,11.400,-0.613,0.192,5.000,True
2026-09-09 13:22:11.45+00:00,0,47.05128049,8.31290106,18.000,11.450,-0.603,0.192,5.000,True
2026-09-09 13:22:11.50+00:00,0,47.05127922,8.31290378,18.000,11.500,-0.593,0.192,5.000,True
2026-09-09 13:22:11.55+00:00,0,47.05127796,8.31290651,18.000,11.550,-0.584,0.192,5.000,True
2026-09-09 13:22:11.60+00:00,0,47.05127672,8.31290927,18.000,11.600,-0.574,0.192,5.000,True
2026-09-09 13:22:11.65+00:00,0,47.05127550,8.31291204,18.000,11.650,-0.565,0.192,5.000,True
2026-09-09 13:22:11.70+00:00,0,47.05127430,8.31291483,18.000,11.700,-0.555,0.192,5.000,True
2026-09-09 13:22:11.75+00:00,0,47.05127311,8.31291763,18.000,11.750,-0.545,0.192,5.000,True
2026-09-09 13:22:11.80+00:00,0,47.05127195,8.31292045,18.000,11.800,-0.536,0.192,5.000,True
2026-09-09 13:22:11.85+00:00,0,47.05127080,8.31292329,18.000,11.850,-0.526,0.192,5.000,True
2026-09-09 13:22:11.90+00:00,0,47.05126967,8.31292614,18.000,11.900,-0.517,0.192,5.000,True
2026-09-09 13:22:11.95+00:00,0,47.05126856,8.31292901,18.000,11.950,-0.507,0.192,5.000,True
2026-09-09 13:22:12.00+00:00,0,47.05126747,8.31293190,18.000,12.000,-0.497,0.192,5.000,True
2026-09-09 13:22:12.05+00:00,0,47.05126640,8.31293480,18.000,12.050,-0.488,0.192,5.000,True
2026-09-09 13:22:12.10+00:00,0,47.05126534,8.31293771,18.000,12.100,-0.478,0.192,5.000,True
2026-09-09 13:22:12.15+00:00,0,47.05126431,8.31294064,18.000,12.150,-0.469,0.192,5.000,True
2026-09-09 13:22:12.20+00:00,0,47.05126329,8.31294359,18.000,12.200,-0.459,0.192,5.000,True
2026-09-09 13:22:12.25+00:00,0,47.05126230,8.31294654,18.000,12.250,-0.449,0.192,5.000,True
2026-09-09 13:22:12.30+00:00,0,47.05126132,8.31294952,18.000,12.300,-0.440,0.192,5.000,True
2026-09-09 13:22:12.35+00:00,0,47.05126036,8.31295250,18.000,12.350,-0.430,0.192,5.000,True
2026-09-09 13:22:12.40+00:00,0,47.05125942,8.31295550,18.000,12.400,-0.421,0.192,5.000,True
2026-09-09 13:22:12.45+00:00,0,47.05125851,8.31295851,18.000,12.450,-0.411,0.192,5.000,True
2026-09-09 13:22:12.50+00:00,0,47.05125761,8.31296154,18.000,12.500,-0.401,0.192,5.000,True
2026-09-09 13:22:12.55+00:00,0,47.05125673,8.31296457,18.000,12.550,-0.392,0.192,5.000,True
2026-09-09 13:22:12.60+00:00,0,47.05125587,8.31296762,18.000,12.600,-0.382,0.192,5.000,True
2026-09-09 13:22:12.65+00:00,0,47.05125503,8.31297069,18.000,12.650,-0.373,0.192,5.000,True
2026-09-09 13:22:12.70+00:00,0,47.05125421,8.31297376,18.000,12.700,-0.363,0.192,5.000,True
2026-09-09 13:22:12.75+00:00,0,47.05125341,8.31297684,18.000,12.750,-0.353,0.192,5.000,True
2026-09-09 13:22:12.80+00:00,0,47.05125264,8.31297994,18.000,12.800,-0.344,0.192,5.000,True
2026-09-09 13:22:12.85+00:00,0,47.05125188,8.31298305,18.000,12.850,-0.334,0.192,5.000,True
2026-09-09 13:22:12.90+00:00,0,47.05125114,8.31298616,18.000,12.900,-0.325,0.192,5.000,True
2026-09-09 13:22:12.95+00:00,0,47.05125042,8.31298929,18.000,12.950,-0.315,0.192,5.000,True
2026-09-09 13:22:13.00+00:00,0,47.05124973,8.31299243,18.000,13.000,-0.305,0.192,5.000,True
2026-09-09 13:22:13.05+00:00,0,47.05124905,8.31299558,18.000,13.050,-0.296,0.192,5.000,True
2026-09-09 13:22:13.10+00:00,0,47.05124840,8.31299873,18.000,13.100,-0.286,0.192,5.000,True
2026-09-09 13:22:13.15+00:00,0,47.05124776,8.31300190,18.000,13.150,-0.277,0.192,5.000,True
2026-09-09 13:22:13.20+00:00,0,47.05124715,8.31300507,18.000,13.200,-0.267,0.192,5.000,True
2026-09-09 13:22:13.25+00:00,0,47.05124655,8.31300826,18.000,13.250,-0.257,0.192,5.000,True
2026-09-09 13:22:13.30+00:00,0,47.05124598,8.31301145,18.000,13.300,-0.248,0.192,5.000,True
2026-09-09 13:22:13.35+00:00,0,47.05124543,8.31301465,18.000,13.350,-0.238,0.192,5.000,True
2026-09-09 13:22:13.40+00:00,0,47.05124490,8.31301785,18.000,13.400,-0.229,0.192,5.000,True
2026-09-09 13:22:13.45+00:00,0,47.05124439,8.31302107,18.000,13.450,-0.219,0.192,5.000,True
2026-09-09 13:22:13.50+00:00,0,47.05124390,8.31302429,18.000,13.500,-0.209,0.192,5.000,True
2026-09-09 13:22:13.55+00:00,0,47.05124343,8.31302751,18.000,13.550,-0.200,0.192,5.000,True
2026-09-09 13:22:13.60+00:00,0,47.05124299,8.31303075,18.000,13.600,-0.190,0.192,5.000,True
2026-09-09 13:22:13.65+00:00,0,47.05124256,8.31303399,18.000,13.650,-0.181,0.192,5.000,True
2026-09-09 13:22:13.70+00:00,0,47.05124216,8.31303724,18.000,13.700,-0.171,0.192,5.000,True
2026-09-09 13:22:13.75+00:00,0,47.05124178,8.31304049,18.000,13.750,-0.161,0.192,5.000,True
2026-09-09 13:22:13.80+00:00,0,47.05124141,8.31304374,18.000,13.800,-0.152,0.192,5.000,True
2026-09-09 13:22:13.85+00:00,0,47.05124107,8.31304701,18.000,13.850,-0.142,0.192,5.000,True
2026-09-09 13:22:13.90+00:00,0,47.05124076,8.31305027,18.000,13.900,-0.133,0.192,5.000,True
2026-09-09 13:22:13.95+00:00,0,47.05124046,8.31305354,18.000,13.950,-0.123,0.192,5.000,True
2026-09-09 13:22:14.00+00:00,0,47.05124018,8.31305682,18.000,14.000,-0.113,0.192,5.000,True
2026-09-09 13:22:14.05+00:00,0,47.05123993,8.31306010,18.000,14.050,-0.104,0.192,5.000,True
2026-09-09 13:22:14.10+00:00,0,47.05123969,8.31306338,18.000,14.100,-0.094,0.192,5.000,True
2026-09-09 13:22:14.15+00:00,0,47.05123948,8.31306666,18.000,14.150,-0.085,0.192,5.000,True
2026-09-09 13:22:14.20+00:00,0,47.05123929,8.31306995,18.000,14.200,-0.075,0.192,5.000,True
2026-09-09 13:22:14.25+00:00,0,47.05123912,8.31307324,18.000,14.250,-0.065,0.192,5.000,True
2026-09-09 13:22:14.30+00:00,0,47.05123898,8.31307653,18.000,14.300,-0.056,0.192,5.000,True
2026-09-09 13:22:14.35+00:00,0,47.05123885,8.31307983,18.000,14.350,-0.046,0.192,5.000,True
2026-09-09 13:22:14.40+00:00,0,47.05123875,8.31308313,18.000,14.400,-0.037,0.192,5.000,True
2026-09-09 13:22:14.45+00:00,0,47.05123867,8.31308642,18.000,14.450,-0.027,0.192,5.000,True
2026-09-09 13:22:14.50+00:00,0,47.05123860,8.31308972,18.000,14.500,-0.017,0.192,5.000,True
2026-09-09 13:22:14.55+00:00,0,47.05123857,8.31309302,18.000,14.550,-0.008,0.192,5.000,True
2026-09-09 13:22:14.60+00:00,0,47.05123855,8.31309632,18.000,14.600,0.002,0.192,5.000,True
2026-09-09 13:22:14.65+00:00,0,47.05123855,8.31309962,18.000,14.650,0.011,0.192,5.000,True
2026-09-09 13:22:14.70+00:00,0,47.05123858,8.31310292,18.000,14.700,0.021,0.192,5.000,True
2026-09-09 13:22:14.75+00:00,0,47.05123862,8.31310622,18.000,14.750,0.031,0.192,5.000,True
2026-09-09 13:22:14.80+00:00,0,47.05123869,8.31310952,18.000,14.800,0.040,0.192,5.000,True
2026-09-09 13:22:14.85+00:00,0,47.05123878,8.31311281,18.000,14.850,0.050,0.192,5.000,True
2026-09-09 13:22:14.90+00:00,0,47.05123889,8.31311611,18.000,14.900,0.059,0.175,5.000,True
2026-09-09 13:22:14.95+00:00,0,47.05123903,8.31311940,18.000,14.950,0.068,0.175,5.000,True
2026-09-09 13:22:15.00+00:00,0,47.05123918,8.31312270,18.000,15.000,0.077,0.175,5.000,True
2026-09-09 13:22:15.05+00:00,0,47.05123935,8.31312599,18.000,15.050,0.086,0.175,5.000,True
2026-09-09 13:22:15.10+00:00,0,47.05123955,8.31312927,18.000,15.100,0.094,0.140,5.000,True
2026-09-09 13:22:15.15+00:00,0,47.05123976,8.31313256,18.000,15.150,0.101,0.105,5.000,True
2026-09-09 13:22:15.20+00:00,0,47.05123998,8.31313584,18.000,15.200,0.106,0.070,5.000,True
2026-09-09 13:22:15.25+00:00,0,47.05124022,8.31313912,18.000,15.250,0.110,0.052,5.000,True
2026-09-09 13:22:15.30+00:00,0,47.05124047,8.31314240,18.000,15.300,0.113,0.035,5.000,True
2026-09-09 13:22:15.35+00:00,0,47.05124072,8.31314568,18.000,15.350,0.114,0.000,5.000,True
2026-09-09 13:22:15.40+00:00,0,47.05124098,8.31314896,18.000,15.400,0.114,-0.035,5.000,True
2026-09-09 13:22:15.45+00:00,0,47.05124124,8.31315224,18.000,15.450,0.113,-0.070,5.000,True
2026-09-09 13:22:15.50+00:00,0,47.05124149,8.31315552,18.000,15.500,0.109,-0.070,5.000,True
2026-09-09 13:22:15.55+00:00,0,47.05124173,8.31315880,18.000,15.550,0.106,-0.070,5.000,True
2026-09-09 13:22:15.60+00:00,0,47.05124197,8.31316208,18.000,15.600,0.102,-0.070,5.000,True
2026-09-09 13:22:15.65+00:00,0,47.05124220,8.31316536,18.000,15.650,0.099,-0.070,5.000,True
2026-09-09 13:22:15.70+00:00,0,47.05124242,8.31316865,18.000,15.700,0.095,-0.070,5.000,True
2026-09-09 13:22:15.75+00:00,0,47.05124263,8.31317193,18.000,15.750,0.092,-0.070,5.000,True
2026-09-09 13:22:15.80+00:00,0,47.05124284,8.31317522,18.000,15.800,0.088,-0.070,5.000,True
2026-09-09 13:22:15.85+00:00,0,47.05124304,8.31317850,18.000,15.850,0.085,-0.070,5.000,True
2026-09-09 13:22:15.90+00:00,0,47.05124323,8.31318179,18.000,15.900,0.081,-0.070,5.000,True
2026-09-09 13:22:15.95+00:00,0,47.05124341,8.31318508,18.000,15.950,0.078,-0.070,5.000,True
2026-09-09 13:22:16.00+00:00,0,47.05124358,8.31318837,18.000,16.000,0.074,-0.070,5.000,True
2026-09-09 13:22:16.05+00:00,0,47.05124375,8.31319166,18.000,16.050,0.071,-0.070,5.000,True
2026-09-09 13:22:16.10+00:00,0,47.05124391,8.31319495,18.000,16.100,0.067,-0.070,5.000,True
2026-09-09 13:22:16.15+00:00,0,47.05124406,8.31319825,18.000,16.150,0.064,-0.070,5.000,True
2026-09-09 13:22:16.20+00:00,0,47.05124420,8.31320154,18.000,16.200,0.060,-0.070,5.000,True
2026-09-09 13:22:16.25+00:00,0,47.05124434,8.31320483,18.000,16.250,0.057,-0.070,5.000,True
2026-09-09 13:22:16.30+00:00,0,47.05124447,8.31320813,18.000,16.300,0.053,-0.070,5.000,True
2026-09-09 13:22:16.35+00:00,0,47.05124459,8.31321142,18.000,16.350,0.050,-0.070,5.000,True
2026-09-09 13:22:16.40+00:00,0,47.05124470,8.31321472,18.000,16.400,0.046,-0.070,5.000,True
2026-09-09 13:22:16.45+00:00,0,47.05124480,8.31321801,18.000,16.450,0.043,-0.070,5.000,True
2026-09-09 13:22:16.50+00:00,0,47.05124490,8.31322131,18.000,16.500,0.039,-0.070,5.000,True
2026-09-09 13:22:16.55+00:00,0,47.05124499,8.31322461,18.000,16.550,0.036,-0.070,5.000,True
2026-09-09 13:22:16.60+00:00,0,47.05124507,8.31322791,18.000,16.600,0.032,-0.070,5.000,True
2026-09-09 13:22:16.65+00:00,0,47.05124514,8.31323120,18.000,16.650,0.029,-0.070,5.000,True
2026-09-09 13:22:16.70+00:00,0,47.05124520,8.31323450,18.000,16.700,0.025,-0.070,5.000,True
2026-09-09 13:22:16.75+00:00,0,47.05124526,8.31323780,18.000,16.750,0.022,-0.070,5.000,True
2026-09-09 13:22:16.80+00:00,0,47.05124531,8.31324110,18.000,16.800,0.018,-0.070,5.000,True
2026-09-09 13:22:16.85+00:00,0,47.05124535,8.31324440,18.000,16.850,0.015,-0.070,5.000,True
2026-09-09 13:22:16.90+00:00,0,47.05124538,8.31324770,18.000,16.900,0.011,-0.070,5.000,True
2026-09-09 13:22:16.95+00:00,0,47.05124541,8.31325100,18.000,16.950,0.008,-0.070,5.000,True
2026-09-09 13:22:17.00+00:00,0,47.05124543,8.31325430,18.000,17.000,0.004,-0.070,5.000,True
2026-09-09 13:22:17.05+00:00,0,47.05124544,8.31325760,18.000,17.050,0.001,-0.070,5.000,True
2026-09-09 13:22:17.10+00:00,0,47.05124544,8.31326090,18.000,17.100,-0.003,-0.070,5.000,True
2026-09-09 13:22:17.15+00:00,0,47.05124543,8.31326420,18.000,17.150,-0.006,-0.070,5.000,True
2026-09-09 13:22:17.20+00:00,0,47.05124542,8.31326750,18.000,17.200,-0.010,-0.070,5.000,True
2026-09-09 13:22:17.25+00:00,0,47.05124540,8.31327080,18.000,17.250,-0.013,-0.070,5.000,True
2026-09-09 13:22:17.30+00:00,0,47.05124537,8.31327410,18.000,17.300,-0.017,-0.070,5.000,True
2026-09-09 13:22:17.35+00:00,0,47.05124533,8.31327740,18.000,17.350,-0.020,-0.070,5.000,True
2026-09-09 13:22:17.40+00:00,0,47.05124529,8.31328069,18.000,17.400,-0.024,-0.070,5.000,True
2026-09-09 13:22:17.45+00:00,0,47.05124523,8.31328399,18.000,17.450,-0.027,-0.087,5.000,True
2026-09-09 13:22:17.50+00:00,0,47.05124517,8.31328729,18.000,17.500,-0.031,-0.087,5.000,True
2026-09-09 13:22:17.55+00:00,0,47.05124510,8.31329059,18.000,17.550,-0.036,-0.087,5.000,True
2026-09-09 13:22:17.60+00:00,0,47.05124502,8.31329389,18.000,17.600,-0.040,-0.087,5.000,True
2026-09-09 13:22:17.65+00:00,0,47.05124493,8.31329719,18.000,17.650,-0.045,-0.122,5.000,True
2026-09-09 13:22:17.70+00:00,0,47.05124483,8.31330048,18.000,17.700,-0.051,-0.157,5.000,True
2026-09-09 13:22:17.75+00:00,0,47.05124472,8.31330378,18.000,17.750,-0.058,-0.192,5.000,True
2026-09-09 13:22:17.80+00:00,0,47.05124459,8.31330707,18.000,17.800,-0.068,-0.227,5.000,True
2026-09-09 13:22:17.85+00:00,0,47.05124443,8.31331036,18.000,17.850,-0.079,-0.227,5.000,True
2026-09-09 13:22:17.90+00:00,0,47.05124425,8.31331365,18.000,17.900,-0.091,-0.227,5.000,True
2026-09-09 13:22:17.95+00:00,0,47.05124405,8.31331694,18.000,17.950,-0.102,-0.227,5.000,True
2026-09-09 13:22:18.00+00:00,0,47.05124382,8.31332022,18.000,18.000,-0.113,-0.227,5.000,True
2026-09-09 13:22:18.05+00:00,0,47.05124357,8.31332350,18.000,18.050,-0.125,-0.227,5.000,True
2026-09-09 13:22:18.10+00:00,0,47.05124329,8.31332677,18.000,18.100,-0.136,-0.227,5.000,True
2026-09-09 13:22:18.15+00:00,0,47.05124298,8.31333004,18.000,18.150,-0.147,-0.227,5.000,True
2026-09-09 13:22:18.20+00:00,0,47.05124265,8.31333331,18.000,18.200,-0.159,-0.227,5.000,True
2026-09-09 13:22:18.25+00:00,0,47.05124230,8.31333657,18.000,18.250,-0.170,-0.227,5.000,True
2026-09-09 13:22:18.30+00:00,0,47.05124192,8.31333982,18.000,18.300,-0.182,-0.227,5.000,True
2026-09-09 13:22:18.35+00:00,0,47.05124151,8.31334306,18.000,18.350,-0.193,-0.227,5.000,True
2026-09-09 13:22:18.40+00:00,0,47.05124108,8.31334630,18.000,18.400,-0.204,-0.227,5.000,True
2026-09-09 13:22:18.45+00:00,0,47.05124062,8.31334953,18.000,18.450,-0.216,-0.227,5.000,True
2026-09-09 13:22:18.50+00:00,0,47.05124014,8.31335276,18.000,18.500,-0.227,-0.227,5.000,True
2026-09-09 13:22:18.55+00:00,0,47.05123964,8.31335597,18.000,18.550,-0.238,-0.227,5.000,True
2026-09-09 13:22:18.60+00:00,0,47.05123911,8.31335918,18.000,18.600,-0.250,-0.227,5.000,True
2026-09-09 13:22:18.65+00:00,0,47.05123855,8.31336238,18.000,18.650,-0.261,-0.227,5.000,True
2026-09-09 13:22:18.70+00:00,0,47.05123797,8.31336557,18.000,18.700,-0.272,-0.227,5.000,True
2026-09-09 13:22:18.75+00:00,0,47.05123737,8.31336874,18.000,18.750,-0.284,-0.227,5.000,True
2026-09-09 13:22:18.80+00:00,0,47.05123674,8.31337191,18.000,18.800,-0.295,-0.227,5.000,True
2026-09-09 13:22:18.85+00:00,0,47.05123608,8.31337507,18.000,18.850,-0.306,-0.227,5.000,True
2026-09-09 13:22:18.90+00:00,0,47.05123541,8.31337821,18.000,18.900,-0.318,-0.227,5.000,True
2026-09-09 13:22:18.95+00:00,0,47.05123470,8.31338135,18.000,18.950,-0.329,-0.227,5.000,True
2026-09-09 13:22:19.00+00:00,0,47.05123398,8.31338447,18.000,19.000,-0.340,-0.227,5.000,True
2026-09-09 13:22:19.05+00:00,0,47.05123323,8.31338758,18.000,19.050,-0.352,-0.227,5.000,True
2026-09-09 13:22:19.10+00:00,0,47.05123245,8.31339068,18.000,19.100,-0.363,-0.227,5.000,True
2026-09-09 13:22:19.15+00:00,0,47.05123165,8.31339377,18.000,19.150,-0.374,-0.227,5.000,True
2026-09-09 13:22:19.20+00:00,0,47.05123083,8.31339684,18.000,19.200,-0.386,-0.227,5.000,True
2026-09-09 13:22:19.25+00:00,0,47.05122999,8.31339989,18.000,19.250,-0.397,-0.227,5.000,True
2026-09-09 13:22:19.30+00:00,0,47.05122912,8.31340294,18.000,19.300,-0.408,-0.227,5.000,True
2026-09-09 13:22:19.35+00:00,0,47.05122822,8.31340597,18.000,19.350,-0.420,-0.227,5.000,True
2026-09-09 13:22:19.40+00:00,0,47.05122731,8.31340898,18.000,19.400,-0.431,-0.227,5.000,True
2026-09-09 13:22:19.45+00:00,0,47.05122637,8.31341198,18.000,19.450,-0.442,-0.227,5.000,True
2026-09-09 13:22:19.50+00:00,0,47.05122540,8.31341496,18.000,19.500,-0.454,-0.227,5.000,True
2026-09-09 13:22:19.55+00:00,0,47.05122442,8.31341792,18.000,19.550,-0.465,-0.227,5.000,True
2026-09-09 13:22:19.60+00:00,0,47.05122341,8.31342087,18.000,19.600,-0.476,-0.227,5.000,True
2026-09-09 13:22:19.65+00:00,0,47.05122238,8.31342381,18.000,19.650,-0.488,-0.227,5.000,True
2026-09-09 13:22:19.70+00:00,0,47.05122133,8.31342672,18.000,19.700,-0.499,-0.227,5.000,True
2026-09-09 13:22:19.75+00:00,0,47.05122025,8.31342962,18.000,19.750,-0.511,-0.227,5.000,True
2026-09-09 13:22:19.80+00:00,0,47.05121915,8.31343250,18.000,19.800,-0.522,-0.227,5.000,True
2026-09-09 13:22:19.85+00:00,0,47.05121803,8.31343536,18.000,19.850,-0.533,-0.227,5.000,True
2026-09-09 13:22:19.90+00:00,0,47.05121689,8.31343820,18.000,19.900,-0.545,-0.227,5.000,True
2026-09-09 13:22:19.95+00:00,0,47.05121572,8.31344102,18.000,19.950,-0.556,-0.227,5.000,True
2026-09-09 13:22:20.00+00:00,0,47.05121454,8.31344383,18.000,20.000,-0.567,-0.227,5.000,True
2026-09-09 13:22:20.05+00:00,0,47.05121333,8.31344661,18.000,20.050,-0.579,-0.227,5.000,True
2026-09-09 13:22:20.10+00:00,0,47.05121210,8.31344937,18.000,20.100,-0.590,-0.227,5.000,True
2026-09-09 13:22:20.15+00:00,0,47.05121085,8.31345211,18.000,20.150,-0.601,-0.227,5.000,True
2026-09-09 13:22:20.20+00:00,0,47.05120958,8.31345483,18.000,20.200,-0.613,-0.227,5.000,True
2026-09-09 13:22:20.25+00:00,0,47.05120828,8.31345753,18.000,20.250,-0.624,-0.227,5.000,True
2026-09-09 13:22:20.30+00:00,0,47.05120697,8.31346021,18.000,20.300,-0.635,-0.227,5.000,True
2026-09-09 13:22:20.35+00:00,0,47.05120564,8.31346287,18.000,20.350,-0.647,-0.227,5.000,True
2026-09-09 13:22:20.40+00:00,0,47.05120428,8.31346550,18.000,20.400,-0.658,-0.227,5.000,True
2026-09-09 13:22:20.45+00:00,0,47.05120291,8.31346811,18.000,20.450,-0.669,-0.227,5.000,True
2026-09-09 13:22:20.50+00:00,0,47.05120151,8.31347070,18.000,20.500,-0.681,-0.227,5.000,True
2026-09-09 13:22:20.55+00:00,0,47.05120010,8.31347326,18.000,20.550,-0.692,-0.227,5.000,True
2026-09-09 13:22:20.60+00:00,0,47.05119866,8.31347581,18.000,20.600,-0.703,-0.227,5.000,True
2026-09-09 13:22:20.65+00:00,0,47.05119721,8.31347832,18.000,20.650,-0.715,-0.227,5.000,True
2026-09-09 13:22:20.70+00:00,0,47.05119573,8.31348081,18.000,20.700,-0.726,-0.227,5.000,True
2026-09-09 13:22:20.75+00:00,0,47.05119424,8.31348328,18.000,20.750,-0.737,-0.227,5.000,True
2026-09-09 13:22:20.80+00:00,0,47.05119273,8.31348572,18.000,20.800,-0.749,-0.227,5.000,True
2026-09-09 13:22:20.85+00:00,0,47.05119120,8.31348814,18.000,20.850,-0.760,-0.227,5.000,True
2026-09-09 13:22:20.90+00:00,0,47.05118965,8.31349053,18.000,20.900,-0.771,-0.227,5.000,True
2026-09-09 13:22:20.95+00:00,0,47.05118808,8.31349290,18.000,20.950,-0.783,-0.227,5.000,True
2026-09-09 13:22:21.00+00:00,0,47.05118650,8.31349524,18.000,21.000,-0.794,-0.227,5.000,True
2026-09-09 13:22:21.05+00:00,0,47.05118489,8.31349755,18.000,21.050,-0.805,-0.227,5.000,True
2026-09-09 13:22:21.10+00:00,0,47.05118327,8.31349984,18.000,21.100,-0.817,-0.227,5.000,True
2026-09-09 13:22:21.15+00:00,0,47.05118163,8.31350210,18.000,21.150,-0.828,-0.227,5.000,True
2026-09-09 13:22:21.20+00:00,0,47.05117998,8.31350433,18.000,21.200,-0.840,-0.227,5.000,True
2026-09-09 13:22:21.25+00:00,0,47.05117830,8.31350653,18.000,21.250,-0.851,-0.227,5.000,True
2026-09-09 13:22:21.30+00:00,0,47.05117661,8.31350871,18.000,21.300,-0.862,-0.227,5.000,True
2026-09-09 13:22:21.35+00:00,0,47.05117491,8.31351085,18.000,21.350,-0.874,-0.227,5.000,True
2026-09-09 13:22:21.40+00:00,0,47.05117318,8.31351297,18.000,21.400,-0.885,-0.227,5.000,True
2026-09-09 13:22:21.45+00:00,0,47.05117144,8.31351506,18.000,21.450,-0.896,-0.227,5.000,True
2026-09-09 13:22:21.50+00:00,0,47.05116969,8.31351712,18.000,21.500,-0.908,-0.227,5.000,True
2026-09-09 13:22:21.55+00:00,0,47.05116791,8.31351916,18.000,21.550,-0.919,-0.227,5.000,True
2026-09-09 13:22:21.60+00:00,0,47.05116613,8.31352116,18.000,21.600,-0.930,-0.227,5.000,True
2026-09-09 13:22:21.65+00:00,0,47.05116432,8.31352313,18.000,21.650,-0.942,-0.227,5.000,True
2026-09-09 13:22:21.70+00:00,0,47.05116251,8.31352507,18.000,21.700,-0.953,-0.227,5.000,True
2026-09-09 13:22:21.75+00:00,0,47.05116067,8.31352698,18.000,21.750,-0.964,-0.227,5.000,True
2026-09-09 13:22:21.80+00:00,0,47.05115883,8.31352886,18.000,21.800,-0.976,-0.227,5.000,True
2026-09-09 13:22:21.85+00:00,0,47.05115697,8.31353071,18.000,21.850,-0.987,-0.227,5.000,True
2026-09-09 13:22:21.90+00:00,0,47.05115509,8.31353253,18.000,21.900,-0.998,-0.227,5.000,True
2026-09-09 13:22:21.95+00:00,0,47.05115320,8.31353432,18.000,21.950,-1.010,-0.227,5.000,True
2026-09-09 13:22:22.00+00:00,0,47.05115130,8.31353608,18.000,22.000,-1.021,-0.227,5.000,True
2026-09-09 13:22:22.05+00:00,0,47.05114938,8.31353780,18.000,22.050,-1.032,-0.227,5.000,True
2026-09-09 13:22:22.10+00:00,0,47.05114745,8.31353949,18.000,22.100,-1.044,-0.227,5.000,True
2026-09-09 13:22:22.15+00:00,0,47.05114551,8.31354115,18.000,22.150,-1.055,-0.227,5.000,True
2026-09-09 13:22:22.20+00:00,0,47.05114355,8.31354278,18.000,22.200,-1.066,-0.209,5.000,True
2026-09-09 13:22:22.25+00:00,0,47.05114158,8.31354437,18.000,22.250,-1.077,-0.209,5.000,True
2026-09-09 13:22:22.30+00:00,0,47.05113960,8.31354594,18.000,22.300,-1.087,-0.209,5.000,True
2026-09-09 13:22:22.35+00:00,0,47.05113761,8.31354747,18.000,22.350,-1.098,-0.209,5.000,True
2026-09-09 13:22:22.40+00:00,0,47.05113561,8.31354898,18.000,22.400,-1.108,-0.175,5.000,True
2026-09-09 13:22:22.45+00:00,0,47.05113360,8.31355045,18.000,22.450,-1.117,-0.157,5.000,True
2026-09-09 13:22:22.50+00:00,0,47.05113158,8.31355189,18.000,22.500,-1.125,-0.122,5.000,True
2026-09-09 13:22:22.55+00:00,0,47.05112955,8.31355332,18.000,22.550,-1.131,-0.105,5.000,True
2026-09-09 13:22:22.60+00:00,0,47.05112751,8.31355472,18.000,22.600,-1.136,-0.105,5.000,True
2026-09-09 13:22:22.65+00:00,0,47.05112547,8.31355611,18.000,22.650,-1.141,-0.105,5.000,True
2026-09-09 13:22:22.70+00:00,0,47.05112343,8.31355749,18.000,22.700,-1.147,-0.105,5.000,True
2026-09-09 13:22:22.75+00:00,0,47.05112138,8.31355884,18.000,22.750,-1.152,-0.105,5.000,True
2026-09-09 13:22:22.80+00:00,0,47.05111933,8.31356019,18.000,22.800,-1.157,-0.105,5.000,True
2026-09-09 13:22:22.85+00:00,0,47.05111727,8.31356151,18.000,22.850,-1.162,-0.105,5.000,True
2026-09-09 13:22:22.90+00:00,0,47.05111521,8.31356282,18.000,22.900,-1.168,-0.105,5.000,True
2026-09-09 13:22:22.95+00:00,0,47.05111314,8.31356412,18.000,22.950,-1.173,-0.105,5.000,True
2026-09-09 13:22:23.00+00:00,0,47.05111106,8.31356540,18.000,23.000,-1.178,-0.105,5.000,True
2026-09-09 13:22:23.05+00:00,0,47.05110899,8.31356666,18.000,23.050,-1.183,-0.105,5.000,True
2026-09-09 13:22:23.10+00:00,0,47.05110691,8.31356790,18.000,23.100,-1.189,-0.087,5.000,True
2026-09-09 13:22:23.15+00:00,0,47.05110482,8.31356914,18.000,23.150,-1.193,-0.087,5.000,True
2026-09-09 13:22:23.20+00:00,0,47.05110273,8.31357035,18.000,23.200,-1.197,-0.087,5.000,True
2026-09-09 13:22:23.25+00:00,0,47.05110064,8.31357156,18.000,23.250,-1.202,-0.087,5.000,True
2026-09-09 13:22:23.30+00:00,0,47.05109854,8.31357275,18.000,23.300,-1.206,-0.052,5.000,True
2026-09-09 13:22:23.35+00:00,0,47.05109644,8.31357392,18.000,23.350,-1.209,-0.035,5.000,True
2026-09-09 13:22:23.40+00:00,0,47.05109434,8.31357509,18.000,23.400,-1.210,0.000,5.000,True
2026-09-09 13:22:23.45+00:00,0,47.05109223,8.31357626,18.000,23.450,-1.210,0.017,5.000,True
2026-09-09 13:22:23.50+00:00,0,47.05109013,8.31357742,18.000,23.500,-1.210,0.052,5.000,True
2026-09-09 13:22:23.55+00:00,0,47.05108803,8.31357859,18.000,23.550,-1.207,0.070,5.000,True
2026-09-09 13:22:23.60+00:00,0,47.05108593,8.31357976,18.000,23.600,-1.203,0.105,5.000,True
2026-09-09 13:22:23.65+00:00,0,47.05108383,8.31358095,18.000,23.650,-1.198,0.122,5.000,True
2026-09-09 13:22:23.70+00:00,0,47.05108173,8.31358215,18.000,23.700,-1.192,0.157,5.000,True
2026-09-09 13:22:23.75+00:00,0,47.05107964,8.31358337,18.000,23.750,-1.184,0.175,5.000,True
2026-09-09 13:22:23.80+00:00,0,47.05107756,8.31358461,18.000,23.800,-1.175,0.192,5.000,True
2026-09-09 13:22:23.85+00:00,0,47.05107549,8.31358588,18.000,23.850,-1.166,0.192,5.000,True
2026-09-09 13:22:23.90+00:00,0,47.05107342,8.31358718,18.000,23.900,-1.156,0.192,5.000,True
2026-09-09 13:22:23.95+00:00,0,47.05107136,8.31358851,18.000,23.950,-1.147,0.192,5.000,True
2026-09-09 13:22:24.00+00:00,0,47.05106931,8.31358987,18.000,24.000,-1.137,0.192,5.000,True
2026-09-09 13:22:24.05+00:00,0,47.05106727,8.31359126,18.000,24.050,-1.127,0.192,5.000,True
2026-09-09 13:22:24.10+00:00,0,47.05106524,8.31359267,18.000,24.100,-1.118,0.192,5.000,True
2026-09-09 13:22:24.15+00:00,0,47.05106322,8.31359412,18.000,24.150,-1.108,0.192,5.000,True
2026-09-09 13:22:24.20+00:00,0,47.05106121,8.31359559,18.000,24.200,-1.099,0.192,5.000,True
2026-09-09 13:22:24.25+00:00,0,47.05105921,8.31359709,18.000,24.250,-1.089,0.192,5.000,True
2026-09-09 13:22:24.30+00:00,0,47.05105721,8.31359862,18.000,24.300,-1.079,0.192,5.000,True
2026-09-09 13:22:24.35+00:00,0,47.05105523,8.31360017,18.000,24.350,-1.070,0.192,5.000,True
2026-09-09 13:22:24.40+00:00,0,47.05105326,8.31360176,18.000,24.400,-1.060,0.192,5.000,True
2026-09-09 13:22:24.45+00:00,0,47.05105130,8.31360337,18.000,24.450,-1.051,0.192,5.000,True
2026-09-09 13:22:24.50+00:00,0,47.05104935,8.31360501,18.000,24.500,-1.041,0.192,5.000,True
2026-09-09 13:22:24.55+00:00,0,47.05104741,8.31360668,18.000,24.550,-1.031,0.192,5.000,True
2026-09-09 13:22:24.60+00:00,0,47.05104548,8.31360837,18.000,24.600,-1.022,0.192,5.000,True
2026-09-09 13:22:24.65+00:00,0,47.05104356,8.31361010,18.000,24.650,-1.012,0.192,5.000,True
2026-09-09 13:22:24.70+00:00,0,47.05104165,8.31361184,18.000,24.700,-1.003,0.192,5.000,True
2026-09-09 13:22:24.75+00:00,0,47.05103976,8.31361362,18.000,24.750,-0.993,0.192,5.000,True
2026-09-09 13:22:24.80+00:00,0,47.05103787,8.31361542,18.000,24.800,-0.983,0.192,5.000,True
2026-09-09 13:22:24.85+00:00,0,47.05103600,8.31361725,18.000,24.850,-0.974,0.192,5.000,True
2026-09-09 13:22:24.90+00:00,0,47.05103414,8.31361910,18.000,24.900,-0.964,0.192,5.000,True
2026-09-09 13:22:24.95+00:00,0,47.05103230,8.31362099,18.000,24.950,-0.955,0.192,5.000,True
2026-09-09 13:22:25.00+00:00,0,47.05103046,8.31362289,18.000,25.000,-0.945,0.192,5.000,True
2026-09-09 13:22:25.05+00:00,0,47.05102864,8.31362482,18.000,25.050,-0.935,0.192,5.000,True
2026-09-09 13:22:25.10+00:00,0,47.05102683,8.31362678,18.000,25.100,-0.926,0.192,5.000,True
2026-09-09 13:22:25.15+00:00,0,47.05102503,8.31362877,18.000,25.150,-0.916,0.192,5.000,True
2026-09-09 13:22:25.20+00:00,0,47.05102325,8.31363077,18.000,25.200,-0.907,0.192,5.000,True
2026-09-09 13:22:25.25+00:00,0,47.05102148,8.31363281,18.000,25.250,-0.897,0.192,5.000,True
2026-09-09 13:22:25.30+00:00,0,47.05101972,8.31363487,18.000,25.300,-0.887,0.192,5.000,True
2026-09-09 13:22:25.35+00:00,0,47.05101798,8.31363695,18.000,25.350,-0.878,0.192,5.000,True
2026-09-09 13:22:25.40+00:00,0,47.05101625,8.31363906,18.000,25.400,-0.868,0.192,5.000,True
2026-09-09 13:22:25.45+00:00,0,47.05101453,8.31364119,18.000,25.450,-0.859,0.192,5.000,True
2026-09-09 13:22:25.50+00:00,0,47.05101283,8.31364335,18.000,25.500,-0.849,0.192,5.000,True
2026-09-09 13:22:25.55+00:00,0,47.05101114,8.31364553,18.000,25.550,-0.840,0.192,5.000,True
2026-09-09 13:22:25.60+00:00,0,47.05100947,8.31364773,18.000,25.600,-0.830,0.192,5.000,True
2026-09-09 13:22:25.65+00:00,0,47.05100781,8.31364996,18.000,25.650,-0.820,0.192,5.000,True
2026-09-09 13:22:25.70+00:00,0,47.05100616,8.31365221,18.000,25.700,-0.811,0.192,5.000,True
2026-09-09 13:22:25.75+00:00,0,47.05100454,8.31365448,18.000,25.750,-0.801,0.192,5.000,True
2026-09-09 13:22:25.80+00:00,0,47.05100292,8.31365678,18.000,25.800,-0.792,0.192,5.000,True
2026-09-09 13:22:25.85+00:00,0,47.05100132,8.31365910,18.000,25.850,-0.782,0.192,5.000,True
2026-09-09 13:22:25.90+00:00,0,47.05099974,8.31366144,18.000,25.900,-0.772,0.192,5.000,True
2026-09-09 13:22:25.95+00:00,0,47.05099817,8.31366380,18.000,25.950,-0.763,0.192,5.000,True
2026-09-09 13:22:26.00+00:00,0,47.05099661,8.31366619,18.000,26.000,-0.753,0.192,5.000,True
2026-09-09 13:22:26.05+00:00,0,47.05099508,8.31366859,18.000,26.050,-0.744,0.192,5.000,True
2026-09-09 13:22:26.10+00:00,0,47.05099356,8.31367102,18.000,26.100,-0.734,0.192,5.000,True
2026-09-09 13:22:26.15+00:00,0,47.05099205,8.31367347,18.000,26.150,-0.724,0.192,5.000,True
2026-09-09 13:22:26.20+00:00,0,47.05099056,8.31367595,18.000,26.200,-0.715,0.192,5.000,True
2026-09-09 13:22:26.25+00:00,0,47.05098909,8.31367844,18.000,26.250,-0.705,0.192,5.000,True
2026-09-09 13:22:26.30+00:00,0,47.05098763,8.31368095,18.000,26.300,-0.696,0.192,5.000,True
2026-09-09 13:22:26.35+00:00,0,47.05098619,8.31368348,18.000,26.350,-0.686,0.192,5.000,True
2026-09-09 13:22:26.40+00:00,0,47.05098476,8.31368604,18.000,26.400,-0.676,0.192,5.000,True
2026-09-09 13:22:26.45+00:00,0,47.05098336,8.31368861,18.000,26.450,-0.667,0.192,5.000,True
2026-09-09 13:22:26.50+00:00,0,47.05098197,8.31369120,18.000,26.500,-0.657,0.192,5.000,True
2026-09-09 13:22:26.55+00:00,0,47.05098059,8.31369382,18.000,26.550,-0.648,0.192,5.000,True
2026-09-09 13:22:26.60+00:00,0,47.05097924,8.31369645,18.000,26.600,-0.638,0.192,5.000,True
2026-09-09 13:22:26.65+00:00,0,47.05097790,8.31369910,18.000,26.650,-0.628,0.192,5.000,True
2026-09-09 13:22:26.70+00:00,0,47.05097658,8.31370177,18.000,26.700,-0.619,0.192,5.000,True
2026-09-09 13:22:26.75+00:00,0,47.05097527,8.31370446,18.000,26.750,-0.609,0.192,5.000,True
2026-09-09 13:22:26.80+00:00,0,47.05097399,8.31370716,18.000,26.800,-0.600,0.192,5.000,True
2026-09-09 13:22:26.85+00:00,0,47.05097272,8.31370989,18.000,26.850,-0.590,0.192,5.000,True
2026-09-09 13:22:26.90+00:00,0,47.05097147,8.31371263,18.000,26.900,-0.580,0.192,5.000,True
2026-09-09 13:22:26.95+00:00,0,47.05097023,8.31371539,18.000,26.950,-0.571,0.192,5.000,True
2026-09-09 13:22:27.00+00:00,0,47.05096902,8.31371817,18.000,27.000,-0.561,0.192,5.000,True
2026-09-09 13:22:27.05+00:00,0,47.05096782,8.31372096,18.000,27.050,-0.552,0.192,5.000,True
2026-09-09 13:22:27.10+00:00,0,47.05096665,8.31372377,18.000,27.100,-0.542,0.192,5.000,True
2026-09-09 13:22:27.15+00:00,0,47.05096549,8.31372660,18.000,27.150,-0.532,0.192,5.000,True
2026-09-09 13:22:27.20+00:00,0,47.05096434,8.31372944,18.000,27.200,-0.523,0.192,5.000,True
2026-09-09 13:22:27.25+00:00,0,47.05096322,8.31373230,18.000,27.250,-0.513,0.192,5.000,True
2026-09-09 13:22:27.30+00:00,0,47.05096212,8.31373517,18.000,27.300,-0.504,0.192,5.000,True
2026-09-09 13:22:27.35+00:00,0,47.05096103,8.31373806,18.000,27.350,-0.494,0.192,5.000,True
2026-09-09 13:22:27.40+00:00,0,47.05095997,8.31374097,18.000,27.400,-0.484,0.192,5.000,True
2026-09-09 13:22:27.45+00:00,0,47.05095892,8.31374389,18.000,27.450,-0.475,0.192,5.000,True
2026-09-09 13:22:27.50+00:00,0,47.05095789,8.31374683,18.000,27.500,-0.465,0.192,5.000,True
2026-09-09 13:22:27.55+00:00,0,47.05095688,8.31374977,18.000,27.550,-0.456,0.192,5.000,True
2026-09-09 13:22:27.60+00:00,0,47.05095590,8.31375274,18.000,27.600,-0.446,0.192,5.000,True
2026-09-09 13:22:27.65+00:00,0,47.05095493,8.31375572,18.000,27.650,-0.436,0.192,5.000,True
2026-09-09 13:22:27.70+00:00,0,47.05095398,8.31375871,18.000,27.700,-0.427,0.000,5.000,True
2026-09-09 13:22:27.75+00:00,0,47.05095305,8.31376171,18.000,27.750,-0.427,0.000,5.000,True
2026-09-09 13:22:27.80+00:00,0,47.05095211,8.31376471,18.000,27.800,-0.427,0.000,5.000,True
2026-09-09 13:22:27.85+00:00,0,47.05095118,8.31376772,18.000,27.850,-0.427,0.000,5.000,True
2026-09-09 13:22:27.90+00:00,0,47.05095025,8.31377072,18.000,27.900,-0.427,0.000,5.000,True
2026-09-09 13:22:27.95+00:00,0,47.05094932,8.31377373,18.000,27.950,-0.427,0.000,5.000,True
2026-09-09 13:22:28.00+00:00,0,47.05094839,8.31377673,18.000,28.000,-0.427,0.000,5.000,True
2026-09-09 13:22:28.05+00:00,0,47.05094746,8.31377973,18.000,28.050,-0.427,0.000,5.000,True
2026-09-09 13:22:28.10+00:00,0,47.05094653,8.31378274,18.000,28.100,-0.427,0.000,5.000,True
2026-09-09 13:22:28.15+00:00,0,47.05094560,8.31378574,18.000,28.150,-0.427,0.000,5.000,True
2026-09-09 13:22:28.20+00:00,0,47.05094467,8.31378874,18.000,28.200,-0.427,0.000,5.000,True
2026-09-09 13:22:28.25+00:00,0,47.05094374,8.31379175,18.000,28.250,-0.427,0.000,5.000,True
2026-09-09 13:22:28.30+00:00,0,47.05094281,8.31379475,18.000,28.300,-0.427,0.000,5.000,True
2026-09-09 13:22:28.35+00:00,0,47.05094188,8.31379776,18.000,28.350,-0.427,0.000,5.000,True
2026-09-09 13:22:28.40+00:00,0,47.05094095,8.31380076,18.000,28.400,-0.427,0.000,5.000,True
2026-09-09 13:22:28.45+00:00,0,47.05094002,8.31380376,18.000,28.450,-0.427,0.000,5.000,True
2026-09-09 13:22:28.50+00:00,0,47.05093909,8.31380677,18.000,28.500,-0.427,0.000,5.000,True
2026-09-09 13:22:28.55+00:00,0,47.05093816,8.31380977,18.000,28.550,-0.427,0.000,5.000,True
2026-09-09 13:22:28.60+00:00,0,47.05093723,8.31381278,18.000,28.600,-0.427,0.000,5.000,True
2026-09-09 13:22:28.65+00:00,0,47.05093629,8.31381578,18.000,28.650,-0.427,0.000,5.000,True
2026-09-09 13:22:28.70+00:00,0,47.05093536,8.31381878,18.000,28.700,-0.427,0.000,5.000,True
2026-09-09 13:22:28.75+00:00,0,47.05093443,8.31382179,18.000,28.750,-0.427,0.000,5.000,True
2026-09-09 13:22:28.80+00:00,0,47.05093350,8.31382479,18.000,28.800,-0.427,0.000,5.000,True
2026-09-09 13:22:28.85+00:00,0,47.05093257,8.31382779,18.000,28.850,-0.427,0.000,5.000,True
2026-09-09 13:22:28.90+00:00,0,47.05093164,8.31383080,18.000,28.900,-0.427,0.000,5.000,True
2026-09-09 13:22:28.95+00:00,0,47.05093071,8.31383380,18.000,28.950,-0.427,0.000,5.000,True
2026-09-09 13:22:29.00+00:00,0,47.05092978,8.31383681,18.000,29.000,-0.427,0.000,5.000,True
2026-09-09 13:22:29.05+00:00,0,47.05092885,8.31383981,18.000,29.050,-0.427,0.000,5.000,True
2026-09-09 13:22:29.10+00:00,0,47.05092792,8.31384281,18.000,29.100,-0.427,0.000,5.000,True
2026-09-09 13:22:29.15+00:00,0,47.05092699,8.31384582,18.000,29.150,-0.427,0.000,5.000,True
2026-09-09 13:22:29.20+00:00,0,47.05092606,8.31384882,18.000,29.200,-0.427,0.000,5.000,True
2026-09-09 13:22:29.25+00:00,0,47.05092513,8.31385183,18.000,29.250,-0.427,0.000,5.000,True
2026-09-09 13:22:29.30+00:00,0,47.05092420,8.31385483,18.000,29.300,-0.427,0.000,5.000,True
2026-09-09 13:22:29.35+00:00,0,47.05092327,8.31385783,18.000,29.350,-0.427,0.000,5.000,True
2026-09-09 13:22:29.40+00:00,0,47.05092234,8.31386084,18.000,29.400,-0.427,0.000,5.000,True
2026-09-09 13:22:29.45+00:00,0,47.05092141,8.31386384,18.000,29.450,-0.427,0.000,5.000,True
2026-09-09 13:22:29.50+00:00,0,47.05092048,8.31386685,18.000,29.500,-0.427,0.000,5.000,True
2026-09-09 13:22:29.55+00:00,0,47.05091954,8.31386985,18.000,29.550,-0.427,0.000,5.000,True
2026-09-09 13:22:29.60+00:00,0,47.05091861,8.31387285,18.000,29.600,-0.427,0.000,5.000,True
2026-09-09 13:22:29.65+00:00,0,47.05091768,8.31387586,18.000,29.650,-0.427,0.000,5.000,True
2026-09-09 13:22:29.70+00:00,0,47.05091675,8.31387886,18.000,29.700,-0.427,0.000,5.000,True
2026-09-09 13:22:29.75+00:00,0,47.05091582,8.31388186,18.000,29.750,-0.427,0.000,5.000,True
2026-09-09 13:22:29.80+00:00,0,47.05091489,8.31388487,18.000,29.800,-0.427,0.000,5.000,True
2026-09-09 13:22:29.85+00:00,0,47.05091396,8.31388787,18.000,29.850,-0.427,0.000,5.000,True
2026-09-09 13:22:29.90+00:00,0,47.05091303,8.31389088,18.000,29.900,-0.427,0.000,5.000,True
2026-09-09 13:22:29.95+00:00,0,47.05091210,8.31389388,18.000,29.950,-0.427,0.000,5.000,True
2026-09-09 13:22:30.00+00:00,0,47.05091117,8.31389688,18.000,30.000,-0.427,0.000,5.000,True
2026-09-09 13:22:30.05+00:00,0,47.05091024,8.31389989,18.000,30.050,-0.427,0.000,5.000,True
2026-09-09 13:22:30.10+00:00,0,47.05090931,8.31390289,18.000,30.100,-0.427,0.000,5.000,True
2026-09-09 13:22:30.15+00:00,0,47.05090838,8.31390590,18.000,30.150,-0.427,0.000,5.000,True
2026-09-09 13:22:30.20+00:00,0,47.05090745,8.31390890,18.000,30.200,-0.427,0.000,5.000,True
2026-09-09 13:22:30.25+00:00,0,47.05090652,8.31391190,18.000,30.250,-0.427,0.000,5.000,True
2026-09-09 13:22:30.30+00:00,0,47.05090559,8.31391491,18.000,30.300,-0.427,0.000,5.000,True
2026-09-09 13:22:30.35+00:00,0,47.05090466,8.31391791,18.000,30.350,-0.427,0.000,5.000,True
2026-09-09 13:22:30.40+00:00,0,47.05090372,8.31392091,18.000,30.400,-0.427,0.000,5.000,True
2026-09-09 13:22:30.45+00:00,0,47.05090279,8.31392392,18.000,30.450,-0.427,0.000,5.000,True
2026-09-09 13:22:30.50+00:00,0,47.05090186,8.31392692,18.000,30.500,-0.427,0.000,5.000,True
2026-09-09 13:22:30.55+00:00,0,47.05090093,8.31392993,18.000,30.550,-0.427,0.000,5.000,True
2026-09-09 13:22:30.60+00:00,0,47.05090000,8.31393293,18.000,30.600,-0.427,0.000,5.000,True
2026-09-09 13:22:30.65+00:00,0,47.05089907,8.31393593,18.000,30.650,-0.427,0.000,5.000,True
2026-09-09 13:22:30.70+00:00,0,47.05089814,8.31393894,18.000,30.700,-0.427,0.000,5.000,True
2026-09-09 13:22:30.75+00:00,0,47.05089721,8.31394194,18.000,30.750,-0.427,0.000,5.000,True
2026-09-09 13:22:30.80+00:00,0,47.05089628,8.31394495,18.000,30.800,-0.427,0.000,5.000,True
2026-09-09 13:22:30.85+00:00,0,47.05089535,8.31394795,18.000,30.850,-0.427,0.000,5.000,True
2026-09-09 13:22:30.90+00:00,0,47.05089442,8.31395095,18.000,30.900,-0.427,0.000,5.000,True
2026-09-09 13:22:30.95+00:00,0,47.05089349,8.31395396,18.000,30.950,-0.427,0.000,5.000,True
2026-09-09 13:22:31.00+00:00,0,47.05089256,8.31395696,18.000,31.000,-0.427,0.000,5.000,True
2026-09-09 13:22:31.05+00:00,0,47.05089163,8.31395996,18.000,31.050,-0.427,0.000,5.000,True
2026-09-09 13:22:31.10+00:00,0,47.05089070,8.31396297,18.000,31.100,-0.427,0.000,5.000,True
2026-09-09 13:22:31.15+00:00,0,47.05088977,8.31396597,18.000,31.150,-0.427,0.000,5.000,True
2026-09-09 13:22:31.20+00:00,0,47.05088884,8.31396898,18.000,31.200,-0.427,0.000,5.000,True
2026-09-09 13:22:31.25+00:00,0,47.05088791,8.31397198,18.000,31.250,-0.427,0.000,5.000,True
2026-09-09 13:22:31.30+00:00,0,47.05088697,8.31397498,18.000,31.300,-0.427,0.000,5.000,True
2026-09-09 13:22:31.35+00:00,0,47.05088604,8.31397799,18.000,31.350,-0.427,0.000,5.000,True
2026-09-09 13:22:31.40+00:00,0,47.05088511,8.31398099,18.000,31.400,-0.427,0.000,5.000,True
2026-09-09 13:22:31.45+00:00,0,47.05088418,8.31398400,18.000,31.450,-0.427,0.000,5.000,True
2026-09-09 13:22:31.50+00:00,0,47.05088325,8.31398700,18.000,31.500,-0.427,0.000,5.000,True
2026-09-09 13:22:31.55+00:00,0,47.05088232,8.31399000,18.000,31.550,-0.427,0.000,5.000,True
2026-09-09 13:22:31.60+00:00,0,47.05088139,8.31399301,18.000,31.600,-0.427,0.000,5.000,True
2026-09-09 13:22:31.65+00:00,0,47.05088046,8.31399601,18.000,31.650,-0.427,0.000,5.000,True
2026-09-09 13:22:31.70+00:00,0,47.05087953,8.31399902,18.000,31.700,-0.427,0.000,5.000,True
2026-09-09 13:22:31.75+00:00,0,47.05087860,8.31400202,18.000,31.750,-0.427,0.000,5.000,True
2026-09-09 13:22:31.80+00:00,0,47.05087767,8.31400502,18.000,31.800,-0.427,0.000,5.000,True
2026-09-09 13:22:31.85+00:00,0,47.05087674,8.31400803,18.000,31.850,-0.427,0.000,5.000,True
2026-09-09 13:22:31.90+00:00,0,47.05087581,8.31401103,18.000,31.900,-0.427,0.000,5.000,True
2026-09-09 13:22:31.95+00:00,0,47.05087488,8.31401403,18.000,31.950,-0.427,0.000,5.000,True
2026-09-09 13:22:32.00+00:00,0,47.05087395,8.31401704,18.000,32.000,-0.427,0.000,5.000,True
2026-09-09 13:22:32.05+00:00,0,47.05087302,8.31402004,18.000,32.050,-0.427,0.000,5.000,True
2026-09-09 13:22:32.10+00:00,0,47.05087209,8.31402305,18.000,32.100,-0.427,0.000,5.000,True
2026-09-09 13:22:32.15+00:00,0,47.05087116,8.31402605,18.000,32.150,-0.427,0.000,5.000,True
2026-09-09 13:22:32.20+00:00,0,47.05087022,8.31402905,18.000,32.200,-0.427,0.000,5.000,True
2026-09-09 13:22:32.25+00:00,0,47.05086929,8.31403206,18.000,32.250,-0.427,0.000,5.000,True
2026-09-09 13:22:32.30+00:00,0,47.05086836,8.31403506,18.000,32.300,-0.427,0.000,5.000,True
2026-09-09 13:22:32.35+00:00,0,47.05086743,8.31403807,18.000,32.350,-0.427,0.000,5.000,True
2026-09-09 13:22:32.40+00:00,0,47.05086650,8.31404107,18.000,32.400,-0.427,0.000,5.000,True
2026-09-09 13:22:32.45+00:00,0,47.05086557,8.31404407,18.000,32.450,-0.427,0.000,5.000,True
2026-09-09 13:22:32.50+00:00,0,47.05086464,8.31404708,18.000,32.500,-0.427,0.000,5.000,True
2026-09-09 13:22:32.55+00:00,0,47.05086371,8.31405008,18.000,32.550,-0.427,0.000,5.000,True
2026-09-09 13:22:32.60+00:00,0,47.05086278,8.31405308,18.000,32.600,-0.427,0.000,5.000,True
2026-09-09 13:22:32.65+00:00,0,47.05086185,8.31405609,18.000,32.650,-0.427,0.000,5.000,True
2026-09-09 13:22:32.70+00:00,0,47.05086092,8.31405909,18.000,32.700,-0.427,0.000,5.000,True
2026-09-09 13:22:32.75+00:00,0,47.05085999,8.31406210,18.000,32.750,-0.427,0.000,5.000,True
2026-09-09 13:22:32.80+00:00,0,47.05085906,8.31406510,18.000,32.800,-0.427,0.000,5.000,True
2026-09-09 13:22:32.85+00:00,0,47.05085813,8.31406810,18.000,32.850,-0.427,0.000,5.000,True
2026-09-09 13:22:32.90+00:00,0,47.05085720,8.31407111,18.000,32.900,-0.427,0.000,5.000,True
2026-09-09 13:22:32.95+00:00,0,47.05085627,8.31407411,18.000,32.950,-0.427,0.000,5.000,True
2026-09-09 13:22:33.00+00:00,0,47.05085534,8.31407712,18.000,33.000,-0.427,0.000,5.000,True
2026-09-09 13:22:33.05+00:00,0,47.05085440,8.31408012,18.000,33.050,-0.427,0.000,5.000,True
2026-09-09 13:22:33.10+00:00,0,47.05085347,8.31408312,18.000,33.100,-0.427,0.000,5.000,True
2026-09-09 13:22:33.15+00:00,0,47.05085254,8.31408613,18.000,33.150,-0.427,0.000,5.000,True
2026-09-09 13:22:33.20+00:00,0,47.05085161,8.31408913,18.000,33.200,-0.427,0.000,5.000,True
2026-09-09 13:22:33.25+00:00,0,47.05085068,8.31409214,18.000,33.250,-0.427,0.000,5.000,True
2026-09-09 13:22:33.30+00:00,0,47.05084975,8.31409514,18.000,33.300,-0.427,0.000,5.000,True
2026-09-09 13:22:33.35+00:00,0,47.05084882,8.31409814,18.000,33.350,-0.427,0.000,5.000,True
2026-09-09 13:22:33.40+00:00,0,47.05084789,8.31410115,18.000,33.400,-0.427,0.000,5.000,True
2026-09-09 13:22:33.45+00:00,0,47.05084696,8.31410415,18.000,33.450,-0.427,0.000,5.000,True
2026-09-09 13:22:33.50+00:00,0,47.05084603,8.31410715,18.000,33.500,-0.427,0.000,5.000,True
2026-09-09 13:22:33.55+00:00,0,47.05084510,8.31411016,18.000,33.550,-0.427,0.000,5.000,True
2026-09-09 13:22:33.60+00:00,0,47.05084417,8.31411316,18.000,33.600,-0.427,0.000,5.000,True
2026-09-09 13:22:33.65+00:00,0,47.05084324,8.31411617,18.000,33.650,-0.427,0.000,5.000,True
2026-09-09 13:22:33.70+00:00,0,47.05084231,8.31411917,18.000,33.700,-0.427,0.000,5.000,True
2026-09-09 13:22:33.75+00:00,0,47.05084138,8.31412217,18.000,33.750,-0.427,0.000,5.000,True
2026-09-09 13:22:33.80+00:00,0,47.05084045,8.31412518,18.000,33.800,-0.427,-0.017,5.000,True
2026-09-09 13:22:33.85+00:00,0,47.05083952,8.31412818,18.000,33.850,-0.428,-0.035,5.000,True
2026-09-09 13:22:33.90+00:00,0,47.05083858,8.31413118,18.000,33.900,-0.429,-0.035,5.000,True
2026-09-09 13:22:33.95+00:00,0,47.05083765,8.31413418,18.000,33.950,-0.431,-0.035,5.000,True
2026-09-09 13:22:34.00+00:00,0,47.05083671,8.31413718,18.000,34.000,-0.433,-0.035,5.000,True
2026-09-09 13:22:34.05+00:00,0,47.05083576,8.31414018,18.000,34.050,-0.435,-0.035,5.000,True
2026-09-09 13:22:34.10+00:00,0,47.05083482,8.31414317,18.000,34.100,-0.436,-0.052,5.000,True
2026-09-09 13:22:34.15+00:00,0,47.05083387,8.31414616,18.000,34.150,-0.439,-0.052,5.000,True
2026-09-09 13:22:34.20+00:00,0,47.05083291,8.31414915,18.000,34.200,-0.442,-0.052,5.000,True
2026-09-09 13:22:34.25+00:00,0,47.05083195,8.31415213,18.000,34.250,-0.444,-0.052,5.000,True
2026-09-09 13:22:34.30+00:00,0,47.05083099,8.31415511,18.000,34.300,-0.447,-0.052,5.000,True
2026-09-09 13:22:34.35+00:00,0,47.05083001,8.31415809,18.000,34.350,-0.449,-0.052,5.000,True
2026-09-09 13:22:34.40+00:00,0,47.05082904,8.31416106,18.000,34.400,-0.452,-0.052,5.000,True
2026-09-09 13:22:34.45+00:00,0,47.05082806,8.31416403,18.000,34.450,-0.455,-0.052,5.000,True
2026-09-09 13:22:34.50+00:00,0,47.05082707,8.31416699,18.000,34.500,-0.457,-0.052,5.000,True
2026-09-09 13:22:34.55+00:00,0,47.05082608,8.31416995,18.000,34.550,-0.460,-0.052,5.000,True
2026-09-09 13:22:34.60+00:00,0,47.05082508,8.31417291,18.000,34.600,-0.463,-0.052,5.000,True
2026-09-09 13:22:34.65+00:00,0,47.05082407,8.31417586,18.000,34.650,-0.465,-0.035,5.000,True
2026-09-09 13:22:34.70+00:00,0,47.05082307,8.31417881,18.000,34.700,-0.467,-0.035,5.000,True
2026-09-09 13:22:34.75+00:00,0,47.05082205,8.31418176,18.000,34.750,-0.469,-0.035,5.000,True
2026-09-09 13:22:34.80+00:00,0,47.05082104,8.31418470,18.000,34.800,-0.470,-0.035,5.000,True
2026-09-09 13:22:34.85+00:00,0,47.05082002,8.31418764,18.000,34.850,-0.472,0.000,5.000,True
2026-09-09 13:22:34.90+00:00,0,47.05081900,8.31419058,18.000,34.900,-0.472,0.035,5.000,True
2026-09-09 13:22:34.95+00:00,0,47.05081797,8.31419352,18.000,34.950,-0.470,0.052,5.000,True
2026-09-09 13:22:35.00+00:00,0,47.05081696,8.31419646,18.000,35.000,-0.468,0.052,5.000,True
2026-09-09 13:22:35.05+00:00,0,47.05081594,8.31419941,18.000,35.050,-0.465,0.052,5.000,True
2026-09-09 13:22:35.10+00:00,0,47.05081493,8.31420236,18.000,35.100,-0.463,0.052,5.000,True
2026-09-09 13:22:35.15+00:00,0,47.05081393,8.31420531,18.000,35.150,-0.460,0.052,5.000,True
2026-09-09 13:22:35.20+00:00,0,47.05081293,8.31420827,18.000,35.200,-0.457,0.052,5.000,True
2026-09-09 13:22:35.25+00:00,0,47.05081194,8.31421123,18.000,35.250,-0.455,0.052,5.000,True
2026-09-09 13:22:35.30+00:00,0,47.05081095,8.31421419,18.000,35.300,-0.452,0.052,5.000,True
2026-09-09 13:22:35.35+00:00,0,47.05080997,8.31421716,18.000,35.350,-0.449,0.052,5.000,True
2026-09-09 13:22:35.40+00:00,0,47.05080899,8.31422013,18.000,35.400,-0.447,0.052,5.000,True
2026-09-09 13:22:35.45+00:00,0,47.05080802,8.31422311,18.000,35.450,-0.444,0.052,5.000,True
2026-09-09 13:22:35.50+00:00,0,47.05080706,8.31422609,18.000,35.500,-0.442,0.052,5.000,True
2026-09-09 13:22:35.55+00:00,0,47.05080610,8.31422907,18.000,35.550,-0.439,0.052,5.000,True
2026-09-09 13:22:35.60+00:00,0,47.05080514,8.31423206,18.000,35.600,-0.436,0.052,5.000,True
2026-09-09 13:22:35.65+00:00,0,47.05080419,8.31423505,18.000,35.650,-0.434,0.052,5.000,True
2026-09-09 13:22:35.70+00:00,0,47.05080324,8.31423804,18.000,35.700,-0.431,0.052,5.000,True
2026-09-09 13:22:35.75+00:00,0,47.05080231,8.31424104,18.000,35.750,-0.428,0.052,5.000,True
2026-09-09 13:22:35.80+00:00,0,47.05080137,8.31424404,18.000,35.800,-0.426,0.052,5.000,True
2026-09-09 13:22:35.85+00:00,0,47.05080044,8.31424705,18.000,35.850,-0.423,0.052,5.000,True
2026-09-09 13:22:35.90+00:00,0,47.05079952,8.31425006,18.000,35.900,-0.421,0.052,5.000,True
2026-09-09 13:22:35.95+00:00,0,47.05079860,8.31425307,18.000,35.950,-0.418,0.052,5.000,True
2026-09-09 13:22:36.00+00:00,0,47.05079769,8.31425608,18.000,36.000,-0.415,0.052,5.000,True
2026-09-09 13:22:36.05+00:00,0,47.05079678,8.31425910,18.000,36.050,-0.413,0.052,5.000,True
2026-09-09 13:22:36.10+00:00,0,47.05079588,8.31426213,18.000,36.100,-0.410,0.052,5.000,True
2026-09-09 13:22:36.15+00:00,0,47.05079498,8.31426515,18.000,36.150,-0.408,0.052,5.000,True
2026-09-09 13:22:36.20+00:00,0,47.05079409,8.31426818,18.000,36.200,-0.405,0.052,5.000,True
2026-09-09 13:22:36.25+00:00,0,47.05079321,8.31427122,18.000,36.250,-0.402,0.052,5.000,True
2026-09-09 13:22:36.30+00:00,0,47.05079233,8.31427425,18.000,36.300,-0.400,0.052,5.000,True
2026-09-09 13:22:36.35+00:00,0,47.05079145,8.31427729,18.000,36.350,-0.397,0.052,5.000,True
2026-09-09 13:22:36.40+00:00,0,47.05079058,8.31428033,18.000,36.400,-0.394,0.052,5.000,True
2026-09-09 13:22:36.45+00:00,0,47.05078972,8.31428338,18.000,36.450,-0.392,0.052,5.000,True
2026-09-09 13:22:36.50+00:00,0,47.05078886,8.31428643,18.000,36.500,-0.389,0.052,5.000,True
2026-09-09 13:22:36.55+00:00,0,47.05078801,8.31428948,18.000,36.550,-0.387,0.052,5.000,True
2026-09-09 13:22:36.60+00:00,0,47.05078716,8.31429254,18.000,36.600,-0.384,0.052,5.000,True
2026-09-09 13:22:36.65+00:00,0,47.05078632,8.31429560,18.000,36.650,-0.381,0.035,5.000,True
2026-09-09 13:22:36.70+00:00,0,47.05078548,8.31429866,18.000,36.700,-0.380,0.035,5.000,True
2026-09-09 13:22:36.75+00:00,0,47.05078465,8.31430173,18.000,36.750,-0.378,0.035,5.000,True
2026-09-09 13:22:36.80+00:00,0,47.05078382,8.31430479,18.000,36.800,-0.376,0.017,5.000,True
2026-09-09 13:22:36.85+00:00,0,47.05078299,8.31430786,18.000,36.850,-0.375,-0.017,5.000,True
2026-09-09 13:22:36.90+00:00,0,47.05078217,8.31431093,18.000,36.900,-0.376,-0.035,5.000,True
2026-09-09 13:22:36.95+00:00,0,47.05078134,8.31431400,18.000,36.950,-0.378,-0.052,5.000,True
2026-09-09 13:22:37.00+00:00,0,47.05078051,8.31431707,18.000,37.000,-0.380,-0.052,5.000,True
2026-09-09 13:22:37.05+00:00,0,47.05077968,8.31432013,18.000,37.050,-0.383,-0.052,5.000,True
2026-09-09 13:22:37.10+00:00,0,47.05077884,8.31432319,18.000,37.100,-0.386,-0.052,5.000,True
2026-09-09 13:22:37.15+00:00,0,47.05077799,8.31432625,18.000,37.150,-0.388,-0.052,5.000,True
2026-09-09 13:22:37.20+00:00,0,47.05077714,8.31432931,18.000,37.200,-0.391,-0.052,5.000,True
2026-09-09 13:22:37.25+00:00,0,47.05077628,8.31433236,18.000,37.250,-0.394,-0.052,5.000,True
2026-09-09 13:22:37.30+00:00,0,47.05077542,8.31433540,18.000,37.300,-0.396,-0.052,5.000,True
2026-09-09 13:22:37.35+00:00,0,47.05077455,8.31433845,18.000,37.350,-0.399,-0.052,5.000,True
2026-09-09 13:22:37.40+00:00,0,47.05077368,8.31434149,18.000,37.400,-0.401,-0.052,5.000,True
2026-09-09 13:22:37.45+00:00,0,47.05077280,8.31434453,18.000,37.450,-0.404,-0.052,5.000,True
2026-09-09 13:22:37.50+00:00,0,47.05077192,8.31434756,18.000,37.500,-0.407,-0.052,5.000,True
2026-09-09 13:22:37.55+00:00,0,47.05077103,8.31435059,18.000,37.550,-0.409,-0.052,5.000,True
2026-09-09 13:22:37.60+00:00,0,47.05077013,8.31435362,18.000,37.600,-0.412,-0.052,5.000,True
2026-09-09 13:22:37.65+00:00,0,47.05076923,8.31435664,18.000,37.650,-0.415,-0.052,5.000,True
2026-09-09 13:22:37.70+00:00,0,47.05076833,8.31435966,18.000,37.700,-0.417,-0.052,5.000,True
2026-09-09 13:22:37.75+00:00,0,47.05076742,8.31436268,18.000,37.750,-0.420,-0.052,5.000,True
2026-09-09 13:22:37.80+00:00,0,47.05076650,8.31436569,18.000,37.800,-0.422,-0.052,5.000,True
2026-09-09 13:22:37.85+00:00,0,47.05076558,8.31436870,18.000,37.850,-0.425,-0.052,5.000,True
2026-09-09 13:22:37.90+00:00,0,47.05076465,8.31437171,18.000,37.900,-0.428,-0.052,5.000,True
2026-09-09 13:22:37.95+00:00,0,47.05076372,8.31437471,18.000,37.950,-0.430,-0.052,5.000,True
2026-09-09 13:22:38.00+00:00,0,47.05076278,8.31437771,18.000,38.000,-0.433,-0.052,5.000,True
2026-09-09 13:22:38.05+00:00,0,47.05076184,8.31438071,18.000,38.050,-0.435,-0.052,5.000,True
2026-09-09 13:22:38.10+00:00,0,47.05076089,8.31438370,18.000,38.100,-0.438,-0.052,5.000,True
2026-09-09 13:22:38.15+00:00,0,47.05075994,8.31438669,18.000,38.150,-0.441,-0.070,5.000,True
2026-09-09 13:22:38.20+00:00,0,47.05075898,8.31438967,18.000,38.200,-0.444,-0.087,5.000,True
2026-09-09 13:22:38.25+00:00,0,47.05075801,8.31439265,18.000,38.250,-0.449,-0.087,5.000,True
2026-09-09 13:22:38.30+00:00,0,47.05075704,8.31439562,18.000,38.300,-0.453,-0.087,5.000,True
2026-09-09 13:22:38.35+00:00,0,47.05075605,8.31439859,18.000,38.350,-0.457,-0.087,5.000,True
2026-09-09 13:22:38.40+00:00,0,47.05075506,8.31440155,18.000,38.400,-0.462,-0.105,5.000,True
2026-09-09 13:22:38.45+00:00,0,47.05075406,8.31440450,18.000,38.450,-0.467,-0.140,5.000,True
2026-09-09 13:22:38.50+00:00,0,47.05075305,8.31440745,18.000,38.500,-0.474,-0.140,5.000,True
2026-09-09 13:22:38.55+00:00,0,47.05075202,8.31441039,18.000,38.550,-0.481,-0.140,5.000,True
2026-09-09 13:22:38.60+00:00,0,47.05075098,8.31441331,18.000,38.600,-0.488,-0.140,5.000,True
2026-09-09 13:22:38.65+00:00,0,47.05074993,8.31441623,18.000,38.650,-0.495,-0.140,5.000,True
2026-09-09 13:22:38.70+00:00,0,47.05074886,8.31441913,18.000,38.700,-0.502,-0.140,5.000,True
2026-09-09 13:22:38.75+00:00,0,47.05074778,8.31442203,18.000,38.750,-0.509,-0.140,5.000,True
2026-09-09 13:22:38.80+00:00,0,47.05074668,8.31442491,18.000,38.800,-0.516,-0.140,5.000,True
2026-09-09 13:22:38.85+00:00,0,47.05074557,8.31442778,18.000,38.850,-0.523,-0.140,5.000,True
2026-09-09 13:22:38.90+00:00,0,47.05074445,8.31443064,18.000,38.900,-0.530,-0.140,5.000,True
2026-09-09 13:22:38.95+00:00,0,47.05074331,8.31443348,18.000,38.950,-0.537,-0.140,5.000,True
2026-09-09 13:22:39.00+00:00,0,47.05074216,8.31443632,18.000,39.000,-0.544,-0.140,5.000,True
2026-09-09 13:22:39.05+00:00,0,47.05074100,8.31443914,18.000,39.050,-0.551,-0.140,5.000,True
2026-09-09 13:22:39.10+00:00,0,47.05073983,8.31444196,18.000,39.100,-0.558,-0.140,5.000,True
2026-09-09 13:22:39.15+00:00,0,47.05073864,8.31444476,18.000,39.150,-0.565,-0.140,5.000,True
2026-09-09 13:22:39.20+00:00,0,47.05073743,8.31444754,18.000,39.200,-0.572,-0.122,5.000,True
2026-09-09 13:22:39.25+00:00,0,47.05073622,8.31445032,18.000,39.250,-0.578,-0.122,5.000,True
2026-09-09 13:22:39.30+00:00,0,47.05073499,8.31445308,18.000,39.300,-0.584,-0.122,5.000,True
2026-09-09 13:22:39.35+00:00,0,47.05073375,8.31445584,18.000,39.350,-0.590,-0.105,5.000,True
2026-09-09 13:22:39.40+00:00,0,47.05073250,8.31445858,18.000,39.400,-0.595,-0.070,5.000,True
2026-09-09 13:22:39.45+00:00,0,47.05073124,8.31446131,18.000,39.450,-0.599,-0.052,5.000,True
2026-09-09 13:22:39.50+00:00,0,47.05072997,8.31446404,18.000,39.500,-0.601,-0.017,5.000,True
2026-09-09 13:22:39.55+00:00,0,47.05072870,8.31446676,18.000,39.550,-0.602,0.017,5.000,True
2026-09-09 13:22:39.60+00:00,0,47.05072743,8.31446948,18.000,39.600,-0.601,0.035,5.000,True
2026-09-09 13:22:39.65+00:00,0,47.05072615,8.31447220,18.000,39.650,-0.600,0.035,5.000,True
2026-09-09 13:22:39.70+00:00,0,47.05072489,8.31447492,18.000,39.700,-0.598,0.035,5.000,True
2026-09-09 13:22:39.75+00:00,0,47.05072362,8.31447765,18.000,39.750,-0.596,0.035,5.000,True
2026-09-09 13:22:39.80+00:00,0,47.05072236,8.31448038,18.000,39.800,-0.594,0.052,5.000,True
2026-09-09 13:22:39.85+00:00,0,47.05072110,8.31448311,18.000,39.850,-0.592,0.052,5.000,True
2026-09-09 13:22:39.90+00:00,0,47.05071985,8.31448585,18.000,39.900,-0.589,0.052,5.000,True
2026-09-09 13:22:39.95+00:00,0,47.05071860,8.31448860,18.000,39.950,-0.586,0.052,5.000,True
2026-09-09 13:22:40.00+00:00,0,47.05071735,8.31449135,18.000,40.000,-0.584,0.087,5.000,True
2026-09-09 13:22:40.05+00:00,0,47.05071611,8.31449410,18.000,40.050,-0.579,0.122,5.000,True
2026-09-09 13:22:40.10+00:00,0,47.05071488,8.31449686,18.000,40.100,-0.573,0.122,5.000,True
2026-09-09 13:22:40.15+00:00,0,47.05071366,8.31449963,18.000,40.150,-0.567,0.122,5.000,True
2026-09-09 13:22:40.20+00:00,0,47.05071245,8.31450242,18.000,40.200,-0.561,0.122,5.000,True
2026-09-09 13:22:40.25+00:00,0,47.05071126,8.31450521,18.000,40.250,-0.555,0.122,5.000,True
2026-09-09 13:22:40.30+00:00,0,47.05071007,8.31450801,18.000,40.300,-0.549,0.122,5.000,True
2026-09-09 13:22:40.35+00:00,0,47.05070890,8.31451083,18.000,40.350,-0.543,0.122,5.000,True
2026-09-09 13:22:40.40+00:00,0,47.05070774,8.31451365,18.000,40.400,-0.537,0.122,5.000,True
2026-09-09 13:22:40.45+00:00,0,47.05070659,8.31451649,18.000,40.450,-0.531,0.122,5.000,True
2026-09-09 13:22:40.50+00:00,0,47.05070545,8.31451934,18.000,40.500,-0.524,0.122,5.000,True
2026-09-09 13:22:40.55+00:00,0,47.05070433,8.31452219,18.000,40.550,-0.518,0.122,5.000,True
2026-09-09 13:22:40.60+00:00,0,47.05070321,8.31452506,18.000,40.600,-0.512,0.122,5.000,True
2026-09-09 13:22:40.65+00:00,0,47.05070211,8.31452793,18.000,40.650,-0.506,0.122,5.000,True
2026-09-09 13:22:40.70+00:00,0,47.05070102,8.31453082,18.000,40.700,-0.500,0.122,5.000,True
2026-09-09 13:22:40.75+00:00,0,47.05069994,8.31453372,18.000,40.750,-0.494,0.122,5.000,True
2026-09-09 13:22:40.80+00:00,0,47.05069888,8.31453662,18.000,40.800,-0.488,0.122,5.000,True
2026-09-09 13:22:40.85+00:00,0,47.05069782,8.31453954,18.000,40.850,-0.482,0.122,5.000,True
2026-09-09 13:22:40.90+00:00,0,47.05069678,8.31454246,18.000,40.900,-0.476,0.122,5.000,True
2026-09-09 13:22:40.95+00:00,0,47.05069575,8.31454539,18.000,40.950,-0.469,0.122,5.000,True
2026-09-09 13:22:41.00+00:00,0,47.05069473,8.31454834,18.000,41.000,-0.463,0.122,5.000,True
2026-09-09 13:22:41.05+00:00,0,47.05069373,8.31455129,18.000,41.050,-0.457,0.122,5.000,True
2026-09-09 13:22:41.10+00:00,0,47.05069274,8.31455425,18.000,41.100,-0.451,0.122,5.000,True
2026-09-09 13:22:41.15+00:00,0,47.05069176,8.31455722,18.000,41.150,-0.445,0.122,5.000,True
2026-09-09 13:22:41.20+00:00,0,47.05069079,8.31456020,18.000,41.200,-0.439,0.122,5.000,True
2026-09-09 13:22:41.25+00:00,0,47.05068983,8.31456318,18.000,41.250,-0.433,0.122,5.000,True
2026-09-09 13:22:41.30+00:00,0,47.05068889,8.31456618,18.000,41.300,-0.427,0.122,5.000,True
2026-09-09 13:22:41.35+00:00,0,47.05068796,8.31456918,18.000,41.350,-0.421,0.122,5.000,True
2026-09-09 13:22:41.40+00:00,0,47.05068704,8.31457220,18.000,41.400,-0.415,0.105,5.000,True
2026-09-09 13:22:41.45+00:00,0,47.05068613,8.31457522,18.000,41.450,-0.409,0.105,5.000,True
2026-09-09 13:22:41.50+00:00,0,47.05068524,8.31457824,18.000,41.500,-0.404,0.105,5.000,True
2026-09-09 13:22:41.55+00:00,0,47.05068436,8.31458128,18.000,41.550,-0.399,0.087,5.000,True
2026-09-09 13:22:41.60+00:00,0,47.05068348,8.31458432,18.000,41.600,-0.394,0.087,5.000,True
2026-09-09 13:22:41.65+00:00,0,47.05068262,8.31458737,18.000,41.650,-0.390,0.087,5.000,True
2026-09-09 13:22:41.70+00:00,0,47.05068176,8.31459042,18.000,41.700,-0.386,0.087,5.000,True
2026-09-09 13:22:41.75+00:00,0,47.05068092,8.31459347,18.000,41.750,-0.381,0.087,5.000,True
2026-09-09 13:22:41.80+00:00,0,47.05068008,8.31459654,18.000,41.800,-0.377,0.087,5.000,True
2026-09-09 13:22:41.85+00:00,0,47.05067925,8.31459960,18.000,41.850,-0.373,0.087,5.000,True
2026-09-09 13:22:41.90+00:00,0,47.05067844,8.31460268,18.000,41.900,-0.368,0.087,5.000,True
2026-09-09 13:22:41.95+00:00,0,47.05067763,8.31460576,18.000,41.950,-0.364,0.087,5.000,True
2026-09-09 13:22:42.00+00:00,0,47.05067683,8.31460884,18.000,42.000,-0.360,0.087,5.000,True
2026-09-09 13:22:42.05+00:00,0,47.05067603,8.31461193,18.000,42.050,-0.355,0.087,5.000,True
2026-09-09 13:22:42.10+00:00,0,47.05067525,8.31461502,18.000,42.100,-0.351,0.087,5.000,True
2026-09-09 13:22:42.15+00:00,0,47.05067448,8.31461812,18.000,42.150,-0.346,0.087,5.000,True
2026-09-09 13:22:42.20+00:00,0,47.05067372,8.31462123,18.000,42.200,-0.342,0.087,5.000,True
2026-09-09 13:22:42.25+00:00,0,47.05067296,8.31462433,18.000,42.250,-0.338,0.087,5.000,True
2026-09-09 13:22:42.30+00:00,0,47.05067222,8.31462745,18.000,42.300,-0.333,0.087,5.000,True
2026-09-09 13:22:42.35+00:00,0,47.05067148,8.31463057,18.000,42.350,-0.329,0.087,5.000,True
2026-09-09 13:22:42.40+00:00,0,47.05067076,8.31463369,18.000,42.400,-0.325,0.087,5.000,True
2026-09-09 13:22:42.45+00:00,0,47.05067004,8.31463682,18.000,42.450,-0.320,0.087,5.000,True
2026-09-09 13:22:42.50+00:00,0,47.05066933,8.31463995,18.000,42.500,-0.316,0.087,5.000,True
2026-09-09 13:22:42.55+00:00,0,47.05066863,8.31464308,18.000,42.550,-0.312,0.087,5.000,True
2026-09-09 13:22:42.60+00:00,0,47.05066794,8.31464623,18.000,42.600,-0.307,0.087,5.000,True
2026-09-09 13:22:42.65+00:00,0,47.05066726,8.31464937,18.000,42.650,-0.303,0.087,5.000,True
2026-09-09 13:22:42.70+00:00,0,47.05066659,8.31465252,18.000,42.700,-0.298,0.087,5.000,True
2026-09-09 13:22:42.75+00:00,0,47.05066593,8.31465567,18.000,42.750,-0.294,0.087,5.000,True
2026-09-09 13:22:42.80+00:00,0,47.05066528,8.31465883,18.000,42.800,-0.290,0.087,5.000,True
2026-09-09 13:22:42.85+00:00,0,47.05066464,8.31466199,18.000,42.850,-0.285,0.087,5.000,True
2026-09-09 13:22:42.90+00:00,0,47.05066400,8.31466516,18.000,42.900,-0.281,0.087,5.000,True
2026-09-09 13:22:42.95+00:00,0,47.05066338,8.31466833,18.000,42.950,-0.277,0.087,5.000,True
2026-09-09 13:22:43.00+00:00,0,47.05066277,8.31467151,18.000,43.000,-0.272,0.087,5.000,True
2026-09-09 13:22:43.05+00:00,0,47.05066216,8.31467468,18.000,43.050,-0.268,0.087,5.000,True
2026-09-09 13:22:43.10+00:00,0,47.05066157,8.31467787,18.000,43.100,-0.264,0.087,5.000,True
2026-09-09 13:22:43.15+00:00,0,47.05066098,8.31468105,18.000,43.150,-0.259,0.087,5.000,True
2026-09-09 13:22:43.20+00:00,0,47.05066041,8.31468424,18.000,43.200,-0.255,0.087,5.000,True
2026-09-09 13:22:43.25+00:00,0,47.05065984,8.31468743,18.000,43.250,-0.250,0.087,5.000,True
2026-09-09 13:22:43.30+00:00,0,47.05065928,8.31469063,18.000,43.300,-0.246,0.087,5.000,True
2026-09-09 13:22:43.35+00:00,0,47.05065873,8.31469383,18.000,43.350,-0.242,0.087,5.000,True
2026-09-09 13:22:43.40+00:00,0,47.05065820,8.31469704,18.000,43.400,-0.237,0.087,5.000,True
2026-09-09 13:22:43.45+00:00,0,47.05065767,8.31470024,18.000,43.450,-0.233,0.070,5.000,True
2026-09-09 13:22:43.50+00:00,0,47.05065715,8.31470345,18.000,43.500,-0.230,0.070,5.000,True
2026-09-09 13:22:43.55+00:00,0,47.05065664,8.31470667,18.000,43.550,-0.226,0.070,5.000,True
2026-09-09 13:22:43.60+00:00,0,47.05065613,8.31470988,18.000,43.600,-0.223,0.070,5.000,True
2026-09-09 13:22:43.65+00:00,0,47.05065564,8.31471310,18.000,43.650,-0.219,0.052,5.000,True
2026-09-09 13:22:43.70+00:00,0,47.05065515,8.31471632,18.000,43.700,-0.216,0.052,5.000,True
2026-09-09 13:22:43.75+00:00,0,47.05065466,8.31471954,18.000,43.750,-0.214,0.052,5.000,True
2026-09-09 13:22:43.80+00:00,0,47.05065419,8.31472277,18.000,43.800,-0.211,0.052,5.000,True
2026-09-09 13:22:43.85+00:00,0,47.05065372,8.31472600,18.000,43.850,-0.209,0.052,5.000,True
2026-09-09 13:22:43.90+00:00,0,47.05065325,8.31472922,18.000,43.900,-0.206,0.052,5.000,True
2026-09-09 13:22:43.95+00:00,0,47.05065279,8.31473245,18.000,43.950,-0.203,0.052,5.000,True
2026-09-09 13:22:44.00+00:00,0,47.05065234,8.31473569,18.000,44.000,-0.201,0.052,5.000,True
2026-09-09 13:22:44.05+00:00,0,47.05065189,8.31473892,18.000,44.050,-0.198,0.052,5.000,True
2026-09-09 13:22:44.10+00:00,0,47.05065145,8.31474215,18.000,44.100,-0.195,0.052,5.000,True
2026-09-09 13:22:44.15+00:00,0,47.05065101,8.31474539,18.000,44.150,-0.193,0.052,5.000,True
2026-09-09 13:22:44.20+00:00,0,47.05065058,8.31474863,18.000,44.200,-0.190,0.052,5.000,True
2026-09-09 13:22:44.25+00:00,0,47.05065015,8.31475187,18.000,44.250,-0.188,0.052,5.000,True
2026-09-09 13:22:44.30+00:00,0,47.05064973,8.31475511,18.000,44.300,-0.185,0.052,5.000,True
2026-09-09 13:22:44.35+00:00,0,47.05064932,8.31475836,18.000,44.350,-0.182,0.052,5.000,True
2026-09-09 13:22:44.40+00:00,0,47.05064891,8.31476160,18.000,44.400,-0.180,0.000,5.000,True
2026-09-09 13:22:44.45+00:00,0,47.05064851,8.31476485,18.000,44.450,-0.180,0.000,5.000,True
2026-09-09 13:22:44.50+00:00,0,47.05064811,8.31476809,18.000,44.500,-0.180,0.000,5.000,True
2026-09-09 13:22:44.55+00:00,0,47.05064771,8.31477134,18.000,44.550,-0.180,0.000,5.000,True
2026-09-09 13:22:44.60+00:00,0,47.05064731,8.31477459,18.000,44.600,-0.180,0.000,5.000,True
2026-09-09 13:22:44.65+00:00,0,47.05064690,8.31477783,18.000,44.650,-0.180,0.000,5.000,True
2026-09-09 13:22:44.70+00:00,0,47.05064650,8.31478108,18.000,44.700,-0.180,0.000,5.000,True
2026-09-09 13:22:44.75+00:00,0,47.05064610,8.31478433,18.000,44.750,-0.180,0.000,5.000,True
2026-09-09 13:22:44.80+00:00,0,47.05064570,8.31478757,18.000,44.800,-0.180,0.000,5.000,True
2026-09-09 13:22:44.85+00:00,0,47.05064530,8.31479082,18.000,44.850,-0.180,0.000,5.000,True
2026-09-09 13:22:44.90+00:00,0,47.05064489,8.31479407,18.000,44.900,-0.180,0.000,5.000,True
2026-09-09 13:22:44.95+00:00,0,47.05064449,8.31479731,18.000,44.950,-0.180,0.000,5.000,True
2026-09-09 13:22:45.00+00:00,0,47.05064409,8.31480056,18.000,45.000,-0.180,0.000,5.000,True
2026-09-09 13:22:45.05+00:00,0,47.05064369,8.31480381,18.000,45.050,-0.180,0.000,5.000,True
2026-09-09 13:22:45.10+00:00,0,47.05064329,8.31480705,18.000,45.100,-0.180,0.000,5.000,True
2026-09-09 13:22:45.15+00:00,0,47.05064288,8.31481030,18.000,45.150,-0.180,0.000,5.000,True
2026-09-09 13:22:45.20+00:00,0,47.05064248,8.31481355,18.000,45.200,-0.180,0.000,5.000,True
2026-09-09 13:22:45.25+00:00,0,47.05064208,8.31481679,18.000,45.250,-0.180,0.000,5.000,True
2026-09-09 13:22:45.30+00:00,0,47.05064168,8.31482004,18.000,45.300,-0.180,0.000,5.000,True
2026-09-09 13:22:45.35+00:00,0,47.05064128,8.31482329,18.000,45.350,-0.180,0.000,5.000,True
2026-09-09 13:22:45.40+00:00,0,47.05064087,8.31482653,18.000,45.400,-0.180,0.000,5.000,True
2026-09-09 13:22:45.45+00:00,0,47.05064047,8.31482978,18.000,45.450,-0.180,0.000,5.000,True
2026-09-09 13:22:45.50+00:00,0,47.05064007,8.31483303,18.000,45.500,-0.180,0.000,5.000,True
2026-09-09 13:22:45.55+00:00,0,47.05063967,8.31483627,18.000,45.550,-0.180,0.000,5.000,True
2026-09-09 13:22:45.60+00:00,0,47.05063927,8.31483952,18.000,45.600,-0.180,0.000,5.000,True
2026-09-09 13:22:45.65+00:00,0,47.05063886,8.31484277,18.000,45.650,-0.180,0.000,5.000,True
2026-09-09 13:22:45.70+00:00,0,47.05063846,8.31484601,18.000,45.700,-0.180,0.000,5.000,True
2026-09-09 13:22:45.75+00:00,0,47.05063806,8.31484926,18.000,45.750,-0.180,0.000,5.000,True
2026-09-09 13:22:45.80+00:00,0,47.05063766,8.31485251,18.000,45.800,-0.180,0.000,5.000,True
2026-09-09 13:22:45.85+00:00,0,47.05063726,8.31485575,18.000,45.850,-0.180,0.000,5.000,True
2026-09-09 13:22:45.90+00:00,0,47.05063685,8.31485900,18.000,45.900,-0.180,0.000,5.000,True
2026-09-09 13:22:45.95+00:00,0,47.05063645,8.31486225,18.000,45.950,-0.180,0.000,5.000,True
2026-09-09 13:22:46.00+00:00,0,47.05063605,8.31486549,18.000,46.000,-0.180,0.000,5.000,True
2026-09-09 13:22:46.05+00:00,0,47.05063565,8.31486874,18.000,46.050,-0.180,0.000,5.000,True
2026-09-09 13:22:46.10+00:00,0,47.05063525,8.31487199,18.000,46.100,-0.180,0.000,5.000,True
2026-09-09 13:22:46.15+00:00,0,47.05063484,8.31487523,18.000,46.150,-0.180,0.000,5.000,True
2026-09-09 13:22:46.20+00:00,0,47.05063444,8.31487848,18.000,46.200,-0.180,0.000,5.000,True
2026-09-09 13:22:46.25+00:00,0,47.05063404,8.31488173,18.000,46.250,-0.180,0.000,5.000,True
2026-09-09 13:22:46.30+00:00,0,47.05063364,8.31488497,18.000,46.300,-0.180,0.000,5.000,True
2026-09-09 13:22:46.35+00:00,0,47.05063324,8.31488822,18.000,46.350,-0.180,0.000,5.000,True
2026-09-09 13:22:46.40+00:00,0,47.05063283,8.31489147,18.000,46.400,-0.180,0.000,5.000,True
2026-09-09 13:22:46.45+00:00,0,47.05063243,8.31489471,18.000,46.450,-0.180,0.000,5.000,True
2026-09-09 13:22:46.50+00:00,0,47.05063203,8.31489796,18.000,46.500,-0.180,0.000,5.000,True
2026-09-09 13:22:46.55+00:00,0,47.05063163,8.31490121,18.000,46.550,-0.180,0.000,5.000,True
2026-09-09 13:22:46.60+00:00,0,47.05063123,8.31490445,18.000,46.600,-0.180,0.000,5.000,True
2026-09-09 13:22:46.65+00:00,0,47.05063082,8.31490770,18.000,46.650,-0.180,0.000,5.000,True
2026-09-09 13:22:46.70+00:00,0,47.05063042,8.31491094,18.000,46.700,-0.180,0.000,5.000,True
2026-09-09 13:22:46.75+00:00,0,47.05063002,8.31491419,18.000,46.750,-0.180,0.000,5.000,True
2026-09-09 13:22:46.80+00:00,0,47.05062962,8.31491744,18.000,46.800,-0.180,0.000,5.000,True
2026-09-09 13:22:46.85+00:00,0,47.05062922,8.31492068,18.000,46.850,-0.180,0.000,5.000,True
2026-09-09 13:22:46.90+00:00,0,47.05062881,8.31492393,18.000,46.900,-0.180,0.000,5.000,True
2026-09-09 13:22:46.95+00:00,0,47.05062841,8.31492718,18.000,46.950,-0.180,0.000,5.000,True
2026-09-09 13:22:47.00+00:00,0,47.05062801,8.31493042,18.000,47.000,-0.180,-0.017,5.000,True
2026-09-09 13:22:47.05+00:00,0,47.05062761,8.31493367,18.000,47.050,-0.181,-0.017,5.000,True
2026-09-09 13:22:47.10+00:00,0,47.05062720,8.31493692,18.000,47.100,-0.182,-0.017,5.000,True
2026-09-09 13:22:47.15+00:00,0,47.05062680,8.31494016,18.000,47.150,-0.182,0.000,5.000,True
2026-09-09 13:22:47.20+00:00,0,47.05062639,8.31494341,18.000,47.200,-0.182,0.000,5.000,True
2026-09-09 13:22:47.25+00:00,0,47.05062598,8.31494665,18.000,47.250,-0.182,0.000,5.000,True
2026-09-09 13:22:47.30+00:00,0,47.05062557,8.31494990,18.000,47.300,-0.182,0.000,5.000,True
2026-09-09 13:22:47.35+00:00,0,47.05062517,8.31495314,18.000,47.350,-0.182,0.000,5.000,True
2026-09-09 13:22:47.40+00:00,0,47.05062476,8.31495639,18.000,47.400,-0.182,0.017,5.000,True
2026-09-09 13:22:47.45+00:00,0,47.05062435,8.31495963,18.000,47.450,-0.182,0.017,5.000,True
2026-09-09 13:22:47.50+00:00,0,47.05062394,8.31496288,18.000,47.500,-0.181,0.017,5.000,True
2026-09-09 13:22:47.55+00:00,0,47.05062354,8.31496612,18.000,47.550,-0.180,0.017,5.000,True
2026-09-09 13:22:47.60+00:00,0,47.05062314,8.31496937,18.000,47.600,-0.179,0.000,5.000,True
2026-09-09 13:22:47.65+00:00,0,47.05062274,8.31497262,18.000,47.650,-0.179,0.000,5.000,True
2026-09-09 13:22:47.70+00:00,0,47.05062234,8.31497587,18.000,47.700,-0.179,0.000,5.000,True
2026-09-09 13:22:47.75+00:00,0,47.05062194,8.31497911,18.000,47.750,-0.179,-0.017,5.000,True
2026-09-09 13:22:47.80+00:00,0,47.05062154,8.31498236,18.000,47.800,-0.180,-0.017,5.000,True
2026-09-09 13:22:47.85+00:00,0,47.05062114,8.31498561,18.000,47.850,-0.181,-0.017,5.000,True
2026-09-09 13:22:47.90+00:00,0,47.05062073,8.31498885,18.000,47.900,-0.182,-0.035,5.000,True
2026-09-09 13:22:47.95+00:00,0,47.05062033,8.31499210,18.000,47.950,-0.183,-0.035,5.000,True
2026-09-09 13:22:48.00+00:00,0,47.05061992,8.31499534,18.000,48.000,-0.185,-0.035,5.000,True
2026-09-09 13:22:48.05+00:00,0,47.05061950,8.31499859,18.000,48.050,-0.187,-0.035,5.000,True
2026-09-09 13:22:48.10+00:00,0,47.05061909,8.31500183,18.000,48.100,-0.188,-0.052,5.000,True
2026-09-09 13:22:48.15+00:00,0,47.05061866,8.31500507,18.000,48.150,-0.191,-0.052,5.000,True
2026-09-09 13:22:48.20+00:00,0,47.05061824,8.31500831,18.000,48.200,-0.194,-0.052,5.000,True
2026-09-09 13:22:48.25+00:00,0,47.05061780,8.31501155,18.000,48.250,-0.196,-0.052,5.000,True
2026-09-09 13:22:48.30+00:00,0,47.05061737,8.31501478,18.000,48.300,-0.199,-0.035,5.000,True
2026-09-09 13:22:48.35+00:00,0,47.05061692,8.31501802,18.000,48.350,-0.201,-0.035,5.000,True
2026-09-09 13:22:48.40+00:00,0,47.05061647,8.31502125,18.000,48.400,-0.202,-0.017,5.000,True
2026-09-09 13:22:48.45+00:00,0,47.05061602,8.31502448,18.000,48.450,-0.203,-0.017,5.000,True
2026-09-09 13:22:48.50+00:00,0,47.05061557,8.31502772,18.000,48.500,-0.204,0.000,5.000,True
2026-09-09 13:22:48.55+00:00,0,47.05061511,8.31503095,18.000,48.550,-0.204,0.000,5.000,True
2026-09-09 13:22:48.60+00:00,0,47.05061466,8.31503418,18.000,48.600,-0.204,0.000,5.000,True
2026-09-09 13:22:48.65+00:00,0,47.05061420,8.31503741,18.000,48.650,-0.204,0.017,5.000,True
2026-09-09 13:22:48.70+00:00,0,47.05061374,8.31504064,18.000,48.700,-0.203,0.017,5.000,True
2026-09-09 13:22:48.75+00:00,0,47.05061329,8.31504387,18.000,48.750,-0.202,0.035,5.000,True
2026-09-09 13:22:48.80+00:00,0,47.05061284,8.31504711,18.000,48.800,-0.201,0.035,5.000,True
2026-09-09 13:22:48.85+00:00,0,47.05061239,8.31505034,18.000,48.850,-0.199,0.052,5.000,True
2026-09-09 13:22:48.90+00:00,0,47.05061194,8.31505357,18.000,48.900,-0.196,0.052,5.000,True
2026-09-09 13:22:48.95+00:00,0,47.05061151,8.31505681,18.000,48.950,-0.194,0.052,5.000,True
2026-09-09 13:22:49.00+00:00,0,47.05061107,8.31506005,18.000,49.000,-0.191,0.035,5.000,True
2026-09-09 13:22:49.05+00:00,0,47.05061065,8.31506329,18.000,49.050,-0.189,0.035,5.000,True
2026-09-09 13:22:49.10+00:00,0,47.05061022,8.31506653,18.000,49.100,-0.188,0.017,5.000,True
2026-09-09 13:22:49.15+00:00,0,47.05060980,8.31506977,18.000,49.150,-0.187,0.017,5.000,True
2026-09-09 13:22:49.20+00:00,0,47.05060939,8.31507301,18.000,49.200,-0.186,0.017,5.000,True
2026-09-09 13:22:49.25+00:00,0,47.05060897,8.31507626,18.000,49.250,-0.185,0.017,5.000,True
2026-09-09 13:22:49.30+00:00,0,47.05060856,8.31507950,18.000,49.300,-0.184,0.017,5.000,True
2026-09-09 13:22:49.35+00:00,0,47.05060815,8.31508274,18.000,49.350,-0.183,0.017,5.000,True
2026-09-09 13:22:49.40+00:00,0,47.05060774,8.31508599,18.000,49.400,-0.182,0.017,5.000,True
2026-09-09 13:22:49.45+00:00,0,47.05060733,8.31508923,18.000,49.450,-0.182,0.017,5.000,True
2026-09-09 13:22:49.50+00:00,0,47.05060692,8.31509248,18.000,49.500,-0.181,0.017,5.000,True
2026-09-09 13:22:49.55+00:00,0,47.05060652,8.31509572,18.000,49.550,-0.180,0.017,5.000,True
2026-09-09 13:22:49.60+00:00,0,47.05060612,8.31509897,18.000,49.600,-0.179,0.017,5.000,True
2026-09-09 13:22:49.65+00:00,0,47.05060572,8.31510222,18.000,49.650,-0.178,0.017,5.000,True
2026-09-09 13:22:49.70+00:00,0,47.05060532,8.31510547,18.000,49.700,-0.177,0.017,5.000,True
2026-09-09 13:22:49.75+00:00,0,47.05060492,8.31510871,18.000,49.750,-0.176,0.017,5.000,True
2026-09-09 13:22:49.80+00:00,0,47.05060453,8.31511196,18.000,49.800,-0.175,0.017,5.000,True
2026-09-09 13:22:49.85+00:00,0,47.05060414,8.31511521,18.000,49.850,-0.175,0.017,5.000,True
2026-09-09 13:22:49.90+00:00,0,47.05060374,8.31511846,18.000,49.900,-0.174,0.017,5.000,True
2026-09-09 13:22:49.95+00:00,0,47.05060336,8.31512171,18.000,49.950,-0.173,0.017,5.000,True
2026-09-09 13:22:50.00+00:00,0,47.05060297,8.31512496,18.000,50.000,-0.172,0.017,5.000,True
2026-09-09 13:22:50.05+00:00,0,47.05060259,8.31512821,18.000,50.050,-0.171,0.017,5.000,True
2026-09-09 13:22:50.10+00:00,0,47.05060220,8.31513146,18.000,50.100,-0.170,0.000,5.000,True
2026-09-09 13:22:50.15+00:00,0,47.05060182,8.31513472,18.000,50.150,-0.170,0.000,5.000,True
2026-09-09 13:22:50.20+00:00,0,47.05060144,8.31513797,18.000,50.200,-0.170,0.000,5.000,True
2026-09-09 13:22:50.25+00:00,0,47.05060106,8.31514122,18.000,50.250,-0.170,0.000,5.000,True
2026-09-09 13:22:50.30+00:00,0,47.05060068,8.31514447,18.000,50.300,-0.170,0.000,5.000,True
2026-09-09 13:22:50.35+00:00,0,47.05060030,8.31514773,18.000,50.350,-0.170,0.000,5.000,True
2026-09-09 13:22:50.40+00:00,0,47.05059992,8.31515098,18.000,50.400,-0.170,0.000,5.000,True
2026-09-09 13:22:50.45+00:00,0,47.05059954,8.31515423,18.000,50.450,-0.170,0.000,5.000,True
2026-09-09 13:22:50.50+00:00,0,47.05059916,8.31515748,18.000,50.500,-0.170,0.000,5.000,True
2026-09-09 13:22:50.55+00:00,0,47.05059878,8.31516073,18.000,50.550,-0.170,0.000,5.000,True
2026-09-09 13:22:50.60+00:00,0,47.05059840,8.31516399,18.000,50.600,-0.170,0.000,5.000,True
2026-09-09 13:22:50.65+00:00,0,47.05059801,8.31516724,18.000,50.650,-0.170,0.000,5.000,True
2026-09-09 13:22:50.70+00:00,0,47.05059763,8.31517049,18.000,50.700,-0.170,0.000,5.000,True
2026-09-09 13:22:50.75+00:00,0,47.05059725,8.31517374,18.000,50.750,-0.170,0.000,5.000,True
2026-09-09 13:22:50.80+00:00,0,47.05059687,8.31517699,18.000,50.800,-0.170,0.000,5.000,True
2026-09-09 13:22:50.85+00:00,0,47.05059649,8.31518025,18.000,50.850,-0.170,0.000,5.000,True
2026-09-09 13:22:50.90+00:00,0,47.05059611,8.31518350,18.000,50.900,-0.170,0.000,5.000,True
2026-09-09 13:22:50.95+00:00,0,47.05059573,8.31518675,18.000,50.950,-0.170,0.000,5.000,True
2026-09-09 13:22:51.00+00:00,0,47.05059535,8.31519000,18.000,51.000,-0.170,0.000,5.000,True
2026-09-09 13:22:51.05+00:00,0,47.05059497,8.31519326,18.000,51.050,-0.170,0.000,5.000,True
2026-09-09 13:22:51.10+00:00,0,47.05059459,8.31519651,18.000,51.100,-0.170,0.000,5.000,True
2026-09-09 13:22:51.15+00:00,0,47.05059421,8.31519976,18.000,51.150,-0.170,0.000,5.000,True
2026-09-09 13:22:51.20+00:00,0,47.05059383,8.31520301,18.000,51.200,-0.170,0.000,5.000,True
2026-09-09 13:22:51.25+00:00,0,47.05059345,8.31520626,18.000,51.250,-0.170,0.000,5.000,True
2026-09-09 13:22:51.30+00:00,0,47.05059306,8.31520952,18.000,51.300,-0.170,0.000,5.000,True
2026-09-09 13:22:51.35+00:00,0,47.05059268,8.31521277,18.000,51.350,-0.170,0.000,5.000,True
2026-09-09 13:22:51.40+00:00,0,47.05059230,8.31521602,18.000,51.400,-0.170,0.000,5.000,True
2026-09-09 13:22:51.45+00:00,0,47.05059192,8.31521927,18.000,51.450,-0.170,0.000,5.000,True
2026-09-09 13:22:51.50+00:00,0,47.05059154,8.31522252,18.000,51.500,-0.170,0.000,5.000,True
2026-09-09 13:22:51.55+00:00,0,47.05059116,8.31522578,18.000,51.550,-0.170,0.000,5.000,True
2026-09-09 13:22:51.60+00:00,0,47.05059078,8.31522903,18.000,51.600,-0.170,0.000,5.000,True
2026-09-09 13:22:51.65+00:00,0,47.05059040,8.31523228,18.000,51.650,-0.170,0.000,5.000,True
2026-09-09 13:22:51.70+00:00,0,47.05059002,8.31523553,18.000,51.700,-0.170,0.000,5.000,True
2026-09-09 13:22:51.75+00:00,0,47.05058964,8.31523878,18.000,51.750,-0.170,0.000,5.000,True
2026-09-09 13:22:51.80+00:00,0,47.05058926,8.31524204,18.000,51.800,-0.170,0.000,5.000,True
2026-09-09 13:22:51.85+00:00,0,47.05058888,8.31524529,18.000,51.850,-0.170,0.000,5.000,True
2026-09-09 13:22:51.90+00:00,0,47.05058850,8.31524854,18.000,51.900,-0.170,0.000,5.000,True
2026-09-09 13:22:51.95+00:00,0,47.05058811,8.31525179,18.000,51.950,-0.170,0.000,5.000,True
2026-09-09 13:22:52.00+00:00,0,47.05058773,8.31525505,18.000,52.000,-0.170,0.000,5.000,True
2026-09-09 13:22:52.05+00:00,0,47.05058735,8.31525830,18.000,52.050,-0.170,0.000,5.000,True
2026-09-09 13:22:52.10+00:00,0,47.05058697,8.31526155,18.000,52.100,-0.170,0.000,5.000,True
2026-09-09 13:22:52.15+00:00,0,47.05058659,8.31526480,18.000,52.150,-0.170,0.000,5.000,True
2026-09-09 13:22:52.20+00:00,0,47.05058621,8.31526805,18.000,52.200,-0.170,0.000,5.000,True
2026-09-09 13:22:52.25+00:00,0,47.05058583,8.31527131,18.000,52.250,-0.170,0.000,5.000,True
2026-09-09 13:22:52.30+00:00,0,47.05058545,8.31527456,18.000,52.300,-0.170,0.000,5.000,True
2026-09-09 13:22:52.35+00:00,0,47.05058507,8.31527781,18.000,52.350,-0.170,0.000,5.000,True
2026-09-09 13:22:52.40+00:00,0,47.05058469,8.31528106,18.000,52.400,-0.170,0.000,5.000,True
2026-09-09 13:22:52.45+00:00,0,47.05058431,8.31528431,18.000,52.450,-0.170,0.000,5.000,True
2026-09-09 13:22:52.50+00:00,0,47.05058393,8.31528757,18.000,52.500,-0.170,0.000,5.000,True
2026-09-09 13:22:52.55+00:00,0,47.05058355,8.31529082,18.000,52.550,-0.170,0.000,5.000,True
2026-09-09 13:22:52.60+00:00,0,47.05058317,8.31529407,18.000,52.600,-0.170,0.000,5.000,True
2026-09-09 13:22:52.65+00:00,0,47.05058278,8.31529732,18.000,52.650,-0.170,0.000,5.000,True
2026-09-09 13:22:52.70+00:00,0,47.05058240,8.31530058,18.000,52.700,-0.170,0.000,5.000,True
2026-09-09 13:22:52.75+00:00,0,47.05058202,8.31530383,18.000,52.750,-0.170,0.000,5.000,True
2026-09-09 13:22:52.80+00:00,0,47.05058164,8.31530708,18.000,52.800,-0.170,0.000,5.000,True
2026-09-09 13:22:52.85+00:00,0,47.05058126,8.31531033,18.000,52.850,-0.170,0.000,5.000,True
2026-09-09 13:22:52.90+00:00,0,47.05058088,8.31531358,18.000,52.900,-0.170,0.000,5.000,True
2026-09-09 13:22:52.95+00:00,0,47.05058050,8.31531684,18.000,52.950,-0.170,0.000,5.000,True
2026-09-09 13:22:53.00+00:00,0,47.05058012,8.31532009,18.000,53.000,-0.170,0.000,5.000,True
2026-09-09 13:22:53.05+00:00,0,47.05057974,8.31532334,18.000,53.050,-0.170,0.000,5.000,True
2026-09-09 13:22:53.10+00:00,0,47.05057936,8.31532659,18.000,53.100,-0.170,0.000,5.000,True
2026-09-09 13:22:53.15+00:00,0,47.05057898,8.31532984,18.000,53.150,-0.170,0.000,5.000,True
2026-09-09 13:22:53.20+00:00,0,47.05057860,8.31533310,18.000,53.200,-0.170,0.000,5.000,True
2026-09-09 13:22:53.25+00:00,0,47.05057822,8.31533635,18.000,53.250,-0.170,0.000,5.000,True
2026-09-09 13:22:53.30+00:00,0,47.05057783,8.31533960,18.000,53.300,-0.170,0.000,5.000,True
2026-09-09 13:22:53.35+00:00,0,47.05057745,8.31534285,18.000,53.350,-0.170,0.000,5.000,True
2026-09-09 13:22:53.40+00:00,0,47.05057707,8.31534610,18.000,53.400,-0.170,0.000,5.000,True
2026-09-09 13:22:53.45+00:00,0,47.05057669,8.31534936,18.000,53.450,-0.170,0.000,5.000,True
2026-09-09 13:22:53.50+00:00,0,47.05057631,8.31535261,18.000,53.500,-0.170,0.000,5.000,True
2026-09-09 13:22:53.55+00:00,0,47.05057593,8.31535586,18.000,53.550,-0.170,0.000,5.000,True
2026-09-09 13:22:53.60+00:00,0,47.05057555,8.31535911,18.000,53.600,-0.170,0.000,5.000,True
2026-09-09 13:22:53.65+00:00,0,47.05057517,8.31536237,18.000,53.650,-0.170,0.000,5.000,True
2026-09-09 13:22:53.70+00:00,0,47.05057479,8.31536562,18.000,53.700,-0.170,0.000,5.000,True
2026-09-09 13:22:53.75+00:00,0,47.05057441,8.31536887,18.000,53.750,-0.170,0.000,5.000,True
2026-09-09 13:22:53.80+00:00,0,47.05057403,8.31537212,18.000,53.800,-0.170,0.000,5.000,True
2026-09-09 13:22:53.85+00:00,0,47.05057365,8.31537537,18.000,53.850,-0.170,0.000,5.000,True
2026-09-09 13:22:53.90+00:00,0,47.05057327,8.31537863,18.000,53.900,-0.170,0.000,5.000,True
2026-09-09 13:22:53.95+00:00,0,47.05057288,8.31538188,18.000,53.950,-0.170,0.000,5.000,True
2026-09-09 13:22:54.00+00:00,0,47.05057250,8.31538513,18.000,54.000,-0.170,0.000,5.000,True
2026-09-09 13:22:54.05+00:00,0,47.05057212,8.31538838,18.000,54.050,-0.170,0.000,5.000,True
2026-09-09 13:22:54.10+00:00,0,47.05057174,8.31539163,18.000,54.100,-0.170,0.000,5.000,True
2026-09-09 13:22:54.15+00:00,0,47.05057136,8.31539489,18.000,54.150,-0.170,0.000,5.000,True
2026-09-09 13:22:54.20+00:00,0,47.05057098,8.31539814,18.000,54.200,-0.170,0.000,5.000,True
2026-09-09 13:22:54.25+00:00,0,47.05057060,8.31540139,18.000,54.250,-0.170,0.000,5.000,True
2026-09-09 13:22:54.30+00:00,0,47.05057022,8.31540464,18.000,54.300,-0.170,0.000,5.000,True
2026-09-09 13:22:54.35+00:00,0,47.05056984,8.31540789,18.000,54.350,-0.170,0.000,5.000,True
2026-09-09 13:22:54.40+00:00,0,47.05056946,8.31541115,18.000,54.400,-0.170,0.000,5.000,True
2026-09-09 13:22:54.45+00:00,0,47.05056908,8.31541440,18.000,54.450,-0.170,0.000,5.000,True
2026-09-09 13:22:54.50+00:00,0,47.05056870,8.31541765,18.000,54.500,-0.170,0.000,5.000,True
2026-09-09 13:22:54.55+00:00,0,47.05056832,8.31542090,18.000,54.550,-0.170,0.000,5.000,True
2026-09-09 13:22:54.60+00:00,0,47.05056794,8.31542416,18.000,54.600,-0.170,0.000,5.000,True
2026-09-09 13:22:54.65+00:00,0,47.05056755,8.31542741,18.000,54.650,-0.170,0.000,5.000,True
2026-09-09 13:22:54.70+00:00,0,47.05056717,8.31543066,18.000,54.700,-0.170,0.000,5.000,True
2026-09-09 13:22:54.75+00:00,0,47.05056679,8.31543391,18.000,54.750,-0.170,0.000,5.000,True
2026-09-09 13:22:54.80+00:00,0,47.05056641,8.31543716,18.000,54.800,-0.170,0.000,5.000,True
2026-09-09 13:22:54.85+00:00,0,47.05056603,8.31544042,18.000,54.850,-0.170,0.000,5.000,True
2026-09-09 13:22:54.90+00:00,0,47.05056565,8.31544367,18.000,54.900,-0.170,0.000,5.000,True
2026-09-09 13:22:54.95+00:00,0,47.05056527,8.31544692,18.000,54.950,-0.170,0.000,5.000,True
2026-09-09 13:22:55.00+00:00,0,47.05056489,8.31545017,18.000,55.000,-0.170,0.000,5.000,True
2026-09-09 13:22:55.05+00:00,0,47.05056451,8.31545342,18.000,55.050,-0.170,0.000,5.000,True
2026-09-09 13:22:55.10+00:00,0,47.05056413,8.31545668,18.000,55.100,-0.170,0.000,5.000,True
2026-09-09 13:22:55.15+00:00,0,47.05056375,8.31545993,18.000,55.150,-0.170,0.000,5.000,True
2026-09-09 13:22:55.20+00:00,0,47.05056337,8.31546318,18.000,55.200,-0.170,0.000,5.000,True
2026-09-09 13:22:55.25+00:00,0,47.05056299,8.31546643,18.000,55.250,-0.170,0.000,5.000,True
2026-09-09 13:22:55.30+00:00,0,47.05056260,8.31546969,18.000,55.300,-0.170,0.000,5.000,True
2026-09-09 13:22:55.35+00:00,0,47.05056222,8.31547294,18.000,55.350,-0.170,0.000,5.000,True
2026-09-09 13:22:55.40+00:00,0,47.05056184,8.31547619,18.000,55.400,-0.170,0.000,5.000,True
2026-09-09 13:22:55.45+00:00,0,47.05056146,8.31547944,18.000,55.450,-0.170,0.000,5.000,True
2026-09-09 13:22:55.50+00:00,0,47.05056108,8.31548269,18.000,55.500,-0.170,0.000,5.000,True
2026-09-09 13:22:55.55+00:00,0,47.05056070,8.31548595,18.000,55.550,-0.170,0.000,5.000,True
2026-09-09 13:22:55.60+00:00,0,47.05056032,8.31548920,18.000,55.600,-0.170,0.000,5.000,True
2026-09-09 13:22:55.65+00:00,0,47.05055994,8.31549245,18.000,55.650,-0.170,0.000,5.000,True
2026-09-09 13:22:55.70+00:00,0,47.05055956,8.31549570,18.000,55.700,-0.170,0.000,5.000,True
2026-09-09 13:22:55.75+00:00,0,47.05055918,8.31549895,18.000,55.750,-0.170,0.000,5.000,True
2026-09-09 13:22:55.80+00:00,0,47.05055880,8.31550221,18.000,55.800,-0.170,0.000,5.000,True
2026-09-09 13:22:55.85+00:00,0,47.05055842,8.31550546,18.000,55.850,-0.170,0.000,5.000,True
2026-09-09 13:22:55.90+00:00,0,47.05055804,8.31550871,18.000,55.900,-0.170,0.000,5.000,True
2026-09-09 13:22:55.95+00:00,0,47.05055765,8.31551196,18.000,55.950,-0.170,0.000,5.000,True
2026-09-09 13:22:56.00+00:00,0,47.05055727,8.31551521,18.000,56.000,-0.170,0.000,5.000,True
2026-09-09 13:22:56.05+00:00,0,47.05055689,8.31551847,18.000,56.050,-0.170,0.000,5.000,True
2026-09-09 13:22:56.10+00:00,0,47.05055651,8.31552172,18.000,56.100,-0.170,0.000,5.000,True
2026-09-09 13:22:56.15+00:00,0,47.05055613,8.31552497,18.000,56.150,-0.170,0.000,5.000,True
2026-09-09 13:22:56.20+00:00,0,47.05055575,8.31552822,18.000,56.200,-0.170,0.000,5.000,True
2026-09-09 13:22:56.25+00:00,0,47.05055537,8.31553148,18.000,56.250,-0.170,0.000,5.000,True
2026-09-09 13:22:56.30+00:00,0,47.05055499,8.31553473,18.000,56.300,-0.170,0.000,5.000,True
2026-09-09 13:22:56.35+00:00,0,47.05055461,8.31553798,18.000,56.350,-0.170,0.000,5.000,True
2026-09-09 13:22:56.40+00:00,0,47.05055423,8.31554123,18.000,56.400,-0.170,0.000,5.000,True
2026-09-09 13:22:56.45+00:00,0,47.05055385,8.31554448,18.000,56.450,-0.170,0.000,5.000,True
2026-09-09 13:22:56.50+00:00,0,47.05055347,8.31554774,18.000,56.500,-0.170,0.000,5.000,True
2026-09-09 13:22:56.55+00:00,0,47.05055309,8.31555099,18.000,56.550,-0.170,0.000,5.000,True
2026-09-09 13:22:56.60+00:00,0,47.05055271,8.31555424,18.000,56.600,-0.170,0.000,5.000,True
2026-09-09 13:22:56.65+00:00,0,47.05055232,8.31555749,18.000,56.650,-0.170,0.000,5.000,True
2026-09-09 13:22:56.70+00:00,0,47.05055194,8.31556074,18.000,56.700,-0.170,0.000,5.000,True
2026-09-09 13:22:56.75+00:00,0,47.05055156,8.31556400,18.000,56.750,-0.170,0.000,5.000,True
2026-09-09 13:22:56.80+00:00,0,47.05055118,8.31556725,18.000,56.800,-0.170,0.000,5.000,True
2026-09-09 13:22:56.85+00:00,0,47.05055080,8.31557050,18.000,56.850,-0.170,0.000,5.000,True
2026-09-09 13:22:56.90+00:00,0,47.05055042,8.31557375,18.000,56.900,-0.170,0.000,5.000,True
2026-09-09 13:22:56.95+00:00,0,47.05055004,8.31557701,18.000,56.950,-0.170,0.000,5.000,True
2026-09-09 13:22:57.00+00:00,0,47.05054966,8.31558026,18.000,57.000,-0.170,0.000,5.000,True
2026-09-09 13:22:57.05+00:00,0,47.05054928,8.31558351,18.000,57.050,-0.170,0.000,5.000,True
2026-09-09 13:22:57.10+00:00,0,47.05054890,8.31558676,18.000,57.100,-0.170,0.000,5.000,True
2026-09-09 13:22:57.15+00:00,0,47.05054852,8.31559001,18.000,57.150,-0.170,0.000,5.000,True
2026-09-09 13:22:57.20+00:00,0,47.05054814,8.31559327,18.000,57.200,-0.170,0.000,5.000,True
2026-09-09 13:22:57.25+00:00,0,47.05054776,8.31559652,18.000,57.250,-0.170,0.000,5.000,True
2026-09-09 13:22:57.30+00:00,0,47.05054737,8.31559977,18.000,57.300,-0.170,0.000,5.000,True
2026-09-09 13:22:57.35+00:00,0,47.05054699,8.31560302,18.000,57.350,-0.170,0.000,5.000,True
2026-09-09 13:22:57.40+00:00,0,47.05054661,8.31560627,18.000,57.400,-0.170,0.000,5.000,True
2026-09-09 13:22:57.45+00:00,0,47.05054623,8.31560953,18.000,57.450,-0.170,0.000,5.000,True
2026-09-09 13:22:57.50+00:00,0,47.05054585,8.31561278,18.000,57.500,-0.170,0.000,5.000,True
2026-09-09 13:22:57.55+00:00,0,47.05054547,8.31561603,18.000,57.550,-0.170,0.000,5.000,True
2026-09-09 13:22:57.60+00:00,0,47.05054509,8.31561928,18.000,57.600,-0.170,0.000,5.000,True
2026-09-09 13:22:57.65+00:00,0,47.05054471,8.31562253,18.000,57.650,-0.170,0.000,5.000,True
2026-09-09 13:22:57.70+00:00,0,47.05054433,8.31562579,18.000,57.700,-0.170,0.000,5.000,True
2026-09-09 13:22:57.75+00:00,0,47.05054395,8.31562904,18.000,57.750,-0.170,0.000,5.000,True
2026-09-09 13:22:57.80+00:00,0,47.05054357,8.31563229,18.000,57.800,-0.170,0.000,5.000,True
2026-09-09 13:22:57.85+00:00,0,47.05054319,8.31563554,18.000,57.850,-0.170,0.000,5.000,True
2026-09-09 13:22:57.90+00:00,0,47.05054281,8.31563880,18.000,57.900,-0.170,0.000,5.000,True
2026-09-09 13:22:57.95+00:00,0,47.05054243,8.31564205,18.000,57.950,-0.170,0.000,5.000,True
2026-09-09 13:22:58.00+00:00,0,47.05054204,8.31564530,18.000,58.000,-0.170,0.000,5.000,True
2026-09-09 13:22:58.05+00:00,0,47.05054166,8.31564855,18.000,58.050,-0.170,0.000,5.000,True
2026-09-09 13:22:58.10+00:00,0,47.05054128,8.31565180,18.000,58.100,-0.170,0.000,5.000,True
2026-09-09 13:22:58.15+00:00,0,47.05054090,8.31565506,18.000,58.150,-0.170,0.000,5.000,True
2026-09-09 13:22:58.20+00:00,0,47.05054052,8.31565831,18.000,58.200,-0.170,0.000,5.000,True
2026-09-09 13:22:58.25+00:00,0,47.05054014,8.31566156,18.000,58.250,-0.170,0.000,5.000,True
2026-09-09 13:22:58.30+00:00,0,47.05053976,8.31566481,18.000,58.300,-0.170,0.000,5.000,True
2026-09-09 13:22:58.35+00:00,0,47.05053938,8.31566806,18.000,58.350,-0.170,0.000,5.000,True
2026-09-09 13:22:58.40+00:00,0,47.05053900,8.31567132,18.000,58.400,-0.170,0.000,5.000,True
2026-09-09 13:22:58.45+00:00,0,47.05053862,8.31567457,18.000,58.450,-0.170,0.000,5.000,True
2026-09-09 13:22:58.50+00:00,0,47.05053824,8.31567782,18.000,58.500,-0.170,0.000,5.000,True
2026-09-09 13:22:58.55+00:00,0,47.05053786,8.31568107,18.000,58.550,-0.170,0.000,5.000,True
2026-09-09 13:22:58.60+00:00,0,47.05053748,8.31568432,18.000,58.600,-0.170,0.000,5.000,True
2026-09-09 13:22:58.65+00:00,0,47.05053709,8.31568758,18.000,58.650,-0.170,0.000,5.000,True
2026-09-09 13:22:58.70+00:00,0,47.05053671,8.31569083,18.000,58.700,-0.170,0.000,5.000,True
2026-09-09 13:22:58.75+00:00,0,47.05053633,8.31569408,18.000,58.750,-0.170,0.000,5.000,True
2026-09-09 13:22:58.80+00:00,0,47.05053595,8.31569733,18.000,58.800,-0.170,0.000,5.000,True
2026-09-09 13:22:58.85+00:00,0,47.05053557,8.31570059,18.000,58.850,-0.170,0.000,5.000,True
2026-09-09 13:22:58.90+00:00,0,47.05053519,8.31570384,18.000,58.900,-0.170,0.000,5.000,True
2026-09-09 13:22:58.95+00:00,0,47.05053481,8.31570709,18.000,58.950,-0.170,0.000,5.000,True
2026-09-09 13:22:59.00+00:00,0,47.05053443,8.31571034,18.000,59.000,-0.170,0.000,5.000,True
2026-09-09 13:22:59.05+00:00,0,47.05053405,8.31571359,18.000,59.050,-0.170,0.000,5.000,True
2026-09-09 13:22:59.10+00:00,0,47.05053367,8.31571685,18.000,59.100,-0.170,0.000,5.000,True
2026-09-09 13:22:59.15+00:00,0,47.05053329,8.31572010,18.000,59.150,-0.170,0.000,5.000,True
2026-09-09 13:22:59.20+00:00,0,47.05053291,8.31572335,18.000,59.200,-0.170,0.000,5.000,True
2026-09-09 13:22:59.25+00:00,0,47.05053253,8.31572660,18.000,59.250,-0.170,0.000,5.000,True
2026-09-09 13:22:59.30+00:00,0,47.05053214,8.31572985,18.000,59.300,-0.170,0.000,5.000,True
2026-09-09 13:22:59.35+00:00,0,47.05053176,8.31573311,18.000,59.350,-0.170,0.000,5.000,True
2026-09-09 13:22:59.40+00:00,0,47.05053138,8.31573636,18.000,59.400,-0.170,0.000,5.000,True
2026-09-09 13:22:59.45+00:00,0,47.05053100,8.31573961,18.000,59.450,-0.170,0.000,5.000,True
2026-09-09 13:22:59.50+00:00,0,47.05053062,8.31574286,18.000,59.500,-0.170,0.000,5.000,True
2026-09-09 13:22:59.55+00:00,0,47.05053024,8.31574612,18.000,59.550,-0.170,0.000,5.000,True
2026-09-09 13:22:59.60+00:00,0,47.05052986,8.31574937,18.000,59.600,-0.170,0.000,5.000,True
2026-09-09 13:22:59.65+00:00,0,47.05052948,8.31575262,18.000,59.650,-0.170,0.000,5.000,True
2026-09-09 13:22:59.70+00:00,0,47.05052910,8.31575587,18.000,59.700,-0.170,0.000,5.000,True
2026-09-09 13:22:59.75+00:00,0,47.05052872,8.31575912,18.000,59.750,-0.170,0.000,5.000,True
2026-09-09 13:22:59.80+00:00,0,47.05052834,8.31576238,18.000,59.800,-0.170,0.000,5.000,True
2026-09-09 13:22:59.85+00:00,0,47.05052796,8.31576563,18.000,59.850,-0.170,0.000,5.000,True
2026-09-09 13:22:59.90+00:00,0,47.05052758,8.31576888,18.000,59.900,-0.170,0.000,5.000,True
2026-09-09 13:22:59.95+00:00,0,47.05052720,8.31577213,18.000,59.950,-0.170,0.000,5.000,True
2026-09-09 13:23:00.00+00:00,0,47.05052681,8.31577538,18.000,60.000,-0.170,0.000,5.000,True
2026-09-09 13:23:00.05+00:00,0,47.05052643,8.31577864,18.000,60.050,-0.170,0.000,5.000,True
2026-09-09 13:23:00.10+00:00,0,47.05052605,8.31578189,18.000,60.100,-0.170,0.000,5.000,True
2026-09-09 13:23:00.15+00:00,0,47.05052567,8.31578514,18.000,60.150,-0.170,0.000,5.000,True
2026-09-09 13:23:00.20+00:00,0,47.05052529,8.31578839,18.000,60.200,-0.170,0.000,5.000,True
2026-09-09 13:23:00.25+00:00,0,47.05052491,8.31579164,18.000,60.250,-0.170,0.000,5.000,True
2026-09-09 13:23:00.30+00:00,0,47.05052453,8.31579490,18.000,60.300,-0.170,0.000,5.000,True
2026-09-09 13:23:00.35+00:00,0,47.05052415,8.31579815,18.000,60.350,-0.170,0.000,5.000,True
2026-09-09 13:23:00.40+00:00,0,47.05052377,8.31580140,18.000,60.400,-0.170,0.000,5.000,True
2026-09-09 13:23:00.45+00:00,0,47.05052339,8.31580465,18.000,60.450,-0.170,0.000,5.000,True
2026-09-09 13:23:00.50+00:00,0,47.05052301,8.31580791,18.000,60.500,-0.170,0.000,5.000,True
2026-09-09 13:23:00.55+00:00,0,47.05052263,8.31581116,18.000,60.550,-0.170,0.000,5.000,True
2026-09-09 13:23:00.60+00:00,0,47.05052225,8.31581441,18.000,60.600,-0.170,0.000,5.000,True
2026-09-09 13:23:00.65+00:00,0,47.05052186,8.31581766,18.000,60.650,-0.170,0.000,5.000,True
2026-09-09 13:23:00.70+00:00,0,47.05052148,8.31582091,18.000,60.700,-0.170,0.000,5.000,True
2026-09-09 13:23:00.75+00:00,0,47.05052110,8.31582417,18.000,60.750,-0.170,0.000,5.000,True
2026-09-09 13:23:00.80+00:00,0,47.05052072,8.31582742,18.000,60.800,-0.170,0.000,5.000,True
2026-09-09 13:23:00.85+00:00,0,47.05052034,8.31583067,18.000,60.850,-0.170,0.000,5.000,True
2026-09-09 13:23:00.90+00:00,0,47.05051996,8.31583392,18.000,60.900,-0.170,0.000,5.000,True
2026-09-09 13:23:00.95+00:00,0,47.05051958,8.31583717,18.000,60.950,-0.170,0.000,5.000,True
2026-09-09 13:23:01.00+00:00,0,47.05051920,8.31584043,18.000,61.000,-0.170,0.000,5.000,True
2026-09-09 13:23:01.05+00:00,0,47.05051882,8.31584368,18.000,61.050,-0.170,0.000,5.000,True
2026-09-09 13:23:01.10+00:00,0,47.05051844,8.31584693,18.000,61.100,-0.170,0.000,5.000,True
2026-09-09 13:23:01.15+00:00,0,47.05051806,8.31585018,18.000,61.150,-0.170,0.000,5.000,True
2026-09-09 13:23:01.20+00:00,0,47.05051768,8.31585343,18.000,61.200,-0.170,0.000,5.000,True
2026-09-09 13:23:01.25+00:00,0,47.05051730,8.31585669,18.000,61.250,-0.170,0.000,5.000,True
2026-09-09 13:23:01.30+00:00,0,47.05051691,8.31585994,18.000,61.300,-0.170,0.000,5.000,True
2026-09-09 13:23:01.35+00:00,0,47.05051653,8.31586319,18.000,61.350,-0.170,0.000,5.000,True
2026-09-09 13:23:01.40+00:00,0,47.05051615,8.31586644,18.000,61.400,-0.170,0.000,5.000,True
2026-09-09 13:23:01.45+00:00,0,47.05051577,8.31586970,18.000,61.450,-0.170,0.000,5.000,True
2026-09-09 13:23:01.50+00:00,0,47.05051539,8.31587295,18.000,61.500,-0.170,0.000,5.000,True
2026-09-09 13:23:01.55+00:00,0,47.05051501,8.31587620,18.000,61.550,-0.170,0.000,5.000,True
2026-09-09 13:23:01.60+00:00,0,47.05051463,8.31587945,18.000,61.600,-0.170,0.000,5.000,True
2026-09-09 13:23:01.65+00:00,0,47.05051425,8.31588270,18.000,61.650,-0.170,0.000,5.000,True
2026-09-09 13:23:01.70+00:00,0,47.05051387,8.31588596,18.000,61.700,-0.170,0.000,5.000,True
2026-09-09 13:23:01.75+00:00,0,47.05051349,8.31588921,18.000,61.750,-0.170,0.000,5.000,True
2026-09-09 13:23:01.80+00:00,0,47.05051311,8.31589246,18.000,61.800,-0.170,0.000,5.000,True
2026-09-09 13:23:01.85+00:00,0,47.05051273,8.31589571,18.000,61.850,-0.170,0.000,5.000,True
2026-09-09 13:23:01.90+00:00,0,47.05051235,8.31589896,18.000,61.900,-0.170,0.000,5.000,True
2026-09-09 13:23:01.95+00:00,0,47.05051197,8.31590222,18.000,61.950,-0.170,0.000,5.000,True
2026-09-09 13:23:02.00+00:00,0,47.05051158,8.31590547,18.000,62.000,-0.170,0.000,5.000,True
2026-09-09 13:23:02.05+00:00,0,47.05051120,8.31590872,18.000,62.050,-0.170,0.000,5.000,True
2026-09-09 13:23:02.10+00:00,0,47.05051082,8.31591197,18.000,62.100,-0.170,0.000,5.000,True
2026-09-09 13:23:02.15+00:00,0,47.05051044,8.31591522,18.000,62.150,-0.170,0.000,5.000,True
2026-09-09 13:23:02.20+00:00,0,47.05051006,8.31591848,18.000,62.200,-0.170,0.000,5.000,True
2026-09-09 13:23:02.25+00:00,0,47.05050968,8.31592173,18.000,62.250,-0.170,0.000,5.000,True
2026-09-09 13:23:02.30+00:00,0,47.05050930,8.31592498,18.000,62.300,-0.170,0.000,5.000,True
2026-09-09 13:23:02.35+00:00,0,47.05050892,8.31592823,18.000,62.350,-0.170,0.000,5.000,True
2026-09-09 13:23:02.40+00:00,0,47.05050854,8.31593149,18.000,62.400,-0.170,0.000,5.000,True
2026-09-09 13:23:02.45+00:00,0,47.05050816,8.31593474,18.000,62.450,-0.170,0.000,5.000,True
2026-09-09 13:23:02.50+00:00,0,47.05050778,8.31593799,18.000,62.500,-0.170,0.000,5.000,True
2026-09-09 13:23:02.55+00:00,0,47.05050740,8.31594124,18.000,62.550,-0.170,0.000,5.000,True
2026-09-09 13:23:02.60+00:00,0,47.05050702,8.31594449,18.000,62.600,-0.170,0.000,5.000,True
2026-09-09 13:23:02.65+00:00,0,47.05050663,8.31594775,18.000,62.650,-0.170,0.000,5.000,True
2026-09-09 13:23:02.70+00:00,0,47.05050625,8.31595100,18.000,62.700,-0.170,0.000,5.000,True
2026-09-09 13:23:02.75+00:00,0,47.05050587,8.31595425,18.000,62.750,-0.170,0.000,5.000,True
2026-09-09 13:23:02.80+00:00,0,47.05050549,8.31595750,18.000,62.800,-0.170,0.000,5.000,True
2026-09-09 13:23:02.85+00:00,0,47.05050511,8.31596075,18.000,62.850,-0.170,0.000,5.000,True
2026-09-09 13:23:02.90+00:00,0,47.05050473,8.31596401,18.000,62.900,-0.170,0.000,5.000,True
2026-09-09 13:23:02.95+00:00,0,47.05050435,8.31596726,18.000,62.950,-0.170,0.000,5.000,True
2026-09-09 13:23:03.00+00:00,0,47.05050397,8.31597051,18.000,63.000,-0.170,0.000,5.000,True
2026-09-09 13:23:03.05+00:00,0,47.05050359,8.31597376,18.000,63.050,-0.170,0.000,5.000,True
2026-09-09 13:23:03.10+00:00,0,47.05050321,8.31597702,18.000,63.100,-0.170,0.000,5.000,True
2026-09-09 13:23:03.15+00:00,0,47.05050283,8.31598027,18.000,63.150,-0.170,0.000,5.000,True
2026-09-09 13:23:03.20+00:00,0,47.05050245,8.31598352,18.000,63.200,-0.170,0.000,5.000,True
2026-09-09 13:23:03.25+00:00,0,47.05050207,8.31598677,18.000,63.250,-0.170,0.000,5.000,True
2026-09-09 13:23:03.30+00:00,0,47.05050168,8.31599002,18.000,63.300,-0.170,0.000,5.000,True
2026-09-09 13:23:03.35+00:00,0,47.05050130,8.31599328,18.000,63.350,-0.170,0.000,5.000,True
2026-09-09 13:23:03.40+00:00,0,47.05050092,8.31599653,18.000,63.400,-0.170,0.000,5.000,True
2026-09-09 13:23:03.45+00:00,0,47.05050054,8.31599978,18.000,63.450,-0.170,0.000,5.000,True
2026-09-09 13:23:03.50+00:00,0,47.05050016,8.31600303,18.000,63.500,-0.170,0.000,5.000,True
2026-09-09 13:23:03.55+00:00,0,47.05049978,8.31600628,18.000,63.550,-0.170,0.000,5.000,True
2026-09-09 13:23:03.60+00:00,0,47.05049940,8.31600954,18.000,63.600,-0.170,0.000,5.000,True
2026-09-09 13:23:03.65+00:00,0,47.05049902,8.31601279,18.000,63.650,-0.170,0.000,5.000,True
2026-09-09 13:23:03.70+00:00,0,47.05049864,8.31601604,18.000,63.700,-0.170,0.000,5.000,True
2026-09-09 13:23:03.75+00:00,0,47.05049826,8.31601929,18.000,63.750,-0.170,0.000,5.000,True
2026-09-09 13:23:03.80+00:00,0,47.05049788,8.31602254,18.000,63.800,-0.170,0.000,5.000,True
2026-09-09 13:23:03.85+00:00,0,47.05049750,8.31602580,18.000,63.850,-0.170,0.000,5.000,True
2026-09-09 13:23:03.90+00:00,0,47.05049712,8.31602905,18.000,63.900,-0.170,0.000,5.000,True
2026-09-09 13:23:03.95+00:00,0,47.05049674,8.31603230,18.000,63.950,-0.170,0.000,5.000,True
2026-09-09 13:23:04.00+00:00,0,47.05049635,8.31603555,18.000,64.000,-0.170,0.000,5.000,True
2026-09-09 13:23:04.05+00:00,0,47.05049597,8.31603881,18.000,64.050,-0.170,0.000,5.000,True
2026-09-09 13:23:04.10+00:00,0,47.05049559,8.31604206,18.000,64.100,-0.170,0.000,5.000,True
2026-09-09 13:23:04.15+00:00,0,47.05049521,8.31604531,18.000,64.150,-0.170,0.000,5.000,True
2026-09-09 13:23:04.20+00:00,0,47.05049483,8.31604856,18.000,64.200,-0.170,0.000,5.000,True
2026-09-09 13:23:04.25+00:00,0,47.05049445,8.31605181,18.000,64.250,-0.170,0.000,5.000,True
2026-09-09 13:23:04.30+00:00,0,47.05049407,8.31605507,18.000,64.300,-0.170,0.000,5.000,True
2026-09-09 13:23:04.35+00:00,0,47.05049369,8.31605832,18.000,64.350,-0.170,0.000,5.000,True
2026-09-09 13:23:04.40+00:00,0,47.05049331,8.31606157,18.000,64.400,-0.170,0.000,5.000,True
2026-09-09 13:23:04.45+00:00,0,47.05049293,8.31606482,18.000,64.450,-0.170,0.000,5.000,True
2026-09-09 13:23:04.50+00:00,0,47.05049255,8.31606807,18.000,64.500,-0.170,0.000,5.000,True
2026-09-09 13:23:04.55+00:00,0,47.05049217,8.31607133,18.000,64.550,-0.170,0.000,5.000,True
2026-09-09 13:23:04.60+00:00,0,47.05049179,8.31607458,18.000,64.600,-0.170,0.000,5.000,True
2026-09-09 13:23:04.65+00:00,0,47.05049140,8.31607783,18.000,64.650,-0.170,0.000,5.000,True
2026-09-09 13:23:04.70+00:00,0,47.05049102,8.31608108,18.000,64.700,-0.170,0.000,5.000,True
2026-09-09 13:23:04.75+00:00,0,47.05049064,8.31608433,18.000,64.750,-0.170,0.000,5.000,True
2026-09-09 13:23:04.80+00:00,0,47.05049026,8.31608759,18.000,64.800,-0.170,0.000,5.000,True
2026-09-09 13:23:04.85+00:00,0,47.05048988,8.31609084,18.000,64.850,-0.170,0.000,5.000,True
2026-09-09 13:23:04.90+00:00,0,47.05048950,8.31609409,18.000,64.900,-0.170,0.000,5.000,True
2026-09-09 13:23:04.95+00:00,0,47.05048912,8.31609734,18.000,64.950,-0.170,0.000,5.000,True
2026-09-09 13:23:05.00+00:00,0,47.05048874,8.31610060,18.000,65.000,-0.170,0.000,5.000,True
2026-09-09 13:23:05.05+00:00,0,47.05048836,8.31610385,18.000,65.050,-0.170,0.000,5.000,True
2026-09-09 13:23:05.10+00:00,0,47.05048798,8.31610710,18.000,65.100,-0.170,0.000,5.000,True
2026-09-09 13:23:05.15+00:00,0,47.05048760,8.31611035,18.000,65.150,-0.170,0.000,5.000,True
2026-09-09 13:23:05.20+00:00,0,47.05048722,8.31611360,18.000,65.200,-0.170,0.000,5.000,True
2026-09-09 13:23:05.25+00:00,0,47.05048684,8.31611686,18.000,65.250,-0.170,0.000,5.000,True
2026-09-09 13:23:05.30+00:00,0,47.05048645,8.31612011,18.000,65.300,-0.170,0.000,5.000,True
2026-09-09 13:23:05.35+00:00,0,47.05048607,8.31612336,18.000,65.350,-0.170,-0.017,5.000,True
2026-09-09 13:23:05.40+00:00,0,47.05048569,8.31612661,18.000,65.400,-0.171,-0.017,5.000,True
2026-09-09 13:23:05.45+00:00,0,47.05048531,8.31612986,18.000,65.450,-0.172,-0.017,5.000,True
2026-09-09 13:23:05.50+00:00,0,47.05048493,8.31613312,18.000,65.500,-0.173,-0.035,5.000,True
2026-09-09 13:23:05.55+00:00,0,47.05048454,8.31613637,18.000,65.550,-0.175,-0.070,5.000,True
2026-09-09 13:23:05.60+00:00,0,47.05048415,8.31613962,18.000,65.600,-0.178,-0.105,5.000,True
2026-09-09 13:23:05.65+00:00,0,47.05048375,8.31614286,18.000,65.650,-0.183,-0.140,5.000,True
2026-09-09 13:23:05.70+00:00,0,47.05048334,8.31614611,18.000,65.700,-0.190,-0.140,5.000,True
2026-09-09 13:23:05.75+00:00,0,47.05048292,8.31614935,18.000,65.750,-0.197,-0.140,5.000,True
2026-09-09 13:23:05.80+00:00,0,47.05048248,8.31615258,18.000,65.800,-0.204,-0.140,5.000,True
2026-09-09 13:23:05.85+00:00,0,47.05048202,8.31615581,18.000,65.850,-0.211,-0.140,5.000,True
2026-09-09 13:23:05.90+00:00,0,47.05048155,8.31615904,18.000,65.900,-0.218,-0.140,5.000,True
2026-09-09 13:23:05.95+00:00,0,47.05048106,8.31616226,18.000,65.950,-0.225,-0.140,5.000,True
2026-09-09 13:23:06.00+00:00,0,47.05048056,8.31616548,18.000,66.000,-0.232,-0.140,5.000,True
2026-09-09 13:23:06.05+00:00,0,47.05048004,8.31616869,18.000,66.050,-0.239,-0.140,5.000,True
2026-09-09 13:23:06.10+00:00,0,47.05047951,8.31617190,18.000,66.100,-0.246,-0.140,5.000,True
2026-09-09 13:23:06.15+00:00,0,47.05047896,8.31617510,18.000,66.150,-0.253,-0.140,5.000,True
2026-09-09 13:23:06.20+00:00,0,47.05047840,8.31617829,18.000,66.200,-0.260,-0.140,5.000,True
2026-09-09 13:23:06.25+00:00,0,47.05047782,8.31618148,18.000,66.250,-0.267,-0.140,5.000,True
2026-09-09 13:23:06.30+00:00,0,47.05047723,8.31618466,18.000,66.300,-0.274,-0.140,5.000,True
2026-09-09 13:23:06.35+00:00,0,47.05047662,8.31618784,18.000,66.350,-0.281,-0.140,5.000,True
2026-09-09 13:23:06.40+00:00,0,47.05047600,8.31619101,18.000,66.400,-0.288,-0.140,5.000,True
2026-09-09 13:23:06.45+00:00,0,47.05047536,8.31619417,18.000,66.450,-0.295,-0.140,5.000,True
2026-09-09 13:23:06.50+00:00,0,47.05047470,8.31619733,18.000,66.500,-0.302,-0.140,5.000,True
2026-09-09 13:23:06.55+00:00,0,47.05047404,8.31620048,18.000,66.550,-0.309,-0.140,5.000,True
2026-09-09 13:23:06.60+00:00,0,47.05047335,8.31620363,18.000,66.600,-0.316,-0.140,5.000,True
2026-09-09 13:23:06.65+00:00,0,47.05047265,8.31620676,18.000,66.650,-0.323,-0.140,5.000,True
2026-09-09 13:23:06.70+00:00,0,47.05047194,8.31620989,18.000,66.700,-0.330,-0.140,5.000,True
2026-09-09 13:23:06.75+00:00,0,47.05047121,8.31621301,18.000,66.750,-0.337,-0.140,5.000,True
2026-09-09 13:23:06.80+00:00,0,47.05047047,8.31621613,18.000,66.800,-0.344,-0.140,5.000,True
2026-09-09 13:23:06.85+00:00,0,47.05046971,8.31621923,18.000,66.850,-0.351,-0.140,5.000,True
2026-09-09 13:23:06.90+00:00,0,47.05046894,8.31622233,18.000,66.900,-0.358,-0.140,5.000,True
2026-09-09 13:23:06.95+00:00,0,47.05046815,8.31622542,18.000,66.950,-0.365,-0.140,5.000,True
2026-09-09 13:23:07.00+00:00,0,47.05046735,8.31622851,18.000,67.000,-0.372,-0.140,5.000,True
2026-09-09 13:23:07.05+00:00,0,47.05046653,8.31623158,18.000,67.050,-0.379,-0.140,5.000,True
2026-09-09 13:23:07.10+00:00,0,47.05046570,8.31623465,18.000,67.100,-0.386,-0.140,5.000,True
2026-09-09 13:23:07.15+00:00,0,47.05046485,8.31623770,18.000,67.150,-0.393,-0.140,5.000,True
2026-09-09 13:23:07.20+00:00,0,47.05046399,8.31624075,18.000,67.200,-0.400,-0.140,5.000,True
2026-09-09 13:23:07.25+00:00,0,47.05046312,8.31624379,18.000,67.250,-0.407,-0.140,5.000,True
2026-09-09 13:23:07.30+00:00,0,47.05046223,8.31624682,18.000,67.300,-0.414,-0.140,5.000,True
2026-09-09 13:23:07.35+00:00,0,47.05046133,8.31624984,18.000,67.350,-0.421,-0.140,5.000,True
2026-09-09 13:23:07.40+00:00,0,47.05046041,8.31625286,18.000,67.400,-0.428,-0.140,5.000,True
2026-09-09 13:23:07.45+00:00,0,47.05045948,8.31625586,18.000,67.450,-0.435,-0.140,5.000,True
2026-09-09 13:23:07.50+00:00,0,47.05045853,8.31625885,18.000,67.500,-0.442,-0.140,5.000,True
2026-09-09 13:23:07.55+00:00,0,47.05045757,8.31626183,18.000,67.550,-0.449,-0.140,5.000,True
2026-09-09 13:23:07.60+00:00,0,47.05045659,8.31626481,18.000,67.600,-0.456,-0.140,5.000,True
2026-09-09 13:23:07.65+00:00,0,47.05045560,8.31626777,18.000,67.650,-0.463,-0.140,5.000,True
2026-09-09 13:23:07.70+00:00,0,47.05045460,8.31627072,18.000,67.700,-0.469,-0.140,5.000,True
2026-09-09 13:23:07.75+00:00,0,47.05045358,8.31627367,18.000,67.750,-0.476,-0.140,5.000,True
2026-09-09 13:23:07.80+00:00,0,47.05045255,8.31627660,18.000,67.800,-0.483,-0.140,5.000,True
2026-09-09 13:23:07.85+00:00,0,47.05045151,8.31627952,18.000,67.850,-0.490,-0.122,5.000,True
2026-09-09 13:23:07.90+00:00,0,47.05045045,8.31628243,18.000,67.900,-0.497,-0.122,5.000,True
2026-09-09 13:23:07.95+00:00,0,47.05044938,8.31628533,18.000,67.950,-0.503,-0.122,5.000,True
2026-09-09 13:23:08.00+00:00,0,47.05044829,8.31628822,18.000,68.000,-0.509,-0.122,5.000,True
2026-09-09 13:23:08.05+00:00,0,47.05044720,8.31629111,18.000,68.050,-0.515,-0.087,5.000,True
2026-09-09 13:23:08.10+00:00,0,47.05044609,8.31629398,18.000,68.100,-0.519,-0.070,5.000,True
2026-09-09 13:23:08.15+00:00,0,47.05044498,8.31629684,18.000,68.150,-0.523,-0.070,5.000,True
2026-09-09 13:23:08.20+00:00,0,47.05044385,8.31629970,18.000,68.200,-0.526,-0.070,5.000,True
2026-09-09 13:23:08.25+00:00,0,47.05044273,8.31630256,18.000,68.250,-0.530,-0.070,5.000,True
2026-09-09 13:23:08.30+00:00,0,47.05044159,8.31630540,18.000,68.300,-0.533,-0.052,5.000,True
2026-09-09 13:23:08.35+00:00,0,47.05044045,8.31630824,18.000,68.350,-0.536,-0.052,5.000,True
2026-09-09 13:23:08.40+00:00,0,47.05043930,8.31631108,18.000,68.400,-0.538,-0.052,5.000,True
2026-09-09 13:23:08.45+00:00,0,47.05043815,8.31631391,18.000,68.450,-0.541,-0.052,5.000,True
2026-09-09 13:23:08.50+00:00,0,47.05043699,8.31631674,18.000,68.500,-0.544,-0.052,5.000,True
2026-09-09 13:23:08.55+00:00,0,47.05043582,8.31631957,18.000,68.550,-0.546,-0.052,5.000,True
2026-09-09 13:23:08.60+00:00,0,47.05043466,8.31632239,18.000,68.600,-0.549,-0.052,5.000,True
2026-09-09 13:23:08.65+00:00,0,47.05043348,8.31632520,18.000,68.650,-0.552,-0.052,5.000,True
2026-09-09 13:23:08.70+00:00,0,47.05043231,8.31632801,18.000,68.700,-0.554,-0.052,5.000,True
2026-09-09 13:23:08.75+00:00,0,47.05043112,8.31633082,18.000,68.750,-0.557,-0.052,5.000,True
2026-09-09 13:23:08.80+00:00,0,47.05042993,8.31633362,18.000,68.800,-0.559,-0.052,5.000,True
2026-09-09 13:23:08.85+00:00,0,47.05042874,8.31633642,18.000,68.850,-0.562,-0.052,5.000,True
2026-09-09 13:23:08.90+00:00,0,47.05042754,8.31633921,18.000,68.900,-0.565,-0.052,5.000,True
2026-09-09 13:23:08.95+00:00,0,47.05042634,8.31634200,18.000,68.950,-0.567,-0.052,5.000,True
2026-09-09 13:23:09.00+00:00,0,47.05042513,8.31634478,18.000,69.000,-0.570,-0.052,5.000,True
2026-09-09 13:23:09.05+00:00,0,47.05042392,8.31634756,18.000,69.050,-0.572,-0.052,5.000,True
2026-09-09 13:23:09.10+00:00,0,47.05042270,8.31635033,18.000,69.100,-0.575,-0.052,5.000,True
2026-09-09 13:23:09.15+00:00,0,47.05042148,8.31635310,18.000,69.150,-0.578,-0.052,5.000,True
2026-09-09 13:23:09.20+00:00,0,47.05042025,8.31635586,18.000,69.200,-0.580,-0.052,5.000,True
2026-09-09 13:23:09.25+00:00,0,47.05041902,8.31635862,18.000,69.250,-0.583,-0.052,5.000,True
2026-09-09 13:23:09.30+00:00,0,47.05041778,8.31636138,18.000,69.300,-0.586,-0.052,5.000,True
2026-09-09 13:23:09.35+00:00,0,47.05041654,8.31636413,18.000,69.350,-0.588,-0.052,5.000,True
2026-09-09 13:23:09.40+00:00,0,47.05041529,8.31636687,18.000,69.400,-0.591,-0.052,5.000,True
2026-09-09 13:23:09.45+00:00,0,47.05041404,8.31636961,18.000,69.450,-0.593,-0.052,5.000,True
2026-09-09 13:23:09.50+00:00,0,47.05041278,8.31637235,18.000,69.500,-0.596,-0.052,5.000,True
2026-09-09 13:23:09.55+00:00,0,47.05041152,8.31637508,18.000,69.550,-0.599,-0.052,5.000,True
2026-09-09 13:23:09.60+00:00,0,47.05041025,8.31637781,18.000,69.600,-0.601,-0.052,5.000,True
2026-09-09 13:23:09.65+00:00,0,47.05040898,8.31638053,18.000,69.650,-0.604,-0.052,5.000,True
2026-09-09 13:23:09.70+00:00,0,47.05040770,8.31638324,18.000,69.700,-0.607,-0.052,5.000,True
2026-09-09 13:23:09.75+00:00,0,47.05040642,8.31638595,18.000,69.750,-0.609,-0.052,5.000,True
2026-09-09 13:23:09.80+00:00,0,47.05040514,8.31638866,18.000,69.800,-0.612,-0.052,5.000,True
2026-09-09 13:23:09.85+00:00,0,47.05040384,8.31639136,18.000,69.850,-0.614,-0.052,5.000,True
2026-09-09 13:23:09.90+00:00,0,47.05040255,8.31639406,18.000,69.900,-0.617,-0.052,5.000,True
2026-09-09 13:23:09.95+00:00,0,47.05040125,8.31639675,18.000,69.950,-0.620,-0.052,5.000,True
2026-09-09 13:23:10.00+00:00,0,47.05039994,8.31639944,18.000,70.000,-0.622,-0.052,5.000,True
2026-09-09 13:23:10.05+00:00,0,47.05039863,8.31640212,18.000,70.050,-0.625,-0.052,5.000,True
2026-09-09 13:23:10.10+00:00,0,47.05039732,8.31640479,18.000,70.100,-0.627,-0.052,5.000,True
2026-09-09 13:23:10.15+00:00,0,47.05039600,8.31640747,18.000,70.150,-0.630,-0.052,5.000,True
2026-09-09 13:23:10.20+00:00,0,47.05039467,8.31641013,18.000,70.200,-0.633,-0.052,5.000,True
2026-09-09 13:23:10.25+00:00,0,47.05039334,8.31641279,18.000,70.250,-0.635,-0.052,5.000,True
2026-09-09 13:23:10.30+00:00,0,47.05039201,8.31641545,18.000,70.300,-0.638,-0.052,5.000,True
2026-09-09 13:23:10.35+00:00,0,47.05039067,8.31641810,18.000,70.350,-0.641,-0.052,5.000,True
2026-09-09 13:23:10.40+00:00,0,47.05038933,8.31642074,18.000,70.400,-0.643,-0.052,5.000,True
2026-09-09 13:23:10.45+00:00,0,47.05038798,8.31642339,18.000,70.450,-0.646,-0.052,5.000,True
2026-09-09 13:23:10.50+00:00,0,47.05038662,8.31642602,18.000,70.500,-0.648,-0.052,5.000,True
2026-09-09 13:23:10.55+00:00,0,47.05038527,8.31642865,18.000,70.550,-0.651,-0.052,5.000,True
2026-09-09 13:23:10.60+00:00,0,47.05038390,8.31643128,18.000,70.600,-0.654,-0.052,5.000,True
2026-09-09 13:23:10.65+00:00,0,47.05038254,8.31643390,18.000,70.650,-0.656,-0.052,5.000,True
2026-09-09 13:23:10.70+00:00,0,47.05038116,8.31643651,18.000,70.700,-0.659,-0.052,5.000,True
2026-09-09 13:23:10.75+00:00,0,47.05037979,8.31643912,18.000,70.750,-0.661,-0.052,5.000,True
2026-09-09 13:23:10.80+00:00,0,47.05037841,8.31644172,18.000,70.800,-0.664,-0.052,5.000,True
2026-09-09 13:23:10.85+00:00,0,47.05037702,8.31644432,18.000,70.850,-0.667,-0.052,5.000,True
2026-09-09 13:23:10.90+00:00,0,47.05037563,8.31644691,18.000,70.900,-0.669,-0.052,5.000,True
2026-09-09 13:23:10.95+00:00,0,47.05037424,8.31644950,18.000,70.950,-0.672,-0.052,5.000,True
2026-09-09 13:23:11.00+00:00,0,47.05037284,8.31645208,18.000,71.000,-0.675,-0.052,5.000,True
2026-09-09 13:23:11.05+00:00,0,47.05037143,8.31645466,18.000,71.050,-0.677,-0.052,5.000,True
2026-09-09 13:23:11.10+00:00,0,47.05037002,8.31645723,18.000,71.100,-0.680,-0.052,5.000,True
2026-09-09 13:23:11.15+00:00,0,47.05036861,8.31645980,18.000,71.150,-0.682,-0.052,5.000,True
2026-09-09 13:23:11.20+00:00,0,47.05036719,8.31646236,18.000,71.200,-0.685,-0.052,5.000,True
2026-09-09 13:23:11.25+00:00,0,47.05036577,8.31646491,18.000,71.250,-0.688,-0.052,5.000,True
2026-09-09 13:23:11.30+00:00,0,47.05036434,8.31646746,18.000,71.300,-0.690,-0.052,5.000,True
2026-09-09 13:23:11.35+00:00,0,47.05036291,8.31647001,18.000,71.350,-0.693,-0.052,5.000,True
2026-09-09 13:23:11.40+00:00,0,47.05036147,8.31647255,18.000,71.400,-0.696,-0.052,5.000,True
2026-09-09 13:23:11.45+00:00,0,47.05036003,8.31647508,18.000,71.450,-0.698,-0.052,5.000,True
2026-09-09 13:23:11.50+00:00,0,47.05035859,8.31647761,18.000,71.500,-0.701,-0.052,5.000,True
2026-09-09 13:23:11.55+00:00,0,47.05035714,8.31648013,18.000,71.550,-0.703,-0.052,5.000,True
2026-09-09 13:23:11.60+00:00,0,47.05035569,8.31648265,18.000,71.600,-0.706,-0.052,5.000,True
2026-09-09 13:23:11.65+00:00,0,47.05035423,8.31648516,18.000,71.650,-0.709,-0.052,5.000,True
2026-09-09 13:23:11.70+00:00,0,47.05035276,8.31648766,18.000,71.700,-0.711,-0.052,5.000,True
2026-09-09 13:23:11.75+00:00,0,47.05035130,8.31649016,18.000,71.750,-0.714,-0.052,5.000,True
2026-09-09 13:23:11.80+00:00,0,47.05034982,8.31649266,18.000,71.800,-0.716,-0.052,5.000,True
2026-09-09 13:23:11.85+00:00,0,47.05034835,8.31649515,18.000,71.850,-0.719,-0.052,5.000,True
2026-09-09 13:23:11.90+00:00,0,47.05034687,8.31649763,18.000,71.900,-0.722,-0.052,5.000,True
2026-09-09 13:23:11.95+00:00,0,47.05034538,8.31650011,18.000,71.950,-0.724,-0.052,5.000,True
2026-09-09 13:23:12.00+00:00,0,47.05034389,8.31650258,18.000,72.000,-0.727,-0.052,5.000,True
2026-09-09 13:23:12.05+00:00,0,47.05034240,8.31650504,18.000,72.050,-0.730,-0.052,5.000,True
2026-09-09 13:23:12.10+00:00,0,47.05034090,8.31650750,18.000,72.100,-0.732,-0.052,5.000,True
2026-09-09 13:23:12.15+00:00,0,47.05033940,8.31650996,18.000,72.150,-0.735,-0.052,5.000,True
2026-09-09 13:23:12.20+00:00,0,47.05033789,8.31651240,18.000,72.200,-0.737,-0.052,5.000,True
2026-09-09 13:23:12.25+00:00,0,47.05033638,8.31651485,18.000,72.250,-0.740,-0.052,5.000,True
2026-09-09 13:23:12.30+00:00,0,47.05033486,8.31651728,18.000,72.300,-0.743,-0.052,5.000,True
2026-09-09 13:23:12.35+00:00,0,47.05033334,8.31651971,18.000,72.350,-0.745,-0.052,5.000,True
2026-09-09 13:23:12.40+00:00,0,47.05033182,8.31652214,18.000,72.400,-0.748,-0.052,5.000,True
2026-09-09 13:23:12.45+00:00,0,47.05033029,8.31652456,18.000,72.450,-0.750,-0.052,5.000,True
2026-09-09 13:23:12.50+00:00,0,47.05032875,8.31652697,18.000,72.500,-0.753,-0.052,5.000,True
2026-09-09 13:23:12.55+00:00,0,47.05032722,8.31652938,18.000,72.550,-0.756,-0.052,5.000,True
2026-09-09 13:23:12.60+00:00,0,47.05032567,8.31653178,18.000,72.600,-0.758,-0.052,5.000,True
2026-09-09 13:23:12.65+00:00,0,47.05032413,8.31653418,18.000,72.650,-0.761,-0.052,5.000,True
2026-09-09 13:23:12.70+00:00,0,47.05032258,8.31653657,18.000,72.700,-0.764,-0.052,5.000,True
2026-09-09 13:23:12.75+00:00,0,47.05032102,8.31653895,18.000,72.750,-0.766,-0.052,5.000,True
2026-09-09 13:23:12.80+00:00,0,47.05031946,8.31654133,18.000,72.800,-0.769,-0.052,5.000,True
2026-09-09 13:23:12.85+00:00,0,47.05031790,8.31654370,18.000,72.850,-0.771,-0.052,5.000,True
2026-09-09 13:23:12.90+00:00,0,47.05031633,8.31654606,18.000,72.900,-0.774,-0.052,5.000,True
2026-09-09 13:23:12.95+00:00,0,47.05031476,8.31654842,18.000,72.950,-0.777,-0.052,5.000,True
2026-09-09 13:23:13.00+00:00,0,47.05031318,8.31655078,18.000,73.000,-0.779,-0.052,5.000,True
2026-09-09 13:23:13.05+00:00,0,47.05031160,8.31655313,18.000,73.050,-0.782,-0.052,5.000,True
2026-09-09 13:23:13.10+00:00,0,47.05031002,8.31655547,18.000,73.100,-0.785,-0.052,5.000,True
2026-09-09 13:23:13.15+00:00,0,47.05030843,8.31655780,18.000,73.150,-0.787,-0.052,5.000,True
2026-09-09 13:23:13.20+00:00,0,47.05030684,8.31656013,18.000,73.200,-0.790,-0.052,5.000,True
2026-09-09 13:23:13.25+00:00,0,47.05030524,8.31656245,18.000,73.250,-0.792,-0.052,5.000,True
2026-09-09 13:23:13.30+00:00,0,47.05030364,8.31656477,18.000,73.300,-0.795,-0.052,5.000,True
2026-09-09 13:23:13.35+00:00,0,47.05030204,8.31656708,18.000,73.350,-0.798,-0.052,5.000,True
2026-09-09 13:23:13.40+00:00,0,47.05030043,8.31656939,18.000,73.400,-0.800,-0.052,5.000,True
2026-09-09 13:23:13.45+00:00,0,47.05029881,8.31657168,18.000,73.450,-0.803,-0.052,5.000,True
2026-09-09 13:23:13.50+00:00,0,47.05029720,8.31657398,18.000,73.500,-0.805,-0.052,5.000,True
2026-09-09 13:23:13.55+00:00,0,47.05029558,8.31657626,18.000,73.550,-0.808,-0.052,5.000,True
2026-09-09 13:23:13.60+00:00,0,47.05029395,8.31657854,18.000,73.600,-0.811,-0.052,5.000,True
2026-09-09 13:23:13.65+00:00,0,47.05029232,8.31658082,18.000,73.650,-0.813,-0.052,5.000,True
2026-09-09 13:23:13.70+00:00,0,47.05029069,8.31658308,18.000,73.700,-0.816,-0.052,5.000,True
2026-09-09 13:23:13.75+00:00,0,47.05028905,8.31658534,18.000,73.750,-0.819,-0.052,5.000,True
2026-09-09 13:23:13.80+00:00,0,47.05028741,8.31658760,18.000,73.800,-0.821,-0.052,5.000,True
2026-09-09 13:23:13.85+00:00,0,47.05028576,8.31658985,18.000,73.850,-0.824,-0.052,5.000,True
2026-09-09 13:23:13.90+00:00,0,47.05028411,8.31659209,18.000,73.900,-0.826,-0.052,5.000,True
2026-09-09 13:23:13.95+00:00,0,47.05028246,8.31659432,18.000,73.950,-0.829,-0.052,5.000,True
2026-09-09 13:23:14.00+00:00,0,47.05028080,8.31659655,18.000,74.000,-0.832,-0.052,5.000,True
2026-09-09 13:23:14.05+00:00,0,47.05027914,8.31659878,18.000,74.050,-0.834,-0.052,5.000,True
2026-09-09 13:23:14.10+00:00,0,47.05027747,8.31660099,18.000,74.100,-0.837,-0.052,5.000,True
2026-09-09 13:23:14.15+00:00,0,47.05027581,8.31660320,18.000,74.150,-0.840,-0.052,5.000,True
2026-09-09 13:23:14.20+00:00,0,47.05027413,8.31660541,18.000,74.200,-0.842,-0.052,5.000,True
2026-09-09 13:23:14.25+00:00,0,47.05027245,8.31660760,18.000,74.250,-0.845,-0.052,5.000,True
2026-09-09 13:23:14.30+00:00,0,47.05027077,8.31660979,18.000,74.300,-0.847,-0.052,5.000,True
2026-09-09 13:23:14.35+00:00,0,47.05026909,8.31661198,18.000,74.350,-0.850,-0.052,5.000,True
2026-09-09 13:23:14.40+00:00,0,47.05026740,8.31661416,18.000,74.400,-0.853,-0.052,5.000,True
2026-09-09 13:23:14.45+00:00,0,47.05026571,8.31661633,18.000,74.450,-0.855,-0.052,5.000,True
2026-09-09 13:23:14.50+00:00,0,47.05026401,8.31661849,18.000,74.500,-0.858,-0.052,5.000,True
2026-09-09 13:23:14.55+00:00,0,47.05026231,8.31662065,18.000,74.550,-0.860,-0.052,5.000,True
2026-09-09 13:23:14.60+00:00,0,47.05026060,8.31662280,18.000,74.600,-0.863,-0.052,5.000,True
2026-09-09 13:23:14.65+00:00,0,47.05025890,8.31662495,18.000,74.650,-0.866,-0.052,5.000,True
2026-09-09 13:23:14.70+00:00,0,47.05025718,8.31662709,18.000,74.700,-0.868,-0.052,5.000,True
2026-09-09 13:23:14.75+00:00,0,47.05025547,8.31662922,18.000,74.750,-0.871,-0.052,5.000,True
2026-09-09 13:23:14.80+00:00,0,47.05025375,8.31663134,18.000,74.800,-0.874,-0.052,5.000,True
2026-09-09 13:23:14.85+00:00,0,47.05025202,8.31663346,18.000,74.850,-0.876,-0.052,5.000,True
2026-09-09 13:23:14.90+00:00,0,47.05025030,8.31663557,18.000,74.900,-0.879,-0.052,5.000,True
2026-09-09 13:23:14.95+00:00,0,47.05024857,8.31663768,18.000,74.950,-0.881,-0.052,5.000,True
2026-09-09 13:23:15.00+00:00,0,47.05024683,8.31663978,18.000,75.000,-0.884,-0.052,5.000,True
2026-09-09 13:23:15.05+00:00,0,47.05024509,8.31664187,18.000,75.050,-0.887,-0.052,5.000,True
2026-09-09 13:23:15.10+00:00,0,47.05024335,8.31664396,18.000,75.100,-0.889,-0.052,5.000,True
2026-09-09 13:23:15.15+00:00,0,47.05024160,8.31664604,18.000,75.150,-0.892,-0.052,5.000,True
2026-09-09 13:23:15.20+00:00,0,47.05023985,8.31664811,18.000,75.200,-0.894,-0.052,5.000,True
2026-09-09 13:23:15.25+00:00,0,47.05023810,8.31665017,18.000,75.250,-0.897,-0.035,5.000,True
2026-09-09 13:23:15.30+00:00,0,47.05023634,8.31665223,18.000,75.300,-0.899,-0.035,5.000,True
2026-09-09 13:23:15.35+00:00,0,47.05023458,8.31665429,18.000,75.350,-0.901,-0.035,5.000,True
2026-09-09 13:23:15.40+00:00,0,47.05023282,8.31665633,18.000,75.400,-0.902,-0.035,5.000,True
2026-09-09 13:23:15.45+00:00,0,47.05023106,8.31665838,18.000,75.450,-0.904,0.000,5.000,True
2026-09-09 13:23:15.50+00:00,0,47.05022929,8.31666042,18.000,75.500,-0.904,0.035,5.000,True
2026-09-09 13:23:15.55+00:00,0,47.05022752,8.31666246,18.000,75.550,-0.902,0.052,5.000,True
2026-09-09 13:23:15.60+00:00,0,47.05022576,8.31666451,18.000,75.600,-0.900,0.087,5.000,True
2026-09-09 13:23:15.65+00:00,0,47.05022400,8.31666656,18.000,75.650,-0.895,0.087,5.000,True
2026-09-09 13:23:15.70+00:00,0,47.05022224,8.31666862,18.000,75.700,-0.891,0.087,5.000,True
2026-09-09 13:23:15.75+00:00,0,47.05022050,8.31667070,18.000,75.750,-0.887,0.087,5.000,True
2026-09-09 13:23:15.80+00:00,0,47.05021875,8.31667278,18.000,75.800,-0.882,0.087,5.000,True
2026-09-09 13:23:15.85+00:00,0,47.05021702,8.31667488,18.000,75.850,-0.878,0.087,5.000,True
2026-09-09 13:23:15.90+00:00,0,47.05021529,8.31667699,18.000,75.900,-0.874,0.087,5.000,True
2026-09-09 13:23:15.95+00:00,0,47.05021356,8.31667910,18.000,75.950,-0.869,0.087,5.000,True
2026-09-09 13:23:16.00+00:00,0,47.05021185,8.31668123,18.000,76.000,-0.865,0.087,5.000,True
2026-09-09 13:23:16.05+00:00,0,47.05021014,8.31668337,18.000,76.050,-0.860,0.087,5.000,True
2026-09-09 13:23:16.10+00:00,0,47.05020843,8.31668553,18.000,76.100,-0.856,0.087,5.000,True
2026-09-09 13:23:16.15+00:00,0,47.05020673,8.31668769,18.000,76.150,-0.852,0.105,5.000,True
2026-09-09 13:23:16.20+00:00,0,47.05020504,8.31668986,18.000,76.200,-0.846,0.105,5.000,True
2026-09-09 13:23:16.25+00:00,0,47.05020336,8.31669205,18.000,76.250,-0.841,0.105,5.000,True
2026-09-09 13:23:16.30+00:00,0,47.05020168,8.31669425,18.000,76.300,-0.836,0.122,5.000,True
2026-09-09 13:23:16.35+00:00,0,47.05020001,8.31669646,18.000,76.350,-0.830,0.140,5.000,True
2026-09-09 13:23:16.40+00:00,0,47.05019835,8.31669869,18.000,76.400,-0.823,0.140,5.000,True
2026-09-09 13:23:16.45+00:00,0,47.05019671,8.31670093,18.000,76.450,-0.816,0.140,5.000,True
2026-09-09 13:23:16.50+00:00,0,47.05019507,8.31670319,18.000,76.500,-0.809,0.140,5.000,True
2026-09-09 13:23:16.55+00:00,0,47.05019344,8.31670547,18.000,76.550,-0.802,0.140,5.000,True
2026-09-09 13:23:16.60+00:00,0,47.05019183,8.31670776,18.000,76.600,-0.795,0.140,5.000,True
2026-09-09 13:23:16.65+00:00,0,47.05019022,8.31671007,18.000,76.650,-0.788,0.140,5.000,True
2026-09-09 13:23:16.70+00:00,0,47.05018863,8.31671240,18.000,76.700,-0.781,0.140,5.000,True
2026-09-09 13:23:16.75+00:00,0,47.05018704,8.31671475,18.000,76.750,-0.774,0.140,5.000,True
2026-09-09 13:23:16.80+00:00,0,47.05018547,8.31671710,18.000,76.800,-0.767,0.140,5.000,True
2026-09-09 13:23:16.85+00:00,0,47.05018391,8.31671948,18.000,76.850,-0.760,0.140,5.000,True
2026-09-09 13:23:16.90+00:00,0,47.05018236,8.31672187,18.000,76.900,-0.753,0.140,5.000,True
2026-09-09 13:23:16.95+00:00,0,47.05018083,8.31672428,18.000,76.950,-0.746,0.140,5.000,True
2026-09-09 13:23:17.00+00:00,0,47.05017930,8.31672670,18.000,77.000,-0.739,0.140,5.000,True
2026-09-09 13:23:17.05+00:00,0,47.05017778,8.31672914,18.000,77.050,-0.732,0.140,5.000,True
2026-09-09 13:23:17.10+00:00,0,47.05017628,8.31673160,18.000,77.100,-0.725,0.140,5.000,True
2026-09-09 13:23:17.15+00:00,0,47.05017479,8.31673406,18.000,77.150,-0.718,0.140,5.000,True
2026-09-09 13:23:17.20+00:00,0,47.05017331,8.31673655,18.000,77.200,-0.711,0.140,5.000,True
2026-09-09 13:23:17.25+00:00,0,47.05017184,8.31673905,18.000,77.250,-0.704,0.140,5.000,True
2026-09-09 13:23:17.30+00:00,0,47.05017039,8.31674156,18.000,77.300,-0.697,0.140,5.000,True
2026-09-09 13:23:17.35+00:00,0,47.05016894,8.31674409,18.000,77.350,-0.690,0.140,5.000,True
2026-09-09 13:23:17.40+00:00,0,47.05016751,8.31674664,18.000,77.400,-0.683,0.140,5.000,True
2026-09-09 13:23:17.45+00:00,0,47.05016609,8.31674920,18.000,77.450,-0.676,0.140,5.000,True
2026-09-09 13:23:17.50+00:00,0,47.05016469,8.31675177,18.000,77.500,-0.669,0.140,5.000,True
2026-09-09 13:23:17.55+00:00,0,47.05016329,8.31675436,18.000,77.550,-0.662,0.140,5.000,True
2026-09-09 13:23:17.60+00:00,0,47.05016191,8.31675696,18.000,77.600,-0.655,0.140,5.000,True
2026-09-09 13:23:17.65+00:00,0,47.05016054,8.31675958,18.000,77.650,-0.648,0.140,5.000,True
2026-09-09 13:23:17.70+00:00,0,47.05015918,8.31676221,18.000,77.700,-0.641,0.140,5.000,True
2026-09-09 13:23:17.75+00:00,0,47.05015783,8.31676485,18.000,77.750,-0.634,0.140,5.000,True
2026-09-09 13:23:17.80+00:00,0,47.05015650,8.31676751,18.000,77.800,-0.627,0.140,5.000,True
2026-09-09 13:23:17.85+00:00,0,47.05015518,8.31677018,18.000,77.850,-0.620,0.140,5.000,True
2026-09-09 13:23:17.90+00:00,0,47.05015388,8.31677286,18.000,77.900,-0.613,0.140,5.000,True
2026-09-09 13:23:17.95+00:00,0,47.05015258,8.31677556,18.000,77.950,-0.607,0.140,5.000,True
2026-09-09 13:23:18.00+00:00,0,47.05015130,8.31677827,18.000,78.000,-0.600,0.140,5.000,True
2026-09-09 13:23:18.05+00:00,0,47.05015003,8.31678100,18.000,78.050,-0.593,0.140,5.000,True
2026-09-09 13:23:18.10+00:00,0,47.05014877,8.31678373,18.000,78.100,-0.586,0.140,5.000,True
2026-09-09 13:23:18.15+00:00,0,47.05014753,8.31678648,18.000,78.150,-0.579,0.140,5.000,True
2026-09-09 13:23:18.20+00:00,0,47.05014630,8.31678925,18.000,78.200,-0.572,0.140,5.000,True
2026-09-09 13:23:18.25+00:00,0,47.05014509,8.31679202,18.000,78.250,-0.565,0.140,5.000,True
2026-09-09 13:23:18.30+00:00,0,47.05014388,8.31679481,18.000,78.300,-0.558,0.140,5.000,True
2026-09-09 13:23:18.35+00:00,0,47.05014269,8.31679761,18.000,78.350,-0.551,0.140,5.000,True
2026-09-09 13:23:18.40+00:00,0,47.05014152,8.31680042,18.000,78.400,-0.544,0.140,5.000,True
2026-09-09 13:23:18.45+00:00,0,47.05014035,8.31680324,18.000,78.450,-0.537,0.140,5.000,True
2026-09-09 13:23:18.50+00:00,0,47.05013920,8.31680608,18.000,78.500,-0.530,0.140,5.000,True
2026-09-09 13:23:18.55+00:00,0,47.05013807,8.31680893,18.000,78.550,-0.523,0.140,5.000,True
2026-09-09 13:23:18.60+00:00,0,47.05013695,8.31681179,18.000,78.600,-0.516,0.140,5.000,True
2026-09-09 13:23:18.65+00:00,0,47.05013584,8.31681466,18.000,78.650,-0.509,0.140,5.000,True
2026-09-09 13:23:18.70+00:00,0,47.05013474,8.31681754,18.000,78.700,-0.502,0.140,5.000,True
2026-09-09 13:23:18.75+00:00,0,47.05013366,8.31682043,18.000,78.750,-0.495,0.140,5.000,True
2026-09-09 13:23:18.80+00:00,0,47.05013259,8.31682334,18.000,78.800,-0.488,0.140,5.000,True
2026-09-09 13:23:18.85+00:00,0,47.05013154,8.31682625,18.000,78.850,-0.481,0.140,5.000,True
2026-09-09 13:23:18.90+00:00,0,47.05013050,8.31682918,18.000,78.900,-0.474,0.140,5.000,True
2026-09-09 13:23:18.95+00:00,0,47.05012947,8.31683211,18.000,78.950,-0.467,0.140,5.000,True
2026-09-09 13:23:19.00+00:00,0,47.05012846,8.31683506,18.000,79.000,-0.460,0.140,5.000,True
2026-09-09 13:23:19.05+00:00,0,47.05012746,8.31683802,18.000,79.050,-0.453,0.140,5.000,True
2026-09-09 13:23:19.10+00:00,0,47.05012648,8.31684098,18.000,79.100,-0.446,0.140,5.000,True
2026-09-09 13:23:19.15+00:00,0,47.05012551,8.31684396,18.000,79.150,-0.439,0.140,5.000,True
2026-09-09 13:23:19.20+00:00,0,47.05012455,8.31684695,18.000,79.200,-0.432,0.140,5.000,True
2026-09-09 13:23:19.25+00:00,0,47.05012361,8.31684994,18.000,79.250,-0.425,0.140,5.000,True
2026-09-09 13:23:19.30+00:00,0,47.05012269,8.31685295,18.000,79.300,-0.418,0.140,5.000,True
2026-09-09 13:23:19.35+00:00,0,47.05012177,8.31685597,18.000,79.350,-0.411,0.140,5.000,True
2026-09-09 13:23:19.40+00:00,0,47.05012088,8.31685899,18.000,79.400,-0.404,0.140,5.000,True
2026-09-09 13:23:19.45+00:00,0,47.05011999,8.31686202,18.000,79.450,-0.397,0.140,5.000,True
2026-09-09 13:23:19.50+00:00,0,47.05011912,8.31686507,18.000,79.500,-0.390,0.140,5.000,True
2026-09-09 13:23:19.55+00:00,0,47.05011827,8.31686812,18.000,79.550,-0.383,0.140,5.000,True
2026-09-09 13:23:19.60+00:00,0,47.05011743,8.31687118,18.000,79.600,-0.376,0.140,5.000,True
2026-09-09 13:23:19.65+00:00,0,47.05011660,8.31687425,18.000,79.650,-0.369,0.140,5.000,True
2026-09-09 13:23:19.70+00:00,0,47.05011579,8.31687733,18.000,79.700,-0.362,0.140,5.000,True
2026-09-09 13:23:19.75+00:00,0,47.05011499,8.31688041,18.000,79.750,-0.355,0.140,5.000,True
2026-09-09 13:23:19.80+00:00,0,47.05011421,8.31688351,18.000,79.800,-0.348,0.140,5.000,True
2026-09-09 13:23:19.85+00:00,0,47.05011344,8.31688661,18.000,79.850,-0.341,0.140,5.000,True
2026-09-09 13:23:19.90+00:00,0,47.05011269,8.31688972,18.000,79.900,-0.334,0.140,5.000,True
2026-09-09 13:23:19.95+00:00,0,47.05011195,8.31689283,18.000,79.950,-0.327,0.140,5.000,True
2026-09-09 13:23:20.00+00:00,0,47.05011123,8.31689596,18.000,80.000,-0.320,0.140,5.000,True
2026-09-09 13:23:20.05+00:00,0,47.05011052,8.31689909,18.000,80.050,-0.313,0.140,5.000,True
2026-09-09 13:23:20.10+00:00,0,47.05010983,8.31690223,18.000,80.100,-0.306,0.140,5.000,True
2026-09-09 13:23:20.15+00:00,0,47.05010915,8.31690538,18.000,80.150,-0.299,0.140,5.000,True
2026-09-09 13:23:20.20+00:00,0,47.05010849,8.31690853,18.000,80.200,-0.292,0.140,5.000,True
2026-09-09 13:23:20.25+00:00,0,47.05010784,8.31691169,18.000,80.250,-0.285,0.140,5.000,True
2026-09-09 13:23:20.30+00:00,0,47.05010721,8.31691486,18.000,80.300,-0.278,0.140,5.000,True
2026-09-09 13:23:20.35+00:00,0,47.05010659,8.31691803,18.000,80.350,-0.271,0.140,5.000,True
2026-09-09 13:23:20.40+00:00,0,47.05010599,8.31692121,18.000,80.400,-0.264,0.140,5.000,True
2026-09-09 13:23:20.45+00:00,0,47.05010540,8.31692439,18.000,80.450,-0.257,0.140,5.000,True
2026-09-09 13:23:20.50+00:00,0,47.05010483,8.31692758,18.000,80.500,-0.250,0.140,5.000,True
2026-09-09 13:23:20.55+00:00,0,47.05010427,8.31693078,18.000,80.550,-0.243,0.140,5.000,True
2026-09-09 13:23:20.60+00:00,0,47.05010373,8.31693398,18.000,80.600,-0.236,0.140,5.000,True
2026-09-09 13:23:20.65+00:00,0,47.05010320,8.31693719,18.000,80.650,-0.230,0.140,5.000,True
2026-09-09 13:23:20.70+00:00,0,47.05010269,8.31694040,18.000,80.700,-0.223,0.140,5.000,True
2026-09-09 13:23:20.75+00:00,0,47.05010220,8.31694362,18.000,80.750,-0.216,0.140,5.000,True
2026-09-09 13:23:20.80+00:00,0,47.05010171,8.31694685,18.000,80.800,-0.209,0.140,5.000,True
2026-09-09 13:23:20.85+00:00,0,47.05010125,8.31695007,18.000,80.850,-0.202,0.140,5.000,True
2026-09-09 13:23:20.90+00:00,0,47.05010080,8.31695331,18.000,80.900,-0.195,0.140,5.000,True
2026-09-09 13:23:20.95+00:00,0,47.05010036,8.31695654,18.000,80.950,-0.188,0.140,5.000,True
2026-09-09 13:23:21.00+00:00,0,47.05009994,8.31695979,18.000,81.000,-0.181,0.140,5.000,True
2026-09-09 13:23:21.05+00:00,0,47.05009954,8.31696303,18.000,81.050,-0.174,0.000,5.000,True
2026-09-09 13:23:21.10+00:00,0,47.05009915,8.31696628,18.000,81.100,-0.174,0.000,5.000,True
2026-09-09 13:23:21.15+00:00,0,47.05009876,8.31696953,18.000,81.150,-0.174,0.000,5.000,True
2026-09-09 13:23:21.20+00:00,0,47.05009838,8.31697278,18.000,81.200,-0.174,0.000,5.000,True
2026-09-09 13:23:21.25+00:00,0,47.05009799,8.31697603,18.000,81.250,-0.174,0.000,5.000,True
2026-09-09 13:23:21.30+00:00,0,47.05009760,8.31697928,18.000,81.300,-0.174,0.000,5.000,True
2026-09-09 13:23:21.35+00:00,0,47.05009721,8.31698253,18.000,81.350,-0.174,0.000,5.000,True
2026-09-09 13:23:21.40+00:00,0,47.05009682,8.31698578,18.000,81.400,-0.174,0.000,5.000,True
2026-09-09 13:23:21.45+00:00,0,47.05009643,8.31698903,18.000,81.450,-0.174,0.000,5.000,True
2026-09-09 13:23:21.50+00:00,0,47.05009604,8.31699228,18.000,81.500,-0.174,0.000,5.000,True
2026-09-09 13:23:21.55+00:00,0,47.05009566,8.31699553,18.000,81.550,-0.174,0.000,5.000,True
2026-09-09 13:23:21.60+00:00,0,47.05009527,8.31699878,18.000,81.600,-0.174,0.000,5.000,True
2026-09-09 13:23:21.65+00:00,0,47.05009488,8.31700203,18.000,81.650,-0.174,0.000,5.000,True
2026-09-09 13:23:21.70+00:00,0,47.05009449,8.31700528,18.000,81.700,-0.174,0.000,5.000,True
2026-09-09 13:23:21.75+00:00,0,47.05009410,8.31700853,18.000,81.750,-0.174,0.000,5.000,True
2026-09-09 13:23:21.80+00:00,0,47.05009371,8.31701178,18.000,81.800,-0.174,0.000,5.000,True
2026-09-09 13:23:21.85+00:00,0,47.05009332,8.31701503,18.000,81.850,-0.174,0.000,5.000,True
2026-09-09 13:23:21.90+00:00,0,47.05009294,8.31701828,18.000,81.900,-0.174,0.000,5.000,True
2026-09-09 13:23:21.95+00:00,0,47.05009255,8.31702153,18.000,81.950,-0.174,0.000,5.000,True
2026-09-09 13:23:22.00+00:00,0,47.05009216,8.31702478,18.000,82.000,-0.174,0.000,5.000,True
2026-09-09 13:23:22.05+00:00,0,47.05009177,8.31702803,18.000,82.050,-0.174,0.000,5.000,True
2026-09-09 13:23:22.10+00:00,0,47.05009138,8.31703128,18.000,82.100,-0.174,0.000,5.000,True
2026-09-09 13:23:22.15+00:00,0,47.05009099,8.31703453,18.000,82.150,-0.174,0.000,5.000,True
2026-09-09 13:23:22.20+00:00,0,47.05009061,8.31703779,18.000,82.200,-0.174,0.000,5.000,True
2026-09-09 13:23:22.25+00:00,0,47.05009022,8.31704104,18.000,82.250,-0.174,0.000,5.000,True
2026-09-09 13:23:22.30+00:00,0,47.05008983,8.31704429,18.000,82.300,-0.174,0.000,5.000,True
2026-09-09 13:23:22.35+00:00,0,47.05008944,8.31704754,18.000,82.350,-0.174,0.000,5.000,True
2026-09-09 13:23:22.40+00:00,0,47.05008905,8.31705079,18.000,82.400,-0.174,0.000,5.000,True
2026-09-09 13:23:22.45+00:00,0,47.05008866,8.31705404,18.000,82.450,-0.174,0.000,5.000,True
2026-09-09 13:23:22.50+00:00,0,47.05008827,8.31705729,18.000,82.500,-0.174,0.000,5.000,True
2026-09-09 13:23:22.55+00:00,0,47.05008789,8.31706054,18.000,82.550,-0.174,0.000,5.000,True
2026-09-09 13:23:22.60+00:00,0,47.05008750,8.31706379,18.000,82.600,-0.174,0.000,5.000,True
2026-09-09 13:23:22.65+00:00,0,47.05008711,8.31706704,18.000,82.650,-0.174,0.000,5.000,True
2026-09-09 13:23:22.70+00:00,0,47.05008672,8.31707029,18.000,82.700,-0.174,0.000,5.000,True
2026-09-09 13:23:22.75+00:00,0,47.05008633,8.31707354,18.000,82.750,-0.174,0.000,5.000,True
2026-09-09 13:23:22.80+00:00,0,47.05008594,8.31707679,18.000,82.800,-0.174,0.000,5.000,True
2026-09-09 13:23:22.85+00:00,0,47.05008556,8.31708004,18.000,82.850,-0.174,0.000,5.000,True
2026-09-09 13:23:22.90+00:00,0,47.05008517,8.31708329,18.000,82.900,-0.174,0.000,5.000,True
2026-09-09 13:23:22.95+00:00,0,47.05008478,8.31708654,18.000,82.950,-0.174,0.000,5.000,True
2026-09-09 13:23:23.00+00:00,0,47.05008439,8.31708979,18.000,83.000,-0.174,0.000,5.000,True
2026-09-09 13:23:23.05+00:00,0,47.05008400,8.31709304,18.000,83.050,-0.174,0.000,5.000,True
2026-09-09 13:23:23.10+00:00,0,47.05008361,8.31709629,18.000,83.100,-0.174,0.000,5.000,True
2026-09-09 13:23:23.15+00:00,0,47.05008322,8.31709954,18.000,83.150,-0.174,0.000,5.000,True
2026-09-09 13:23:23.20+00:00,0,47.05008284,8.31710279,18.000,83.200,-0.174,0.000,5.000,True
2026-09-09 13:23:23.25+00:00,0,47.05008245,8.31710604,18.000,83.250,-0.174,0.000,5.000,True
2026-09-09 13:23:23.30+00:00,0,47.05008206,8.31710929,18.000,83.300,-0.174,0.000,5.000,True
2026-09-09 13:23:23.35+00:00,0,47.05008167,8.31711254,18.000,83.350,-0.174,0.000,5.000,True
2026-09-09 13:23:23.40+00:00,0,47.05008128,8.31711579,18.000,83.400,-0.174,0.000,5.000,True
2026-09-09 13:23:23.45+00:00,0,47.05008089,8.31711904,18.000,83.450,-0.174,0.000,5.000,True
2026-09-09 13:23:23.50+00:00,0,47.05008050,8.31712229,18.000,83.500,-0.174,0.000,5.000,True
2026-09-09 13:23:23.55+00:00,0,47.05008012,8.31712554,18.000,83.550,-0.174,0.000,5.000,True
2026-09-09 13:23:23.60+00:00,0,47.05007973,8.31712879,18.000,83.600,-0.174,0.000,5.000,True
2026-09-09 13:23:23.65+00:00,0,47.05007934,8.31713204,18.000,83.650,-0.174,0.000,5.000,True
2026-09-09 13:23:23.70+00:00,0,47.05007895,8.31713529,18.000,83.700,-0.174,0.000,5.000,True
2026-09-09 13:23:23.75+00:00,0,47.05007856,8.31713854,18.000,83.750,-0.174,0.000,5.000,True
2026-09-09 13:23:23.80+00:00,0,47.05007817,8.31714179,18.000,83.800,-0.174,0.000,5.000,True
2026-09-09 13:23:23.85+00:00,0,47.05007779,8.31714504,18.000,83.850,-0.174,0.000,5.000,True
2026-09-09 13:23:23.90+00:00,0,47.05007740,8.31714829,18.000,83.900,-0.174,0.000,5.000,True
2026-09-09 13:23:23.95+00:00,0,47.05007701,8.31715154,18.000,83.950,-0.174,0.000,5.000,True
2026-09-09 13:23:24.00+00:00,0,47.05007662,8.31715479,18.000,84.000,-0.174,0.000,5.000,True
2026-09-09 13:23:24.05+00:00,0,47.05007623,8.31715804,18.000,84.050,-0.174,0.000,5.000,True
2026-09-09 13:23:24.10+00:00,0,47.05007584,8.31716129,18.000,84.100,-0.174,0.000,5.000,True
2026-09-09 13:23:24.15+00:00,0,47.05007545,8.31716454,18.000,84.150,-0.174,0.000,5.000,True
2026-09-09 13:23:24.20+00:00,0,47.05007507,8.31716779,18.000,84.200,-0.174,0.000,5.000,True
2026-09-09 13:23:24.25+00:00,0,47.05007468,8.31717104,18.000,84.250,-0.174,0.000,5.000,True
2026-09-09 13:23:24.30+00:00,0,47.05007429,8.31717429,18.000,84.300,-0.174,0.000,5.000,True
2026-09-09 13:23:24.35+00:00,0,47.05007390,8.31717754,18.000,84.350,-0.174,0.000,5.000,True
2026-09-09 13:23:24.40+00:00,0,47.05007351,8.31718079,18.000,84.400,-0.174,0.000,5.000,True
2026-09-09 13:23:24.45+00:00,0,47.05007312,8.31718404,18.000,84.450,-0.174,0.000,5.000,True
2026-09-09 13:23:24.50+00:00,0,47.05007274,8.31718729,18.000,84.500,-0.174,0.000,5.000,True
2026-09-09 13:23:24.55+00:00,0,47.05007235,8.31719054,18.000,84.550,-0.174,0.000,5.000,True
2026-09-09 13:23:24.60+00:00,0,47.05007196,8.31719379,18.000,84.600,-0.174,0.000,5.000,True
2026-09-09 13:23:24.65+00:00,0,47.05007157,8.31719704,18.000,84.650,-0.174,0.000,5.000,True
2026-09-09 13:23:24.70+00:00,0,47.05007118,8.31720029,18.000,84.700,-0.174,0.000,5.000,True
2026-09-09 13:23:24.75+00:00,0,47.05007079,8.31720354,18.000,84.750,-0.174,0.000,5.000,True
2026-09-09 13:23:24.80+00:00,0,47.05007040,8.31720679,18.000,84.800,-0.174,0.000,5.000,True
2026-09-09 13:23:24.85+00:00,0,47.05007002,8.31721004,18.000,84.850,-0.174,0.000,5.000,True
2026-09-09 13:23:24.90+00:00,0,47.05006963,8.31721329,18.000,84.900,-0.174,0.000,5.000,True
2026-09-09 13:23:24.95+00:00,0,47.05006924,8.31721654,18.000,84.950,-0.174,0.000,5.000,True
2026-09-09 13:23:25.00+00:00,0,47.05006885,8.31721979,18.000,85.000,-0.174,0.000,5.000,True
2026-09-09 13:23:25.05+00:00,0,47.05006846,8.31722304,18.000,85.050,-0.174,0.000,5.000,True
2026-09-09 13:23:25.10+00:00,0,47.05006807,8.31722629,18.000,85.100,-0.174,0.000,5.000,True
2026-09-09 13:23:25.15+00:00,0,47.05006769,8.31722954,18.000,85.150,-0.174,0.000,5.000,True
2026-09-09 13:23:25.20+00:00,0,47.05006730,8.31723279,18.000,85.200,-0.174,0.000,5.000,True
2026-09-09 13:23:25.25+00:00,0,47.05006691,8.31723604,18.000,85.250,-0.174,0.000,5.000,True
2026-09-09 13:23:25.30+00:00,0,47.05006652,8.31723929,18.000,85.300,-0.174,0.000,5.000,True
2026-09-09 13:23:25.35+00:00,0,47.05006613,8.31724254,18.000,85.350,-0.174,0.000,5.000,True
2026-09-09 13:23:25.40+00:00,0,47.05006574,8.31724579,18.000,85.400,-0.174,0.000,5.000,True
2026-09-09 13:23:25.45+00:00,0,47.05006535,8.31724904,18.000,85.450,-0.174,0.000,5.000,True
2026-09-09 13:23:25.50+00:00,0,47.05006497,8.31725229,18.000,85.500,-0.174,0.000,5.000,True
2026-09-09 13:23:25.55+00:00,0,47.05006458,8.31725554,18.000,85.550,-0.174,0.000,5.000,True
2026-09-09 13:23:25.60+00:00,0,47.05006419,8.31725879,18.000,85.600,-0.174,0.000,5.000,True
2026-09-09 13:23:25.65+00:00,0,47.05006380,8.31726204,18.000,85.650,-0.174,0.000,5.000,True
2026-09-09 13:23:25.70+00:00,0,47.05006341,8.31726529,18.000,85.700,-0.174,0.000,5.000,True
2026-09-09 13:23:25.75+00:00,0,47.05006302,8.31726854,18.000,85.750,-0.174,0.000,5.000,True
2026-09-09 13:23:25.80+00:00,0,47.05006263,8.31727179,18.000,85.800,-0.174,0.000,5.000,True
2026-09-09 13:23:25.85+00:00,0,47.05006225,8.31727504,18.000,85.850,-0.174,0.000,5.000,True
2026-09-09 13:23:25.90+00:00,0,47.05006186,8.31727829,18.000,85.900,-0.174,0.000,5.000,True
2026-09-09 13:23:25.95+00:00,0,47.05006147,8.31728154,18.000,85.950,-0.174,0.000,5.000,True
2026-09-09 13:23:26.00+00:00,0,47.05006108,8.31728479,18.000,86.000,-0.174,0.000,5.000,True
2026-09-09 13:23:26.05+00:00,0,47.05006069,8.31728804,18.000,86.050,-0.174,0.000,5.000,True
2026-09-09 13:23:26.10+00:00,0,47.05006030,8.31729129,18.000,86.100,-0.174,0.000,5.000,True
2026-09-09 13:23:26.15+00:00,0,47.05005992,8.31729454,18.000,86.150,-0.174,0.000,5.000,True
2026-09-09 13:23:26.20+00:00,0,47.05005953,8.31729779,18.000,86.200,-0.174,0.000,5.000,True
2026-09-09 13:23:26.25+00:00,0,47.05005914,8.31730105,18.000,86.250,-0.174,0.000,5.000,True
2026-09-09 13:23:26.30+00:00,0,47.05005875,8.31730430,18.000,86.300,-0.174,0.000,5.000,True
2026-09-09 13:23:26.35+00:00,0,47.05005836,8.31730755,18.000,86.350,-0.174,0.000,5.000,True
2026-09-09 13:23:26.40+00:00,0,47.05005797,8.31731080,18.000,86.400,-0.174,0.000,5.000,True
2026-09-09 13:23:26.45+00:00,0,47.05005758,8.31731405,18.000,86.450,-0.174,0.000,5.000,True
2026-09-09 13:23:26.50+00:00,0,47.05005720,8.31731730,18.000,86.500,-0.174,0.000,5.000,True
2026-09-09 13:23:26.55+00:00,0,47.05005681,8.31732055,18.000,86.550,-0.174,0.000,5.000,True
2026-09-09 13:23:26.60+00:00,0,47.05005642,8.31732380,18.000,86.600,-0.174,0.000,5.000,True
2026-09-09 13:23:26.65+00:00,0,47.05005603,8.31732705,18.000,86.650,-0.174,0.000,5.000,True
2026-09-09 13:23:26.70+00:00,0,47.05005564,8.31733030,18.000,86.700,-0.174,0.000,5.000,True
2026-09-09 13:23:26.75+00:00,0,47.05005525,8.31733355,18.000,86.750,-0.174,0.000,5.000,True
2026-09-09 13:23:26.80+00:00,0,47.05005487,8.31733680,18.000,86.800,-0.174,0.000,5.000,True
2026-09-09 13:23:26.85+00:00,0,47.05005448,8.31734005,18.000,86.850,-0.174,0.000,5.000,True
2026-09-09 13:23:26.90+00:00,0,47.05005409,8.31734330,18.000,86.900,-0.174,0.000,5.000,True
2026-09-09 13:23:26.95+00:00,0,47.05005370,8.31734655,18.000,86.950,-0.174,0.000,5.000,True
2026-09-09 13:23:27.00+00:00,0,47.05005331,8.31734980,18.000,87.000,-0.174,0.000,5.000,True
2026-09-09 13:23:27.05+00:00,0,47.05005292,8.31735305,18.000,87.050,-0.174,0.000,5.000,True
2026-09-09 13:23:27.10+00:00,0,47.05005253,8.31735630,18.000,87.100,-0.174,0.000,5.000,True
2026-09-09 13:23:27.15+00:00,0,47.05005215,8.31735955,18.000,87.150,-0.174,0.000,5.000,True
2026-09-09 13:23:27.20+00:00,0,47.05005176,8.31736280,18.000,87.200,-0.174,0.000,5.000,True
2026-09-09 13:23:27.25+00:00,0,47.05005137,8.31736605,18.000,87.250,-0.174,0.000,5.000,True
2026-09-09 13:23:27.30+00:00,0,47.05005098,8.31736930,18.000,87.300,-0.174,0.000,5.000,True
2026-09-09 13:23:27.35+00:00,0,47.05005059,8.31737255,18.000,87.350,-0.174,0.000,5.000,True
2026-09-09 13:23:27.40+00:00,0,47.05005020,8.31737580,18.000,87.400,-0.174,0.000,5.000,True
2026-09-09 13:23:27.45+00:00,0,47.05004981,8.31737905,18.000,87.450,-0.174,0.000,5.000,True
2026-09-09 13:23:27.50+00:00,0,47.05004943,8.31738230,18.000,87.500,-0.174,0.000,5.000,True
2026-09-09 13:23:27.55+00:00,0,47.05004904,8.31738555,18.000,87.550,-0.174,0.000,5.000,True
2026-09-09 13:23:27.60+00:00,0,47.05004865,8.31738880,18.000,87.600,-0.174,0.000,5.000,True
2026-09-09 13:23:27.65+00:00,0,47.05004826,8.31739205,18.000,87.650,-0.174,0.000,5.000,True
2026-09-09 13:23:27.70+00:00,0,47.05004787,8.31739530,18.000,87.700,-0.174,0.000,5.000,True
2026-09-09 13:23:27.75+00:00,0,47.05004748,8.31739855,18.000,87.750,-0.174,0.000,5.000,True
2026-09-09 13:23:27.80+00:00,0,47.05004710,8.31740180,18.000,87.800,-0.174,0.000,5.000,True
2026-09-09 13:23:27.85+00:00,0,47.05004671,8.31740505,18.000,87.850,-0.174,0.000,5.000,True
2026-09-09 13:23:27.90+00:00,0,47.05004632,8.31740830,18.000,87.900,-0.174,0.000,5.000,True
2026-09-09 13:23:27.95+00:00,0,47.05004593,8.31741155,18.000,87.950,-0.174,0.000,5.000,True
2026-09-09 13:23:28.00+00:00,0,47.05004554,8.31741480,18.000,88.000,-0.174,0.000,5.000,True
2026-09-09 13:23:28.05+00:00,0,47.05004515,8.31741805,18.000,88.050,-0.174,0.000,5.000,True
2026-09-09 13:23:28.10+00:00,0,47.05004476,8.31742130,18.000,88.100,-0.174,0.000,5.000,True
2026-09-09 13:23:28.15+00:00,0,47.05004438,8.31742455,18.000,88.150,-0.174,0.000,5.000,True
2026-09-09 13:23:28.20+00:00,0,47.05004399,8.31742780,18.000,88.200,-0.174,0.000,5.000,True
2026-09-09 13:23:28.25+00:00,0,47.05004360,8.31743105,18.000,88.250,-0.174,0.000,5.000,True
2026-09-09 13:23:28.30+00:00,0,47.05004321,8.31743430,18.000,88.300,-0.174,0.000,5.000,True
2026-09-09 13:23:28.35+00:00,0,47.05004282,8.31743755,18.000,88.350,-0.174,0.000,5.000,True
2026-09-09 13:23:28.40+00:00,0,47.05004243,8.31744080,18.000,88.400,-0.174,0.000,5.000,True
2026-09-09 13:23:28.45+00:00,0,47.05004205,8.31744405,18.000,88.450,-0.174,0.000,5.000,True
2026-09-09 13:23:28.50+00:00,0,47.05004166,8.31744730,18.000,88.500,-0.174,0.000,5.000,True
2026-09-09 13:23:28.55+00:00,0,47.05004127,8.31745055,18.000,88.550,-0.174,0.000,5.000,True
2026-09-09 13:23:28.60+00:00,0,47.05004088,8.31745380,18.000,88.600,-0.174,0.000,5.000,True
2026-09-09 13:23:28.65+00:00,0,47.05004049,8.31745705,18.000,88.650,-0.174,0.000,5.000,True
2026-09-09 13:23:28.70+00:00,0,47.05004010,8.31746030,18.000,88.700,-0.174,0.000,5.000,True
2026-09-09 13:23:28.75+00:00,0,47.05003971,8.31746355,18.000,88.750,-0.174,0.000,5.000,True
2026-09-09 13:23:28.80+00:00,0,47.05003933,8.31746680,18.000,88.800,-0.174,0.000,5.000,True
2026-09-09 13:23:28.85+00:00,0,47.05003894,8.31747005,18.000,88.850,-0.174,0.000,5.000,True
2026-09-09 13:23:28.90+00:00,0,47.05003855,8.31747330,18.000,88.900,-0.174,0.000,5.000,True
2026-09-09 13:23:28.95+00:00,0,47.05003816,8.31747655,18.000,88.950,-0.174,0.000,5.000,True
2026-09-09 13:23:29.00+00:00,0,47.05003777,8.31747980,18.000,89.000,-0.174,0.000,5.000,True
2026-09-09 13:23:29.05+00:00,0,47.05003738,8.31748305,18.000,89.050,-0.174,0.000,5.000,True
2026-09-09 13:23:29.10+00:00,0,47.05003700,8.31748630,18.000,89.100,-0.174,0.000,5.000,True
2026-09-09 13:23:29.15+00:00,0,47.05003661,8.31748955,18.000,89.150,-0.174,0.000,5.000,True
2026-09-09 13:23:29.20+00:00,0,47.05003622,8.31749280,18.000,89.200,-0.174,0.000,5.000,True
2026-09-09 13:23:29.25+00:00,0,47.05003583,8.31749605,18.000,89.250,-0.174,0.000,5.000,True
2026-09-09 13:23:29.30+00:00,0,47.05003544,8.31749930,18.000,89.300,-0.174,0.000,5.000,True
2026-09-09 13:23:29.35+00:00,0,47.05003505,8.31750255,18.000,89.350,-0.174,0.000,5.000,True
2026-09-09 13:23:29.40+00:00,0,47.05003466,8.31750580,18.000,89.400,-0.174,0.000,5.000,True
2026-09-09 13:23:29.45+00:00,0,47.05003428,8.31750905,18.000,89.450,-0.174,0.000,5.000,True
2026-09-09 13:23:29.50+00:00,0,47.05003389,8.31751230,18.000,89.500,-0.174,0.000,5.000,True
2026-09-09 13:23:29.55+00:00,0,47.05003350,8.31751555,18.000,89.550,-0.174,0.000,5.000,True
2026-09-09 13:23:29.60+00:00,0,47.05003311,8.31751880,18.000,89.600,-0.174,0.000,5.000,True
2026-09-09 13:23:29.65+00:00,0,47.05003272,8.31752205,18.000,89.650,-0.174,0.000,5.000,True
2026-09-09 13:23:29.70+00:00,0,47.05003233,8.31752530,18.000,89.700,-0.174,0.000,5.000,True
2026-09-09 13:23:29.75+00:00,0,47.05003194,8.31752855,18.000,89.750,-0.174,0.000,5.000,True
2026-09-09 13:23:29.80+00:00,0,47.05003156,8.31753180,18.000,89.800,-0.174,0.000,5.000,True
2026-09-09 13:23:29.85+00:00,0,47.05003117,8.31753505,18.000,89.850,-0.174,0.000,5.000,True
2026-09-09 13:23:29.90+00:00,0,47.05003078,8.31753830,18.000,89.900,-0.174,0.000,5.000,True
2026-09-09 13:23:29.95+00:00,0,47.05003039,8.31754155,18.000,89.950,-0.174,0.000,5.000,True
2026-09-09 13:23:30.00+00:00,0,47.05003000,8.31754480,18.000,90.000,-0.174,0.000,5.000,True
2026-09-09 13:23:30.05+00:00,0,47.05002961,8.31754805,18.000,90.050,-0.174,0.000,5.000,True
2026-09-09 13:23:30.10+00:00,0,47.05002923,8.31755130,18.000,90.100,-0.174,0.000,5.000,True
2026-09-09 13:23:30.15+00:00,0,47.05002884,8.31755455,18.000,90.150,-0.174,0.000,5.000,True
2026-09-09 13:23:30.20+00:00,0,47.05002845,8.31755780,18.000,90.200,-0.174,0.000,5.000,True
2026-09-09 13:23:30.25+00:00,0,47.05002806,8.31756105,18.000,90.250,-0.174,0.000,5.000,True
2026-09-09 13:23:30.30+00:00,0,47.05002767,8.31756431,18.000,90.300,-0.174,0.000,5.000,True
2026-09-09 13:23:30.35+00:00,0,47.05002728,8.31756756,18.000,90.350,-0.174,0.000,5.000,True
2026-09-09 13:23:30.40+00:00,0,47.05002689,8.31757081,18.000,90.400,-0.174,0.000,5.000,True
2026-09-09 13:23:30.45+00:00,0,47.05002651,8.31757406,18.000,90.450,-0.174,0.000,5.000,True
2026-09-09 13:23:30.50+00:00,0,47.05002612,8.31757731,18.000,90.500,-0.174,0.000,5.000,True
2026-09-09 13:23:30.55+00:00,0,47.05002573,8.31758056,18.000,90.550,-0.174,0.000,5.000,True
2026-09-09 13:23:30.60+00:00,0,47.05002534,8.31758381,18.000,90.600,-0.174,0.000,5.000,True
2026-09-09 13:23:30.65+00:00,0,47.05002495,8.31758706,18.000,90.650,-0.174,0.000,5.000,True
2026-09-09 13:23:30.70+00:00,0,47.05002456,8.31759031,18.000,90.700,-0.174,0.000,5.000,True
2026-09-09 13:23:30.75+00:00,0,47.05002418,8.31759356,18.000,90.750,-0.174,0.000,5.000,True
2026-09-09 13:23:30.80+00:00,0,47.05002379,8.31759681,18.000,90.800,-0.174,0.000,5.000,True
2026-09-09 13:23:30.85+00:00,0,47.05002340,8.31760006,18.000,90.850,-0.174,0.000,5.000,True
2026-09-09 13:23:30.90+00:00,0,47.05002301,8.31760331,18.000,90.900,-0.174,0.000,5.000,True
2026-09-09 13:23:30.95+00:00,0,47.05002262,8.31760656,18.000,90.950,-0.174,0.000,5.000,True
2026-09-09 13:23:31.00+00:00,0,47.05002223,8.31760981,18.000,91.000,-0.174,0.000,5.000,True
2026-09-09 13:23:31.05+00:00,0,47.05002184,8.31761306,18.000,91.050,-0.174,0.000,5.000,True
2026-09-09 13:23:31.10+00:00,0,47.05002146,8.31761631,18.000,91.100,-0.174,0.000,5.000,True
2026-09-09 13:23:31.15+00:00,0,47.05002107,8.31761956,18.000,91.150,-0.174,0.000,5.000,True
2026-09-09 13:23:31.20+00:00,0,47.05002068,8.31762281,18.000,91.200,-0.174,0.000,5.000,True
2026-09-09 13:23:31.25+00:00,0,47.05002029,8.31762606,18.000,91.250,-0.174,0.000,5.000,True
2026-09-09 13:23:31.30+00:00,0,47.05001990,8.31762931,18.000,91.300,-0.174,0.000,5.000,True
2026-09-09 13:23:31.35+00:00,0,47.05001951,8.31763256,18.000,91.350,-0.174,0.000,5.000,True
2026-09-09 13:23:31.40+00:00,0,47.05001912,8.31763581,18.000,91.400,-0.174,0.000,5.000,True
2026-09-09 13:23:31.45+00:00,0,47.05001874,8.31763906,18.000,91.450,-0.174,0.000,5.000,True
2026-09-09 13:23:31.50+00:00,0,47.05001835,8.31764231,18.000,91.500,-0.174,0.000,5.000,True
2026-09-09 13:23:31.55+00:00,0,47.05001796,8.31764556,18.000,91.550,-0.174,0.000,5.000,True
2026-09-09 13:23:31.60+00:00,0,47.05001757,8.31764881,18.000,91.600,-0.174,0.000,5.000,True
2026-09-09 13:23:31.65+00:00,0,47.05001718,8.31765206,18.000,91.650,-0.174,0.000,5.000,True
2026-09-09 13:23:31.70+00:00,0,47.05001679,8.31765531,18.000,91.700,-0.174,0.000,5.000,True
2026-09-09 13:23:31.75+00:00,0,47.05001641,8.31765856,18.000,91.750,-0.174,0.000,5.000,True
2026-09-09 13:23:31.80+00:00,0,47.05001602,8.31766181,18.000,91.800,-0.174,0.000,5.000,True
2026-09-09 13:23:31.85+00:00,0,47.05001563,8.31766506,18.000,91.850,-0.174,0.000,5.000,True
2026-09-09 13:23:31.90+00:00,0,47.05001524,8.31766831,18.000,91.900,-0.174,0.000,5.000,True
2026-09-09 13:23:31.95+00:00,0,47.05001485,8.31767156,18.000,91.950,-0.174,0.000,5.000,True
2026-09-09 13:23:32.00+00:00,0,47.05001446,8.31767481,18.000,92.000,-0.174,0.000,5.000,True
2026-09-09 13:23:32.05+00:00,0,47.05001407,8.31767806,18.000,92.050,-0.174,0.000,5.000,True
2026-09-09 13:23:32.10+00:00,0,47.05001369,8.31768131,18.000,92.100,-0.174,0.000,5.000,True
2026-09-09 13:23:32.15+00:00,0,47.05001330,8.31768456,18.000,92.150,-0.174,0.000,5.000,True
2026-09-09 13:23:32.20+00:00,0,47.05001291,8.31768781,18.000,92.200,-0.174,0.000,5.000,True
2026-09-09 13:23:32.25+00:00,0,47.05001252,8.31769106,18.000,92.250,-0.174,0.000,5.000,True
2026-09-09 13:23:32.30+00:00,0,47.05001213,8.31769431,18.000,92.300,-0.174,0.000,5.000,True
2026-09-09 13:23:32.35+00:00,0,47.05001174,8.31769756,18.000,92.350,-0.174,0.000,5.000,True
2026-09-09 13:23:32.40+00:00,0,47.05001136,8.31770081,18.000,92.400,-0.174,0.000,5.000,True
2026-09-09 13:23:32.45+00:00,0,47.05001097,8.31770406,18.000,92.450,-0.174,0.000,5.000,True
2026-09-09 13:23:32.50+00:00,0,47.05001058,8.31770731,18.000,92.500,-0.174,0.000,5.000,True
2026-09-09 13:23:32.55+00:00,0,47.05001019,8.31771056,18.000,92.550,-0.174,0.000,5.000,True
2026-09-09 13:23:32.60+00:00,0,47.05000980,8.31771381,18.000,92.600,-0.174,0.000,5.000,True
2026-09-09 13:23:32.65+00:00,0,47.05000941,8.31771706,18.000,92.650,-0.174,0.000,5.000,True
2026-09-09 13:23:32.70+00:00,0,47.05000902,8.31772031,18.000,92.700,-0.174,0.000,5.000,True
2026-09-09 13:23:32.75+00:00,0,47.05000864,8.31772356,18.000,92.750,-0.174,0.000,5.000,True
2026-09-09 13:23:32.80+00:00,0,47.05000825,8.31772681,18.000,92.800,-0.174,0.000,5.000,True
2026-09-09 13:23:32.85+00:00,0,47.05000786,8.31773006,18.000,92.850,-0.174,0.000,5.000,True
2026-09-09 13:23:32.90+00:00,0,47.05000747,8.31773331,18.000,92.900,-0.174,0.000,5.000,True
2026-09-09 13:23:32.95+00:00,0,47.05000708,8.31773656,18.000,92.950,-0.174,0.000,5.000,True
2026-09-09 13:23:33.00+00:00,0,47.05000669,8.31773981,18.000,93.000,-0.174,0.000,5.000,True
2026-09-09 13:23:33.05+00:00,0,47.05000631,8.31774306,18.000,93.050,-0.174,0.000,5.000,True
2026-09-09 13:23:33.10+00:00,0,47.05000592,8.31774631,18.000,93.100,-0.174,0.000,5.000,True
2026-09-09 13:23:33.15+00:00,0,47.05000553,8.31774956,18.000,93.150,-0.174,0.000,5.000,True
2026-09-09 13:23:33.20+00:00,0,47.05000514,8.31775281,18.000,93.200,-0.174,0.000,5.000,True
2026-09-09 13:23:33.25+00:00,0,47.05000475,8.31775606,18.000,93.250,-0.174,0.000,5.000,True
2026-09-09 13:23:33.30+00:00,0,47.05000436,8.31775931,18.000,93.300,-0.174,0.000,5.000,True
2026-09-09 13:23:33.35+00:00,0,47.05000397,8.31776256,18.000,93.350,-0.174,0.000,5.000,True
2026-09-09 13:23:33.40+00:00,0,47.05000359,8.31776581,18.000,93.400,-0.174,0.000,5.000,True
2026-09-09 13:23:33.45+00:00,0,47.05000320,8.31776906,18.000,93.450,-0.174,0.000,5.000,True
2026-09-09 13:23:33.50+00:00,0,47.05000281,8.31777231,18.000,93.500,-0.174,0.000,5.000,True
2026-09-09 13:23:33.55+00:00,0,47.05000242,8.31777556,18.000,93.550,-0.174,0.000,5.000,True
2026-09-09 13:23:33.60+00:00,0,47.05000203,8.31777881,18.000,93.600,-0.174,0.000,5.000,True
2026-09-09 13:23:33.65+00:00,0,47.05000164,8.31778206,18.000,93.650,-0.174,0.000,5.000,True
2026-09-09 13:23:33.70+00:00,0,47.05000125,8.31778531,18.000,93.700,-0.174,0.000,5.000,True
2026-09-09 13:23:33.75+00:00,0,47.05000087,8.31778856,18.000,93.750,-0.174,0.000,5.000,True
2026-09-09 13:23:33.80+00:00,0,47.05000048,8.31779181,18.000,93.800,-0.174,0.000,5.000,True
2026-09-09 13:23:33.85+00:00,0,47.05000009,8.31779506,18.000,93.850,-0.174,0.000,5.000,True
2026-09-09 13:23:33.90+00:00,0,47.04999970,8.31779831,18.000,93.900,-0.174,0.000,5.000,True
2026-09-09 13:23:33.95+00:00,0,47.04999931,8.31780156,18.000,93.950,-0.174,0.000,5.000,True
2026-09-09 13:23:34.00+00:00,0,47.04999892,8.31780481,18.000,94.000,-0.174,0.000,5.000,True
2026-09-09 13:23:34.05+00:00,0,47.04999854,8.31780806,18.000,94.050,-0.174,0.000,5.000,True
2026-09-09 13:23:34.10+00:00,0,47.04999815,8.31781131,18.000,94.100,-0.174,0.000,5.000,True
2026-09-09 13:23:34.15+00:00,0,47.04999776,8.31781456,18.000,94.150,-0.174,0.000,5.000,True
2026-09-09 13:23:34.20+00:00,0,47.04999737,8.31781781,18.000,94.200,-0.174,0.000,5.000,True
2026-09-09 13:23:34.25+00:00,0,47.04999698,8.31782106,18.000,94.250,-0.174,0.000,5.000,True
2026-09-09 13:23:34.30+00:00,0,47.04999659,8.31782431,18.000,94.300,-0.174,0.000,5.000,True
2026-09-09 13:23:34.35+00:00,0,47.04999620,8.31782756,18.000,94.350,-0.174,0.000,5.000,True
2026-09-09 13:23:34.40+00:00,0,47.04999582,8.31783081,18.000,94.400,-0.174,0.000,5.000,True
2026-09-09 13:23:34.45+00:00,0,47.04999543,8.31783407,18.000,94.450,-0.174,0.000,5.000,True
2026-09-09 13:23:34.50+00:00,0,47.04999504,8.31783732,18.000,94.500,-0.174,0.000,5.000,True
2026-09-09 13:23:34.55+00:00,0,47.04999465,8.31784057,18.000,94.550,-0.174,0.000,5.000,True
2026-09-09 13:23:34.60+00:00,0,47.04999426,8.31784382,18.000,94.600,-0.174,0.000,5.000,True
2026-09-09 13:23:34.65+00:00,0,47.04999387,8.31784707,18.000,94.650,-0.174,0.000,5.000,True
2026-09-09 13:23:34.70+00:00,0,47.04999349,8.31785032,18.000,94.700,-0.174,0.000,5.000,True
2026-09-09 13:23:34.75+00:00,0,47.04999310,8.31785357,18.000,94.750,-0.174,0.000,5.000,True
2026-09-09 13:23:34.80+00:00,0,47.04999271,8.31785682,18.000,94.800,-0.174,0.000,5.000,True
2026-09-09 13:23:34.85+00:00,0,47.04999232,8.31786007,18.000,94.850,-0.174,0.000,5.000,True
2026-09-09 13:23:34.90+00:00,0,47.04999193,8.31786332,18.000,94.900,-0.174,0.000,5.000,True
2026-09-09 13:23:34.95+00:00,0,47.04999154,8.31786657,18.000,94.950,-0.174,0.000,5.000,True
2026-09-09 13:23:35.00+00:00,0,47.04999115,8.31786982,18.000,95.000,-0.174,0.000,5.000,True
2026-09-09 13:23:35.05+00:00,0,47.04999077,8.31787307,18.000,95.050,-0.174,0.000,5.000,True
2026-09-09 13:23:35.10+00:00,0,47.04999038,8.31787632,18.000,95.100,-0.174,0.000,5.000,True
2026-09-09 13:23:35.15+00:00,0,47.04998999,8.31787957,18.000,95.150,-0.174,0.000,5.000,True
2026-09-09 13:23:35.20+00:00,0,47.04998960,8.31788282,18.000,95.200,-0.174,0.000,5.000,True
2026-09-09 13:23:35.25+00:00,0,47.04998921,8.31788607,18.000,95.250,-0.174,0.000,5.000,True
2026-09-09 13:23:35.30+00:00,0,47.04998882,8.31788932,18.000,95.300,-0.174,0.000,5.000,True
2026-09-09 13:23:35.35+00:00,0,47.04998843,8.31789257,18.000,95.350,-0.174,0.000,5.000,True
2026-09-09 13:23:35.40+00:00,0,47.04998805,8.31789582,18.000,95.400,-0.174,0.000,5.000,True
2026-09-09 13:23:35.45+00:00,0,47.04998766,8.31789907,18.000,95.450,-0.174,0.000,5.000,True
2026-09-09 13:23:35.50+00:00,0,47.04998727,8.31790232,18.000,95.500,-0.174,0.000,5.000,True
2026-09-09 13:23:35.55+00:00,0,47.04998688,8.31790557,18.000,95.550,-0.174,0.000,5.000,True
2026-09-09 13:23:35.60+00:00,0,47.04998649,8.31790882,18.000,95.600,-0.174,0.000,5.000,True
2026-09-09 13:23:35.65+00:00,0,47.04998610,8.31791207,18.000,95.650,-0.174,0.000,5.000,True
2026-09-09 13:23:35.70+00:00,0,47.04998572,8.31791532,18.000,95.700,-0.174,0.000,5.000,True
2026-09-09 13:23:35.75+00:00,0,47.04998533,8.31791857,18.000,95.750,-0.174,0.000,5.000,True
2026-09-09 13:23:35.80+00:00,0,47.04998494,8.31792182,18.000,95.800,-0.174,0.000,5.000,True
2026-09-09 13:23:35.85+00:00,0,47.04998455,8.31792507,18.000,95.850,-0.174,0.000,5.000,True
2026-09-09 13:23:35.90+00:00,0,47.04998416,8.31792832,18.000,95.900,-0.174,0.000,5.000,True
2026-09-09 13:23:35.95+00:00,0,47.04998377,8.31793157,18.000,95.950,-0.174,0.000,5.000,True
2026-09-09 13:23:36.00+00:00,0,47.04998338,8.31793482,18.000,96.000,-0.174,0.000,5.000,True
2026-09-09 13:23:36.05+00:00,0,47.04998300,8.31793807,18.000,96.050,-0.174,0.000,5.000,True
2026-09-09 13:23:36.10+00:00,0,47.04998261,8.31794132,18.000,96.100,-0.174,0.000,5.000,True
2026-09-09 13:23:36.15+00:00,0,47.04998222,8.31794457,18.000,96.150,-0.174,0.000,5.000,True
2026-09-09 13:23:36.20+00:00,0,47.04998183,8.31794782,18.000,96.200,-0.174,0.000,5.000,True
2026-09-09 13:23:36.25+00:00,0,47.04998144,8.31795107,18.000,96.250,-0.174,0.000,5.000,True
2026-09-09 13:23:36.30+00:00,0,47.04998105,8.31795432,18.000,96.300,-0.174,0.000,5.000,True
2026-09-09 13:23:36.35+00:00,0,47.04998067,8.31795757,18.000,96.350,-0.174,0.000,5.000,True
2026-09-09 13:23:36.40+00:00,0,47.04998028,8.31796082,18.000,96.400,-0.174,0.000,5.000,True
2026-09-09 13:23:36.45+00:00,0,47.04997989,8.31796407,18.000,96.450,-0.174,0.000,5.000,True
2026-09-09 13:23:36.50+00:00,0,47.04997950,8.31796732,18.000,96.500,-0.174,0.000,5.000,True
2026-09-09 13:23:36.55+00:00,0,47.04997911,8.31797057,18.000,96.550,-0.174,0.000,5.000,True
2026-09-09 13:23:36.60+00:00,0,47.04997872,8.31797382,18.000,96.600,-0.174,0.000,5.000,True
2026-09-09 13:23:36.65+00:00,0,47.04997833,8.31797707,18.000,96.650,-0.174,0.000,5.000,True
2026-09-09 13:23:36.70+00:00,0,47.04997795,8.31798032,18.000,96.700,-0.174,0.000,5.000,True
2026-09-09 13:23:36.75+00:00,0,47.04997756,8.31798357,18.000,96.750,-0.174,0.000,5.000,True
2026-09-09 13:23:36.80+00:00,0,47.04997717,8.31798682,18.000,96.800,-0.174,0.000,5.000,True
2026-09-09 13:23:36.85+00:00,0,47.04997678,8.31799007,18.000,96.850,-0.174,0.000,5.000,True
2026-09-09 13:23:36.90+00:00,0,47.04997639,8.31799332,18.000,96.900,-0.174,0.000,5.000,True
2026-09-09 13:23:36.95+00:00,0,47.04997600,8.31799657,18.000,96.950,-0.174,0.000,5.000,True
2026-09-09 13:23:37.00+00:00,0,47.04997562,8.31799982,18.000,97.000,-0.174,0.000,5.000,True
2026-09-09 13:23:37.05+00:00,0,47.04997523,8.31800307,18.000,97.050,-0.174,0.000,5.000,True
2026-09-09 13:23:37.10+00:00,0,47.04997484,8.31800632,18.000,97.100,-0.174,0.000,5.000,True
2026-09-09 13:23:37.15+00:00,0,47.04997445,8.31800957,18.000,97.150,-0.174,0.000,5.000,True
2026-09-09 13:23:37.20+00:00,0,47.04997406,8.31801282,18.000,97.200,-0.174,0.000,5.000,True
2026-09-09 13:23:37.25+00:00,0,47.04997367,8.31801607,18.000,97.250,-0.174,0.000,5.000,True
2026-09-09 13:23:37.30+00:00,0,47.04997328,8.31801932,18.000,97.300,-0.174,0.000,5.000,True
2026-09-09 13:23:37.35+00:00,0,47.04997290,8.31802257,18.000,97.350,-0.174,0.000,5.000,True
2026-09-09 13:23:37.40+00:00,0,47.04997251,8.31802582,18.000,97.400,-0.174,0.000,5.000,True
2026-09-09 13:23:37.45+00:00,0,47.04997212,8.31802907,18.000,97.450,-0.174,0.000,5.000,True
2026-09-09 13:23:37.50+00:00,0,47.04997173,8.31803232,18.000,97.500,-0.174,0.000,5.000,True
2026-09-09 13:23:37.55+00:00,0,47.04997134,8.31803557,18.000,97.550,-0.174,0.000,5.000,True
2026-09-09 13:23:37.60+00:00,0,47.04997095,8.31803882,18.000,97.600,-0.174,0.000,5.000,True
2026-09-09 13:23:37.65+00:00,0,47.04997056,8.31804207,18.000,97.650,-0.174,0.000,5.000,True
2026-09-09 13:23:37.70+00:00,0,47.04997018,8.31804532,18.000,97.700,-0.174,0.000,5.000,True
2026-09-09 13:23:37.75+00:00,0,47.04996979,8.31804857,18.000,97.750,-0.174,0.000,5.000,True
2026-09-09 13:23:37.80+00:00,0,47.04996940,8.31805182,18.000,97.800,-0.174,0.000,5.000,True
2026-09-09 13:23:37.85+00:00,0,47.04996901,8.31805507,18.000,97.850,-0.174,0.000,5.000,True
2026-09-09 13:23:37.90+00:00,0,47.04996862,8.31805832,18.000,97.900,-0.174,0.000,5.000,True
2026-09-09 13:23:37.95+00:00,0,47.04996823,8.31806157,18.000,97.950,-0.174,0.000,5.000,True
2026-09-09 13:23:38.00+00:00,0,47.04996785,8.31806482,18.000,98.000,-0.174,0.017,5.000,True
2026-09-09 13:23:38.05+00:00,0,47.04996746,8.31806807,18.000,98.050,-0.173,0.017,5.000,True
2026-09-09 13:23:38.10+00:00,0,47.04996707,8.31807132,18.000,98.100,-0.172,0.017,5.000,True
2026-09-09 13:23:38.15+00:00,0,47.04996669,8.31807458,18.000,98.150,-0.171,0.035,5.000,True
2026-09-09 13:23:38.20+00:00,0,47.04996630,8.31807783,18.000,98.200,-0.169,0.035,5.000,True
2026-09-09 13:23:38.25+00:00,0,47.04996592,8.31808108,18.000,98.250,-0.168,0.035,5.000,True
2026-09-09 13:23:38.30+00:00,0,47.04996555,8.31808433,18.000,98.300,-0.166,0.035,5.000,True
2026-09-09 13:23:38.35+00:00,0,47.04996518,8.31808759,18.000,98.350,-0.164,0.035,5.000,True
2026-09-09 13:23:38.40+00:00,0,47.04996481,8.31809084,18.000,98.400,-0.162,0.035,5.000,True
2026-09-09 13:23:38.45+00:00,0,47.04996445,8.31809410,18.000,98.450,-0.161,0.035,5.000,True
2026-09-09 13:23:38.50+00:00,0,47.04996409,8.31809736,18.000,98.500,-0.159,0.035,5.000,True
2026-09-09 13:23:38.55+00:00,0,47.04996373,8.31810061,18.000,98.550,-0.157,0.035,5.000,True
2026-09-09 13:23:38.60+00:00,0,47.04996338,8.31810387,18.000,98.600,-0.155,0.035,5.000,True
2026-09-09 13:23:38.65+00:00,0,47.04996303,8.31810713,18.000,98.650,-0.154,0.035,5.000,True
2026-09-09 13:23:38.70+00:00,0,47.04996269,8.31811040,18.000,98.700,-0.152,0.035,5.000,True
2026-09-09 13:23:38.75+00:00,0,47.04996235,8.31811366,18.000,98.750,-0.150,0.035,5.000,True
2026-09-09 13:23:38.80+00:00,0,47.04996201,8.31811692,18.000,98.800,-0.148,0.035,5.000,True
2026-09-09 13:23:38.85+00:00,0,47.04996168,8.31812018,18.000,98.850,-0.147,0.035,5.000,True
2026-09-09 13:23:38.90+00:00,0,47.04996135,8.31812345,18.000,98.900,-0.145,0.035,5.000,True
2026-09-09 13:23:38.95+00:00,0,47.04996103,8.31812671,18.000,98.950,-0.143,0.035,5.000,True
2026-09-09 13:23:39.00+00:00,0,47.04996071,8.31812998,18.000,99.000,-0.141,0.035,5.000,True
2026-09-09 13:23:39.05+00:00,0,47.04996039,8.31813325,18.000,99.050,-0.140,0.035,5.000,True
2026-09-09 13:23:39.10+00:00,0,47.04996008,8.31813651,18.000,99.100,-0.138,0.035,5.000,True
2026-09-09 13:23:39.15+00:00,0,47.04995977,8.31813978,18.000,99.150,-0.136,0.035,5.000,True
2026-09-09 13:23:39.20+00:00,0,47.04995946,8.31814305,18.000,99.200,-0.134,0.035,5.000,True
2026-09-09 13:23:39.25+00:00,0,47.04995916,8.31814632,18.000,99.250,-0.133,0.035,5.000,True
2026-09-09 13:23:39.30+00:00,0,47.04995886,8.31814959,18.000,99.300,-0.131,0.035,5.000,True
2026-09-09 13:23:39.35+00:00,0,47.04995857,8.31815286,18.000,99.350,-0.129,0.035,5.000,True
2026-09-09 13:23:39.40+00:00,0,47.04995828,8.31815614,18.000,99.400,-0.127,0.035,5.000,True
2026-09-09 13:23:39.45+00:00,0,47.04995800,8.31815941,18.000,99.450,-0.126,0.035,5.000,True
2026-09-09 13:23:39.50+00:00,0,47.04995771,8.31816268,18.000,99.500,-0.124,0.035,5.000,True
2026-09-09 13:23:39.55+00:00,0,47.04995744,8.31816596,18.000,99.550,-0.122,0.035,5.000,True
2026-09-09 13:23:39.60+00:00,0,47.04995716,8.31816923,18.000,99.600,-0.120,0.035,5.000,True
2026-09-09 13:23:39.65+00:00,0,47.04995689,8.31817251,18.000,99.650,-0.119,0.035,5.000,True
2026-09-09 13:23:39.70+00:00,0,47.04995663,8.31817578,18.000,99.700,-0.117,0.035,5.000,True
2026-09-09 13:23:39.75+00:00,0,47.04995636,8.31817906,18.000,99.750,-0.115,0.035,5.000,True
2026-09-09 13:23:39.80+00:00,0,47.04995611,8.31818234,18.000,99.800,-0.113,0.035,5.000,True
2026-09-09 13:23:39.85+00:00,0,47.04995585,8.31818562,18.000,99.850,-0.112,0.035,5.000,True
2026-09-09 13:23:39.90+00:00,0,47.04995560,8.31818890,18.000,99.900,-0.110,0.035,5.000,True
2026-09-09 13:23:39.95+00:00,0,47.04995535,8.31819218,18.000,99.950,-0.108,0.035,5.000,True
2026-09-09 13:23:40.00+00:00,0,47.04995511,8.31819546,18.000,100.000,-0.106,0.035,5.000,True
2026-09-09 13:23:40.05+00:00,0,47.04995487,8.31819874,18.000,100.050,-0.105,0.035,5.000,True
2026-09-09 13:23:40.10+00:00,0,47.04995464,8.31820202,18.000,100.100,-0.103,0.035,5.000,True
2026-09-09 13:23:40.15+00:00,0,47.04995441,8.31820530,18.000,100.150,-0.101,0.035,5.000,True
2026-09-09 13:23:40.20+00:00,0,47.04995418,8.31820859,18.000,100.200,-0.099,0.035,5.000,True
2026-09-09 13:23:40.25+00:00,0,47.04995395,8.31821187,18.000,100.250,-0.098,0.035,5.000,True
2026-09-09 13:23:40.30+00:00,0,47.04995374,8.31821515,18.000,100.300,-0.096,0.035,5.000,True
2026-09-09 13:23:40.35+00:00,0,47.04995352,8.31821844,18.000,100.350,-0.094,0.035,5.000,True
2026-09-09 13:23:40.40+00:00,0,47.04995331,8.31822172,18.000,100.400,-0.093,0.035,5.000,True
2026-09-09 13:23:40.45+00:00,0,47.04995310,8.31822501,18.000,100.450,-0.091,0.035,5.000,True
2026-09-09 13:23:40.50+00:00,0,47.04995290,8.31822829,18.000,100.500,-0.089,0.035,5.000,True
2026-09-09 13:23:40.55+00:00,0,47.04995270,8.31823158,18.000,100.550,-0.087,0.035,5.000,True
2026-09-09 13:23:40.60+00:00,0,47.04995250,8.31823487,18.000,100.600,-0.086,0.035,5.000,True
2026-09-09 13:23:40.65+00:00,0,47.04995231,8.31823816,18.000,100.650,-0.084,0.035,5.000,True
2026-09-09 13:23:40.70+00:00,0,47.04995212,8.31824144,18.000,100.700,-0.082,0.035,5.000,True
2026-09-09 13:23:40.75+00:00,0,47.04995194,8.31824473,18.000,100.750,-0.080,0.035,5.000,True
2026-09-09 13:23:40.80+00:00,0,47.04995176,8.31824802,18.000,100.800,-0.079,0.035,5.000,True
2026-09-09 13:23:40.85+00:00,0,47.04995158,8.31825131,18.000,100.850,-0.077,0.035,5.000,True
2026-09-09 13:23:40.90+00:00,0,47.04995141,8.31825460,18.000,100.900,-0.075,0.035,5.000,True
2026-09-09 13:23:40.95+00:00,0,47.04995124,8.31825789,18.000,100.950,-0.073,0.035,5.000,True
2026-09-09 13:23:41.00+00:00,0,47.04995107,8.31826118,18.000,101.000,-0.072,0.035,5.000,True
2026-09-09 13:23:41.05+00:00,0,47.04995091,8.31826447,18.000,101.050,-0.070,0.035,5.000,True
2026-09-09 13:23:41.10+00:00,0,47.04995076,8.31826777,18.000,101.100,-0.068,0.035,5.000,True
2026-09-09 13:23:41.15+00:00,0,47.04995060,8.31827106,18.000,101.150,-0.066,0.035,5.000,True
2026-09-09 13:23:41.20+00:00,0,47.04995045,8.31827435,18.000,101.200,-0.065,0.035,5.000,True
2026-09-09 13:23:41.25+00:00,0,47.04995031,8.31827764,18.000,101.250,-0.063,0.035,5.000,True
2026-09-09 13:23:41.30+00:00,0,47.04995017,8.31828094,18.000,101.300,-0.061,0.035,5.000,True
2026-09-09 13:23:41.35+00:00,0,47.04995003,8.31828423,18.000,101.350,-0.059,0.035,5.000,True
2026-09-09 13:23:41.40+00:00,0,47.04994990,8.31828752,18.000,101.400,-0.058,0.035,5.000,True
2026-09-09 13:23:41.45+00:00,0,47.04994977,8.31829082,18.000,101.450,-0.056,0.035,5.000,True
2026-09-09 13:23:41.50+00:00,0,47.04994964,8.31829411,18.000,101.500,-0.054,0.035,5.000,True
2026-09-09 13:23:41.55+00:00,0,47.04994952,8.31829741,18.000,101.550,-0.052,0.035,5.000,True
2026-09-09 13:23:41.60+00:00,0,47.04994940,8.31830070,18.000,101.600,-0.051,0.035,5.000,True
2026-09-09 13:23:41.65+00:00,0,47.04994929,8.31830400,18.000,101.650,-0.049,0.035,5.000,True
2026-09-09 13:23:41.70+00:00,0,47.04994918,8.31830729,18.000,101.700,-0.047,0.035,5.000,True
2026-09-09 13:23:41.75+00:00,0,47.04994907,8.31831059,18.000,101.750,-0.045,0.052,5.000,True
2026-09-09 13:23:41.80+00:00,0,47.04994897,8.31831389,18.000,101.800,-0.043,0.052,5.000,True
2026-09-09 13:23:41.85+00:00,0,47.04994888,8.31831718,18.000,101.850,-0.040,0.052,5.000,True
2026-09-09 13:23:41.90+00:00,0,47.04994879,8.31832048,18.000,101.900,-0.038,0.052,5.000,True
2026-09-09 13:23:41.95+00:00,0,47.04994870,8.31832378,18.000,101.950,-0.035,0.070,5.000,True
2026-09-09 13:23:42.00+00:00,0,47.04994862,8.31832708,18.000,102.000,-0.031,0.070,5.000,True
2026-09-09 13:23:42.05+00:00,0,47.04994855,8.31833037,18.000,102.050,-0.028,0.070,5.000,True
2026-09-09 13:23:42.10+00:00,0,47.04994849,8.31833367,18.000,102.100,-0.024,0.070,5.000,True
2026-09-09 13:23:42.15+00:00,0,47.04994843,8.31833697,18.000,102.150,-0.021,0.070,5.000,True
2026-09-09 13:23:42.20+00:00,0,47.04994839,8.31834027,18.000,102.200,-0.017,0.070,5.000,True
2026-09-09 13:23:42.25+00:00,0,47.04994835,8.31834357,18.000,102.250,-0.014,0.070,5.000,True
2026-09-09 13:23:42.30+00:00,0,47.04994832,8.31834687,18.000,102.300,-0.010,0.070,5.000,True
2026-09-09 13:23:42.35+00:00,0,47.04994829,8.31835017,18.000,102.350,-0.007,0.070,5.000,True
2026-09-09 13:23:42.40+00:00,0,47.04994828,8.31835347,18.000,102.400,-0.003,0.070,5.000,True
2026-09-09 13:23:42.45+00:00,0,47.04994827,8.31835677,18.000,102.450,0.000,0.070,5.000,True
2026-09-09 13:23:42.50+00:00,0,47.04994827,8.31836007,18.000,102.500,0.003,0.070,5.000,True
2026-09-09 13:23:42.55+00:00,0,47.04994828,8.31836337,18.000,102.550,0.007,0.070,5.000,True
2026-09-09 13:23:42.60+00:00,0,47.04994829,8.31836667,18.000,102.600,0.010,0.070,5.000,True
2026-09-09 13:23:42.65+00:00,0,47.04994832,8.31836997,18.000,102.650,0.014,0.070,5.000,True
2026-09-09 13:23:42.70+00:00,0,47.04994835,8.31837327,18.000,102.700,0.017,0.070,5.000,True
2026-09-09 13:23:42.75+00:00,0,47.04994839,8.31837657,18.000,102.750,0.021,0.070,5.000,True
2026-09-09 13:23:42.80+00:00,0,47.04994843,8.31837986,18.000,102.800,0.024,0.070,5.000,True
2026-09-09 13:23:42.85+00:00,0,47.04994849,8.31838316,18.000,102.850,0.028,0.070,5.000,True
2026-09-09 13:23:42.90+00:00,0,47.04994855,8.31838646,18.000,102.900,0.031,0.070,5.000,True
2026-09-09 13:23:42.95+00:00,0,47.04994862,8.31838976,18.000,102.950,0.035,0.070,5.000,True
2026-09-09 13:23:43.00+00:00,0,47.04994870,8.31839306,18.000,103.000,0.038,0.070,5.000,True
2026-09-09 13:23:43.05+00:00,0,47.04994879,8.31839636,18.000,103.050,0.042,0.070,5.000,True
2026-09-09 13:23:43.10+00:00,0,47.04994888,8.31839965,18.000,103.100,0.045,0.070,5.000,True
2026-09-09 13:23:43.15+00:00,0,47.04994898,8.31840295,18.000,103.150,0.049,0.070,5.000,True
2026-09-09 13:23:43.20+00:00,0,47.04994909,8.31840624,18.000,103.200,0.052,0.070,5.000,True
2026-09-09 13:23:43.25+00:00,0,47.04994921,8.31840954,18.000,103.250,0.056,0.070,5.000,True
2026-09-09 13:23:43.30+00:00,0,47.04994934,8.31841283,18.000,103.300,0.059,0.070,5.000,True
2026-09-09 13:23:43.35+00:00,0,47.04994947,8.31841613,18.000,103.350,0.063,0.070,5.000,True
2026-09-09 13:23:43.40+00:00,0,47.04994961,8.31841942,18.000,103.400,0.066,0.070,5.000,True
2026-09-09 13:23:43.45+00:00,0,47.04994976,8.31842271,18.000,103.450,0.070,0.070,5.000,True
2026-09-09 13:23:43.50+00:00,0,47.04994992,8.31842601,18.000,103.500,0.073,0.070,5.000,True
2026-09-09 13:23:43.55+00:00,0,47.04995008,8.31842930,18.000,103.550,0.077,0.070,5.000,True
2026-09-09 13:23:43.60+00:00,0,47.04995025,8.31843259,18.000,103.600,0.080,0.070,5.000,True
2026-09-09 13:23:43.65+00:00,0,47.04995043,8.31843588,18.000,103.650,0.084,0.070,5.000,True
2026-09-09 13:23:43.70+00:00,0,47.04995062,8.31843916,18.000,103.700,0.087,0.070,5.000,True
2026-09-09 13:23:43.75+00:00,0,47.04995082,8.31844245,18.000,103.750,0.091,0.070,5.000,True
2026-09-09 13:23:43.80+00:00,0,47.04995102,8.31844574,18.000,103.800,0.094,0.070,5.000,True
2026-09-09 13:23:43.85+00:00,0,47.04995123,8.31844902,18.000,103.850,0.098,0.070,5.000,True
2026-09-09 13:23:43.90+00:00,0,47.04995145,8.31845231,18.000,103.900,0.101,0.070,5.000,True
2026-09-09 13:23:43.95+00:00,0,47.04995168,8.31845559,18.000,103.950,0.105,0.070,5.000,True
2026-09-09 13:23:44.00+00:00,0,47.04995192,8.31845887,18.000,104.000,0.108,0.070,5.000,True
2026-09-09 13:23:44.05+00:00,0,47.04995216,8.31846215,18.000,104.050,0.112,0.070,5.000,True
2026-09-09 13:23:44.10+00:00,0,47.04995241,8.31846543,18.000,104.100,0.115,0.070,5.000,True
2026-09-09 13:23:44.15+00:00,0,47.04995267,8.31846871,18.000,104.150,0.119,0.070,5.000,True
2026-09-09 13:23:44.20+00:00,0,47.04995293,8.31847199,18.000,104.200,0.122,0.070,5.000,True
2026-09-09 13:23:44.25+00:00,0,47.04995321,8.31847526,18.000,104.250,0.126,0.070,5.000,True
2026-09-09 13:23:44.30+00:00,0,47.04995349,8.31847853,18.000,104.300,0.129,0.070,5.000,True
2026-09-09 13:23:44.35+00:00,0,47.04995378,8.31848181,18.000,104.350,0.133,0.087,5.000,True
2026-09-09 13:23:44.40+00:00,0,47.04995408,8.31848508,18.000,104.400,0.137,0.087,5.000,True
2026-09-09 13:23:44.45+00:00,0,47.04995438,8.31848835,18.000,104.450,0.141,0.105,5.000,True
2026-09-09 13:23:44.50+00:00,0,47.04995470,8.31849161,18.000,104.500,0.147,0.105,5.000,True
2026-09-09 13:23:44.55+00:00,0,47.04995503,8.31849488,18.000,104.550,0.152,0.122,5.000,True
2026-09-09 13:23:44.60+00:00,0,47.04995537,8.31849814,18.000,104.600,0.158,0.122,5.000,True
2026-09-09 13:23:44.65+00:00,0,47.04995572,8.31850140,18.000,104.650,0.164,0.140,5.000,True
2026-09-09 13:23:44.70+00:00,0,47.04995609,8.31850465,18.000,104.700,0.171,0.140,5.000,True
2026-09-09 13:23:44.75+00:00,0,47.04995647,8.31850791,18.000,104.750,0.178,0.140,5.000,True
2026-09-09 13:23:44.80+00:00,0,47.04995687,8.31851115,18.000,104.800,0.185,0.140,5.000,True
2026-09-09 13:23:44.85+00:00,0,47.04995728,8.31851440,18.000,104.850,0.192,0.140,5.000,True
2026-09-09 13:23:44.90+00:00,0,47.04995771,8.31851764,18.000,104.900,0.199,0.140,5.000,True
2026-09-09 13:23:44.95+00:00,0,47.04995816,8.31852087,18.000,104.950,0.206,0.140,5.000,True
2026-09-09 13:23:45.00+00:00,0,47.04995862,8.31852410,18.000,105.000,0.213,0.140,5.000,True
2026-09-09 13:23:45.05+00:00,0,47.04995909,8.31852733,18.000,105.050,0.220,0.140,5.000,True
2026-09-09 13:23:45.10+00:00,0,47.04995958,8.31853055,18.000,105.100,0.227,0.140,5.000,True
2026-09-09 13:23:45.15+00:00,0,47.04996009,8.31853376,18.000,105.150,0.234,0.140,5.000,True
2026-09-09 13:23:45.20+00:00,0,47.04996061,8.31853697,18.000,105.200,0.241,0.140,5.000,True
2026-09-09 13:23:45.25+00:00,0,47.04996115,8.31854018,18.000,105.250,0.248,0.140,5.000,True
2026-09-09 13:23:45.30+00:00,0,47.04996170,8.31854337,18.000,105.300,0.255,0.140,5.000,True
2026-09-09 13:23:45.35+00:00,0,47.04996226,8.31854657,18.000,105.350,0.262,0.140,5.000,True
2026-09-09 13:23:45.40+00:00,0,47.04996285,8.31854976,18.000,105.400,0.269,0.140,5.000,True
2026-09-09 13:23:45.45+00:00,0,47.04996344,8.31855294,18.000,105.450,0.276,0.140,5.000,True
2026-09-09 13:23:45.50+00:00,0,47.04996406,8.31855611,18.000,105.500,0.283,0.140,5.000,True
2026-09-09 13:23:45.55+00:00,0,47.04996468,8.31855928,18.000,105.550,0.290,0.140,5.000,True
2026-09-09 13:23:45.60+00:00,0,47.04996533,8.31856244,18.000,105.600,0.297,0.140,5.000,True
2026-09-09 13:23:45.65+00:00,0,47.04996598,8.31856560,18.000,105.650,0.304,0.140,5.000,True
2026-09-09 13:23:45.70+00:00,0,47.04996665,8.31856875,18.000,105.700,0.311,0.140,5.000,True
2026-09-09 13:23:45.75+00:00,0,47.04996734,8.31857189,18.000,105.750,0.318,0.140,5.000,True
2026-09-09 13:23:45.80+00:00,0,47.04996804,8.31857502,18.000,105.800,0.325,0.140,5.000,True
2026-09-09 13:23:45.85+00:00,0,47.04996876,8.31857815,18.000,105.850,0.332,0.140,5.000,True
2026-09-09 13:23:45.90+00:00,0,47.04996949,8.31858127,18.000,105.900,0.339,0.140,5.000,True
2026-09-09 13:23:45.95+00:00,0,47.04997024,8.31858438,18.000,105.950,0.346,0.140,5.000,True
2026-09-09 13:23:46.00+00:00,0,47.04997100,8.31858749,18.000,106.000,0.353,0.140,5.000,True
2026-09-09 13:23:46.05+00:00,0,47.04997178,8.31859059,18.000,106.050,0.360,0.140,5.000,True
2026-09-09 13:23:46.10+00:00,0,47.04997257,8.31859367,18.000,106.100,0.367,0.140,5.000,True
2026-09-09 13:23:46.15+00:00,0,47.04997337,8.31859675,18.000,106.150,0.374,0.140,5.000,True
2026-09-09 13:23:46.20+00:00,0,47.04997420,8.31859983,18.000,106.200,0.380,0.140,5.000,True
2026-09-09 13:23:46.25+00:00,0,47.04997503,8.31860289,18.000,106.250,0.387,0.140,5.000,True
2026-09-09 13:23:46.30+00:00,0,47.04997588,8.31860595,18.000,106.300,0.394,0.140,5.000,True
2026-09-09 13:23:46.35+00:00,0,47.04997674,8.31860899,18.000,106.350,0.401,0.140,5.000,True
2026-09-09 13:23:46.40+00:00,0,47.04997762,8.31861203,18.000,106.400,0.408,0.140,5.000,True
2026-09-09 13:23:46.45+00:00,0,47.04997852,8.31861506,18.000,106.450,0.415,0.140,5.000,True
2026-09-09 13:23:46.50+00:00,0,47.04997942,8.31861808,18.000,106.500,0.422,0.140,5.000,True
2026-09-09 13:23:46.55+00:00,0,47.04998034,8.31862109,18.000,106.550,0.429,0.140,5.000,True
2026-09-09 13:23:46.60+00:00,0,47.04998128,8.31862409,18.000,106.600,0.436,0.140,5.000,True
2026-09-09 13:23:46.65+00:00,0,47.04998223,8.31862708,18.000,106.650,0.443,0.140,5.000,True
2026-09-09 13:23:46.70+00:00,0,47.04998319,8.31863006,18.000,106.700,0.450,0.140,5.000,True
2026-09-09 13:23:46.75+00:00,0,47.04998417,8.31863303,18.000,106.750,0.457,0.140,5.000,True
2026-09-09 13:23:46.80+00:00,0,47.04998517,8.31863599,18.000,106.800,0.464,0.140,5.000,True
2026-09-09 13:23:46.85+00:00,0,47.04998617,8.31863894,18.000,106.850,0.471,0.140,5.000,True
2026-09-09 13:23:46.90+00:00,0,47.04998719,8.31864188,18.000,106.900,0.478,0.140,5.000,True
2026-09-09 13:23:46.95+00:00,0,47.04998823,8.31864481,18.000,106.950,0.485,0.140,5.000,True
2026-09-09 13:23:47.00+00:00,0,47.04998928,8.31864773,18.000,107.000,0.492,0.140,5.000,True
2026-09-09 13:23:47.05+00:00,0,47.04999034,8.31865064,18.000,107.050,0.499,0.140,5.000,True
2026-09-09 13:23:47.10+00:00,0,47.04999141,8.31865354,18.000,107.100,0.506,0.140,5.000,True
2026-09-09 13:23:47.15+00:00,0,47.04999250,8.31865642,18.000,107.150,0.513,0.140,5.000,True
2026-09-09 13:23:47.20+00:00,0,47.04999361,8.31865930,18.000,107.200,0.520,0.122,5.000,True
2026-09-09 13:23:47.25+00:00,0,47.04999473,8.31866216,18.000,107.250,0.526,0.122,5.000,True
2026-09-09 13:23:47.30+00:00,0,47.04999586,8.31866501,18.000,107.300,0.532,0.122,5.000,True
2026-09-09 13:23:47.35+00:00,0,47.04999700,8.31866786,18.000,107.350,0.538,0.105,5.000,True
2026-09-09 13:23:47.40+00:00,0,47.04999815,8.31867069,18.000,107.400,0.544,0.070,5.000,True
2026-09-09 13:23:47.45+00:00,0,47.04999931,8.31867351,18.000,107.450,0.547,0.070,5.000,True
2026-09-09 13:23:47.50+00:00,0,47.05000048,8.31867633,18.000,107.500,0.551,0.070,5.000,True
2026-09-09 13:23:47.55+00:00,0,47.05000166,8.31867914,18.000,107.550,0.554,0.070,5.000,True
2026-09-09 13:23:47.60+00:00,0,47.05000284,8.31868195,18.000,107.600,0.558,0.070,5.000,True
2026-09-09 13:23:47.65+00:00,0,47.05000403,8.31868475,18.000,107.650,0.561,0.070,5.000,True
2026-09-09 13:23:47.70+00:00,0,47.05000523,8.31868754,18.000,107.700,0.565,0.070,5.000,True
2026-09-09 13:23:47.75+00:00,0,47.05000643,8.31869033,18.000,107.750,0.568,0.070,5.000,True
2026-09-09 13:23:47.80+00:00,0,47.05000764,8.31869311,18.000,107.800,0.572,0.070,5.000,True
2026-09-09 13:23:47.85+00:00,0,47.05000886,8.31869589,18.000,107.850,0.575,0.070,5.000,True
2026-09-09 13:23:47.90+00:00,0,47.05001008,8.31869866,18.000,107.900,0.579,0.070,5.000,True
2026-09-09 13:23:47.95+00:00,0,47.05001131,8.31870142,18.000,107.950,0.582,0.070,5.000,True
2026-09-09 13:23:48.00+00:00,0,47.05001254,8.31870418,18.000,108.000,0.586,0.070,5.000,True
2026-09-09 13:23:48.05+00:00,0,47.05001379,8.31870693,18.000,108.050,0.589,0.070,5.000,True
2026-09-09 13:23:48.10+00:00,0,47.05001504,8.31870967,18.000,108.100,0.593,0.070,5.000,True
2026-09-09 13:23:48.15+00:00,0,47.05001629,8.31871241,18.000,108.150,0.596,0.070,5.000,True
2026-09-09 13:23:48.20+00:00,0,47.05001755,8.31871514,18.000,108.200,0.600,0.070,5.000,True
2026-09-09 13:23:48.25+00:00,0,47.05001882,8.31871786,18.000,108.250,0.603,0.070,5.000,True
2026-09-09 13:23:48.30+00:00,0,47.05002010,8.31872058,18.000,108.300,0.607,0.070,5.000,True
2026-09-09 13:23:48.35+00:00,0,47.05002138,8.31872329,18.000,108.350,0.610,0.070,5.000,True
2026-09-09 13:23:48.40+00:00,0,47.05002267,8.31872600,18.000,108.400,0.613,0.070,5.000,True
2026-09-09 13:23:48.45+00:00,0,47.05002396,8.31872870,18.000,108.450,0.617,0.070,5.000,True
2026-09-09 13:23:48.50+00:00,0,47.05002526,8.31873139,18.000,108.500,0.620,0.070,5.000,True
2026-09-09 13:23:48.55+00:00,0,47.05002657,8.31873407,18.000,108.550,0.624,0.070,5.000,True
2026-09-09 13:23:48.60+00:00,0,47.05002788,8.31873675,18.000,108.600,0.627,0.070,5.000,True
2026-09-09 13:23:48.65+00:00,0,47.05002920,8.31873942,18.000,108.650,0.631,0.070,5.000,True
2026-09-09 13:23:48.70+00:00,0,47.05003053,8.31874209,18.000,108.700,0.634,0.070,5.000,True
2026-09-09 13:23:48.75+00:00,0,47.05003186,8.31874474,18.000,108.750,0.638,0.052,5.000,True
2026-09-09 13:23:48.80+00:00,0,47.05003320,8.31874739,18.000,108.800,0.641,0.052,5.000,True
2026-09-09 13:23:48.85+00:00,0,47.05003454,8.31875004,18.000,108.850,0.643,0.052,5.000,True
2026-09-09 13:23:48.90+00:00,0,47.05003589,8.31875268,18.000,108.900,0.646,0.035,5.000,True
2026-09-09 13:23:48.95+00:00,0,47.05003725,8.31875532,18.000,108.950,0.648,0.000,5.000,True
2026-09-09 13:23:49.00+00:00,0,47.05003860,8.31875795,18.000,109.000,0.648,0.000,5.000,True
2026-09-09 13:23:49.05+00:00,0,47.05003996,8.31876058,18.000,109.050,0.648,0.000,5.000,True
2026-09-09 13:23:49.10+00:00,0,47.05004131,8.31876321,18.000,109.100,0.648,0.000,5.000,True
2026-09-09 13:23:49.15+00:00,0,47.05004267,8.31876584,18.000,109.150,0.648,0.000,5.000,True
2026-09-09 13:23:49.20+00:00,0,47.05004403,8.31876848,18.000,109.200,0.648,0.000,5.000,True
2026-09-09 13:23:49.25+00:00,0,47.05004538,8.31877111,18.000,109.250,0.648,0.000,5.000,True
2026-09-09 13:23:49.30+00:00,0,47.05004674,8.31877374,18.000,109.300,0.648,0.000,5.000,True
2026-09-09 13:23:49.35+00:00,0,47.05004810,8.31877637,18.000,109.350,0.648,0.000,5.000,True
2026-09-09 13:23:49.40+00:00,0,47.05004945,8.31877900,18.000,109.400,0.648,0.000,5.000,True
2026-09-09 13:23:49.45+00:00,0,47.05005081,8.31878164,18.000,109.450,0.648,0.000,5.000,True
2026-09-09 13:23:49.50+00:00,0,47.05005216,8.31878427,18.000,109.500,0.648,0.000,5.000,True
2026-09-09 13:23:49.55+00:00,0,47.05005352,8.31878690,18.000,109.550,0.648,0.000,5.000,True
2026-09-09 13:23:49.60+00:00,0,47.05005488,8.31878953,18.000,109.600,0.648,0.000,5.000,True
2026-09-09 13:23:49.65+00:00,0,47.05005623,8.31879216,18.000,109.650,0.648,0.000,5.000,True
2026-09-09 13:23:49.70+00:00,0,47.05005759,8.31879480,18.000,109.700,0.648,0.000,5.000,True
2026-09-09 13:23:49.75+00:00,0,47.05005895,8.31879743,18.000,109.750,0.648,0.000,5.000,True
2026-09-09 13:23:49.80+00:00,0,47.05006030,8.31880006,18.000,109.800,0.648,0.000,5.000,True
2026-09-09 13:23:49.85+00:00,0,47.05006166,8.31880269,18.000,109.850,0.648,0.000,5.000,True
2026-09-09 13:23:49.90+00:00,0,47.05006301,8.31880532,18.000,109.900,0.648,0.000,5.000,True
2026-09-09 13:23:49.95+00:00,0,47.05006437,8.31880795,18.000,109.950,0.648,0.000,5.000,True
2026-09-09 13:23:50.00+00:00,0,47.05006573,8.31881059,18.000,110.000,0.648,0.000,5.000,True
2026-09-09 13:23:50.05+00:00,0,47.05006708,8.31881322,18.000,110.050,0.648,0.000,5.000,True
2026-09-09 13:23:50.10+00:00,0,47.05006844,8.31881585,18.000,110.100,0.648,0.000,5.000,True
2026-09-09 13:23:50.15+00:00,0,47.05006979,8.31881848,18.000,110.150,0.648,0.000,5.000,True
2026-09-09 13:23:50.20+00:00,0,47.05007115,8.31882111,18.000,110.200,0.648,0.000,5.000,True
2026-09-09 13:23:50.25+00:00,0,47.05007251,8.31882375,18.000,110.250,0.648,0.000,5.000,True
2026-09-09 13:23:50.30+00:00,0,47.05007386,8.31882638,18.000,110.300,0.648,0.000,5.000,True
2026-09-09 13:23:50.35+00:00,0,47.05007522,8.31882901,18.000,110.350,0.648,0.000,5.000,True
2026-09-09 13:23:50.40+00:00,0,47.05007658,8.31883164,18.000,110.400,0.648,0.000,5.000,True
2026-09-09 13:23:50.45+00:00,0,47.05007793,8.31883427,18.000,110.450,0.648,0.000,5.000,True
2026-09-09 13:23:50.50+00:00,0,47.05007929,8.31883691,18.000,110.500,0.648,0.000,5.000,True
2026-09-09 13:23:50.55+00:00,0,47.05008064,8.31883954,18.000,110.550,0.648,0.000,5.000,True
2026-09-09 13:23:50.60+00:00,0,47.05008200,8.31884217,18.000,110.600,0.648,0.000,5.000,True
2026-09-09 13:23:50.65+00:00,0,47.05008336,8.31884480,18.000,110.650,0.648,0.000,5.000,True
2026-09-09 13:23:50.70+00:00,0,47.05008471,8.31884743,18.000,110.700,0.648,0.000,5.000,True
2026-09-09 13:23:50.75+00:00,0,47.05008607,8.31885007,18.000,110.750,0.648,0.000,5.000,True
2026-09-09 13:23:50.80+00:00,0,47.05008743,8.31885270,18.000,110.800,0.648,0.000,5.000,True
2026-09-09 13:23:50.85+00:00,0,47.05008878,8.31885533,18.000,110.850,0.648,0.000,5.000,True
2026-09-09 13:23:50.90+00:00,0,47.05009014,8.31885796,18.000,110.900,0.648,0.000,5.000,True
2026-09-09 13:23:50.95+00:00,0,47.05009149,8.31886059,18.000,110.950,0.648,0.000,5.000,True
2026-09-09 13:23:51.00+00:00,0,47.05009285,8.31886323,18.000,111.000,0.648,0.000,5.000,True
2026-09-09 13:23:51.05+00:00,0,47.05009421,8.31886586,18.000,111.050,0.648,0.000,5.000,True
2026-09-09 13:23:51.10+00:00,0,47.05009556,8.31886849,18.000,111.100,0.648,0.000,5.000,True
2026-09-09 13:23:51.15+00:00,0,47.05009692,8.31887112,18.000,111.150,0.648,0.000,5.000,True
2026-09-09 13:23:51.20+00:00,0,47.05009827,8.31887375,18.000,111.200,0.648,0.000,5.000,True
2026-09-09 13:23:51.25+00:00,0,47.05009963,8.31887639,18.000,111.250,0.648,0.000,5.000,True
2026-09-09 13:23:51.30+00:00,0,47.05010099,8.31887902,18.000,111.300,0.648,0.000,5.000,True
2026-09-09 13:23:51.35+00:00,0,47.05010234,8.31888165,18.000,111.350,0.648,0.000,5.000,True
2026-09-09 13:23:51.40+00:00,0,47.05010370,8.31888428,18.000,111.400,0.648,0.000,5.000,True
2026-09-09 13:23:51.45+00:00,0,47.05010506,8.31888691,18.000,111.450,0.648,0.000,5.000,True
2026-09-09 13:23:51.50+00:00,0,47.05010641,8.31888954,18.000,111.500,0.648,0.000,5.000,True
2026-09-09 13:23:51.55+00:00,0,47.05010777,8.31889218,18.000,111.550,0.648,0.000,5.000,True
2026-09-09 13:23:51.60+00:00,0,47.05010912,8.31889481,18.000,111.600,0.648,0.000,5.000,True
2026-09-09 13:23:51.65+00:00,0,47.05011048,8.31889744,18.000,111.650,0.648,0.000,5.000,True
2026-09-09 13:23:51.70+00:00,0,47.05011184,8.31890007,18.000,111.700,0.648,0.000,5.000,True
2026-09-09 13:23:51.75+00:00,0,47.05011319,8.31890270,18.000,111.750,0.648,0.000,5.000,True
2026-09-09 13:23:51.80+00:00,0,47.05011455,8.31890534,18.000,111.800,0.648,0.000,5.000,True
2026-09-09 13:23:51.85+00:00,0,47.05011591,8.31890797,18.000,111.850,0.648,0.000,5.000,True
2026-09-09 13:23:51.90+00:00,0,47.05011726,8.31891060,18.000,111.900,0.648,0.000,5.000,True
2026-09-09 13:23:51.95+00:00,0,47.05011862,8.31891323,18.000,111.950,0.648,0.000,5.000,True
2026-09-09 13:23:52.00+00:00,0,47.05011997,8.31891586,18.000,112.000,0.648,0.000,5.000,True
2026-09-09 13:23:52.05+00:00,0,47.05012133,8.31891850,18.000,112.050,0.648,0.000,5.000,True
2026-09-09 13:23:52.10+00:00,0,47.05012269,8.31892113,18.000,112.100,0.648,0.000,5.000,True
2026-09-09 13:23:52.15+00:00,0,47.05012404,8.31892376,18.000,112.150,0.648,0.000,5.000,True
2026-09-09 13:23:52.20+00:00,0,47.05012540,8.31892639,18.000,112.200,0.648,0.000,5.000,True
2026-09-09 13:23:52.25+00:00,0,47.05012675,8.31892902,18.000,112.250,0.648,0.000,5.000,True
2026-09-09 13:23:52.30+00:00,0,47.05012811,8.31893166,18.360,112.300,0.648,0.000,5.100,True
2026-09-09 13:23:52.35+00:00,0,47.05012949,8.31893434,18.360,112.350,0.648,0.000,5.100,True
2026-09-09 13:23:52.40+00:00,0,47.05013088,8.31893702,18.360,112.400,0.648,0.000,5.100,True
2026-09-09 13:23:52.45+00:00,0,47.05013226,8.31893971,18.360,112.450,0.648,0.000,5.100,True
2026-09-09 13:23:52.50+00:00,0,47.05013364,8.31894239,18.720,112.500,0.648,0.000,5.200,True
2026-09-09 13:23:52.55+00:00,0,47.05013505,8.31894513,19.440,112.550,0.648,0.000,5.400,True
2026-09-09 13:23:52.60+00:00,0,47.05013652,8.31894797,20.160,112.600,0.648,0.000,5.600,True
2026-09-09 13:23:52.65+00:00,0,47.05013804,8.31895092,20.520,112.650,0.648,0.000,5.700,True
2026-09-09 13:23:52.70+00:00,0,47.05013958,8.31895392,20.520,112.700,0.648,0.000,5.700,True
2026-09-09 13:23:52.75+00:00,0,47.05014113,8.31895692,20.520,112.750,0.648,0.000,5.700,True
2026-09-09 13:23:52.80+00:00,0,47.05014268,8.31895992,20.520,112.800,0.648,0.000,5.700,True
2026-09-09 13:23:52.85+00:00,0,47.05014422,8.31896292,20.520,112.850,0.648,0.000,5.700,True
2026-09-09 13:23:52.90+00:00,0,47.05014577,8.31896592,20.520,112.900,0.648,0.000,5.700,True
2026-09-09 13:23:52.95+00:00,0,47.05014731,8.31896892,20.520,112.950,0.648,0.000,5.700,True
2026-09-09 13:23:53.00+00:00,0,47.05014886,8.31897192,20.520,113.000,0.648,0.000,5.700,True
2026-09-09 13:23:53.05+00:00,0,47.05015041,8.31897492,20.520,113.050,0.648,0.000,5.700,True
2026-09-09 13:23:53.10+00:00,0,47.05015195,8.31897793,20.520,113.100,0.648,0.000,5.700,True
2026-09-09 13:23:53.15+00:00,0,47.05015350,8.31898093,20.520,113.150,0.648,0.000,5.700,True
2026-09-09 13:23:53.20+00:00,0,47.05015505,8.31898393,20.520,113.200,0.648,0.000,5.700,True
2026-09-09 13:23:53.25+00:00,0,47.05015659,8.31898693,20.520,113.250,0.648,0.000,5.700,True
2026-09-09 13:23:53.30+00:00,0,47.05015814,8.31898993,20.520,113.300,0.648,0.000,5.700,True
2026-09-09 13:23:53.35+00:00,0,47.05015968,8.31899293,20.520,113.350,0.648,0.000,5.700,True
2026-09-09 13:23:53.40+00:00,0,47.05016123,8.31899593,20.520,113.400,0.648,0.000,5.700,True
2026-09-09 13:23:53.45+00:00,0,47.05016278,8.31899893,20.520,113.450,0.648,0.000,5.700,True
2026-09-09 13:23:53.50+00:00,0,47.05016432,8.31900193,20.520,113.500,0.648,0.000,5.700,True
2026-09-09 13:23:53.55+00:00,0,47.05016587,8.31900493,20.520,113.550,0.648,0.000,5.700,True
2026-09-09 13:23:53.60+00:00,0,47.05016741,8.31900793,20.520,113.600,0.648,0.000,5.700,True
2026-09-09 13:23:53.65+00:00,0,47.05016896,8.31901093,20.520,113.650,0.648,0.000,5.700,True
2026-09-09 13:23:53.70+00:00,0,47.05017051,8.31901393,20.520,113.700,0.648,0.000,5.700,True
2026-09-09 13:23:53.75+00:00,0,47.05017205,8.31901693,20.520,113.750,0.648,0.000,5.700,True
2026-09-09 13:23:53.80+00:00,0,47.05017360,8.31901993,20.520,113.800,0.648,0.000,5.700,True
2026-09-09 13:23:53.85+00:00,0,47.05017514,8.31902293,20.520,113.850,0.648,0.000,5.700,True
2026-09-09 13:23:53.90+00:00,0,47.05017669,8.31902593,20.520,113.900,0.648,0.000,5.700,True
2026-09-09 13:23:53.95+00:00,0,47.05017824,8.31902893,20.520,113.950,0.648,0.000,5.700,True
2026-09-09 13:23:54.00+00:00,0,47.05017978,8.31903193,20.520,114.000,0.648,0.000,5.700,True
2026-09-09 13:23:54.05+00:00,0,47.05018133,8.31903493,20.520,114.050,0.648,0.000,5.700,True
2026-09-09 13:23:54.10+00:00,0,47.05018287,8.31903793,20.880,114.100,0.648,0.000,5.800,True
2026-09-09 13:23:54.15+00:00,0,47.05018445,8.31904099,20.880,114.150,0.648,0.000,5.800,True
2026-09-09 13:23:54.20+00:00,0,47.05018602,8.31904404,20.880,114.200,0.648,0.000,5.800,True
2026-09-09 13:23:54.25+00:00,0,47.05018759,8.31904709,21.240,114.250,0.648,0.000,5.900,True
2026-09-09 13:23:54.30+00:00,0,47.05018919,8.31905020,21.960,114.300,0.648,0.000,6.100,True
2026-09-09 13:23:54.35+00:00,0,47.05019085,8.31905341,22.680,114.350,0.648,0.000,6.300,True
2026-09-09 13:23:54.40+00:00,0,47.05019256,8.31905673,23.400,114.400,0.648,0.000,6.500,True
2026-09-09 13:23:54.45+00:00,0,47.05019432,8.31906015,23.400,114.450,0.648,0.000,6.500,True
2026-09-09 13:23:54.50+00:00,0,47.05019608,8.31906357,23.400,114.500,0.648,0.000,6.500,True
2026-09-09 13:23:54.55+00:00,0,47.05019785,8.31906699,23.400,114.550,0.648,0.000,6.500,True
2026-09-09 13:23:54.60+00:00,0,47.05019961,8.31907041,23.400,114.600,0.648,0.000,6.500,True
2026-09-09 13:23:54.65+00:00,0,47.05020137,8.31907383,23.400,114.650,0.648,0.000,6.500,True
2026-09-09 13:23:54.70+00:00,0,47.05020314,8.31907725,23.400,114.700,0.648,0.000,6.500,True
2026-09-09 13:23:54.75+00:00,0,47.05020490,8.31908068,23.400,114.750,0.648,0.000,6.500,True
2026-09-09 13:23:54.80+00:00,0,47.05020666,8.31908410,23.400,114.800,0.648,0.000,6.500,True
2026-09-09 13:23:54.85+00:00,0,47.05020842,8.31908752,23.400,114.850,0.648,0.000,6.500,True
2026-09-09 13:23:54.90+00:00,0,47.05021019,8.31909094,23.400,114.900,0.648,0.000,6.500,True
2026-09-09 13:23:54.95+00:00,0,47.05021195,8.31909436,23.400,114.950,0.648,0.000,6.500,True
2026-09-09 13:23:55.00+00:00,0,47.05021371,8.31909778,23.400,115.000,0.648,0.000,6.500,True
2026-09-09 13:23:55.05+00:00,0,47.05021548,8.31910121,23.400,115.050,0.648,0.000,6.500,True
2026-09-09 13:23:55.10+00:00,0,47.05021724,8.31910463,23.400,115.100,0.648,0.000,6.500,True
2026-09-09 13:23:55.15+00:00,0,47.05021900,8.31910805,23.400,115.150,0.648,0.000,6.500,True
2026-09-09 13:23:55.20+00:00,0,47.05022077,8.31911147,23.400,115.200,0.648,0.000,6.500,True
2026-09-09 13:23:55.25+00:00,0,47.05022253,8.31911489,23.400,115.250,0.648,0.000,6.500,True
2026-09-09 13:23:55.30+00:00,0,47.05022429,8.31911831,23.400,115.300,0.648,0.000,6.500,True
2026-09-09 13:23:55.35+00:00,0,47.05022606,8.31912173,23.400,115.350,0.648,0.000,6.500,True
2026-09-09 13:23:55.40+00:00,0,47.05022782,8.31912516,23.400,115.400,0.648,0.000,6.500,True
2026-09-09 13:23:55.45+00:00,0,47.05022958,8.31912858,23.400,115.450,0.648,0.000,6.500,True
2026-09-09 13:23:55.50+00:00,0,47.05023134,8.31913200,23.400,115.500,0.648,0.000,6.500,True
2026-09-09 13:23:55.55+00:00,0,47.05023311,8.31913542,23.400,115.550,0.648,0.000,6.500,True
2026-09-09 13:23:55.60+00:00,0,47.05023487,8.31913884,23.400,115.600,0.648,0.000,6.500,True
2026-09-09 13:23:55.65+00:00,0,47.05023663,8.31914226,23.400,115.650,0.648,0.000,6.500,True
2026-09-09 13:23:55.70+00:00,0,47.05023840,8.31914568,23.400,115.700,0.648,0.000,6.500,True
2026-09-09 13:23:55.75+00:00,0,47.05024016,8.31914911,23.400,115.750,0.648,0.000,6.500,True
2026-09-09 13:23:55.80+00:00,0,47.05024192,8.31915253,23.400,115.800,0.648,0.000,6.500,True
2026-09-09 13:23:55.85+00:00,0,47.05024369,8.31915595,23.400,115.850,0.648,0.000,6.500,True
2026-09-09 13:23:55.90+00:00,0,47.05024545,8.31915937,23.400,115.900,0.648,0.000,6.500,True
2026-09-09 13:23:55.95+00:00,0,47.05024721,8.31916279,23.400,115.950,0.648,0.000,6.500,True
2026-09-09 13:23:56.00+00:00,0,47.05024898,8.31916621,23.400,116.000,0.648,0.000,6.500,True
2026-09-09 13:23:56.05+00:00,0,47.05025074,8.31916964,23.400,116.050,0.648,0.000,6.500,True
2026-09-09 13:23:56.10+00:00,0,47.05025250,8.31917306,23.400,116.100,0.648,0.000,6.500,True
2026-09-09 13:23:56.15+00:00,0,47.05025426,8.31917648,23.400,116.150,0.648,0.000,6.500,True
2026-09-09 13:23:56.20+00:00,0,47.05025603,8.31917990,23.400,116.200,0.648,0.000,6.500,True
2026-09-09 13:23:56.25+00:00,0,47.05025779,8.31918332,23.400,116.250,0.648,0.000,6.500,True
2026-09-09 13:23:56.30+00:00,0,47.05025955,8.31918674,23.400,116.300,0.648,0.000,6.500,True
2026-09-09 13:23:56.35+00:00,0,47.05026132,8.31919016,23.400,116.350,0.648,0.000,6.500,True
2026-09-09 13:23:56.40+00:00,0,47.05026308,8.31919359,23.400,116.400,0.648,0.000,6.500,True
2026-09-09 13:23:56.45+00:00,0,47.05026484,8.31919701,23.400,116.450,0.648,0.000,6.500,True
2026-09-09 13:23:56.50+00:00,0,47.05026661,8.31920043,23.400,116.500,0.648,0.000,6.500,True
2026-09-09 13:23:56.55+00:00,0,47.05026837,8.31920385,23.400,116.550,0.648,0.000,6.500,True
2026-09-09 13:23:56.60+00:00,0,47.05027013,8.31920727,23.400,116.600,0.648,0.000,6.500,True
2026-09-09 13:23:56.65+00:00,0,47.05027189,8.31921069,23.400,116.650,0.648,0.000,6.500,True
2026-09-09 13:23:56.70+00:00,0,47.05027366,8.31921412,23.400,116.700,0.648,0.000,6.500,True
2026-09-09 13:23:56.75+00:00,0,47.05027542,8.31921754,23.400,116.750,0.648,0.000,6.500,True
2026-09-09 13:23:56.80+00:00,0,47.05027718,8.31922096,23.400,116.800,0.648,0.000,6.500,True
2026-09-09 13:23:56.85+00:00,0,47.05027895,8.31922438,23.400,116.850,0.648,0.000,6.500,True
2026-09-09 13:23:56.90+00:00,0,47.05028071,8.31922780,23.400,116.900,0.648,0.000,6.500,True
2026-09-09 13:23:56.95+00:00,0,47.05028247,8.31923122,23.400,116.950,0.648,0.000,6.500,True
2026-09-09 13:23:57.00+00:00,0,47.05028424,8.31923464,23.400,117.000,0.648,0.000,6.500,True
2026-09-09 13:23:57.05+00:00,0,47.05028600,8.31923807,23.400,117.050,0.648,0.000,6.500,True
2026-09-09 13:23:57.10+00:00,0,47.05028776,8.31924149,23.400,117.100,0.648,0.000,6.500,True
2026-09-09 13:23:57.15+00:00,0,47.05028953,8.31924491,23.400,117.150,0.648,0.000,6.500,True
2026-09-09 13:23:57.20+00:00,0,47.05029129,8.31924833,23.400,117.200,0.648,0.000,6.500,True
2026-09-09 13:23:57.25+00:00,0,47.05029305,8.31925175,23.400,117.250,0.648,0.000,6.500,True
2026-09-09 13:23:57.30+00:00,0,47.05029481,8.31925517,23.400,117.300,0.648,0.000,6.500,True
2026-09-09 13:23:57.35+00:00,0,47.05029658,8.31925860,23.400,117.350,0.648,0.000,6.500,True
2026-09-09 13:23:57.40+00:00,0,47.05029834,8.31926202,23.400,117.400,0.648,0.000,6.500,True
2026-09-09 13:23:57.45+00:00,0,47.05030010,8.31926544,23.400,117.450,0.648,0.000,6.500,True
2026-09-09 13:23:57.50+00:00,0,47.05030187,8.31926886,23.400,117.500,0.648,0.000,6.500,True
2026-09-09 13:23:57.55+00:00,0,47.05030363,8.31927228,23.400,117.550,0.648,0.000,6.500,True
2026-09-09 13:23:57.60+00:00,0,47.05030539,8.31927570,23.400,117.600,0.648,0.000,6.500,True
2026-09-09 13:23:57.65+00:00,0,47.05030716,8.31927912,23.400,117.650,0.648,0.000,6.500,True
2026-09-09 13:23:57.70+00:00,0,47.05030892,8.31928255,23.400,117.700,0.648,0.000,6.500,True
2026-09-09 13:23:57.75+00:00,0,47.05031068,8.31928597,23.400,117.750,0.648,0.000,6.500,True
2026-09-09 13:23:57.80+00:00,0,47.05031244,8.31928939,23.400,117.800,0.648,0.000,6.500,True
2026-09-09 13:23:57.85+00:00,0,47.05031421,8.31929281,23.400,117.850,0.648,0.000,6.500,True
2026-09-09 13:23:57.90+00:00,0,47.05031597,8.31929623,23.400,117.900,0.648,0.000,6.500,True
2026-09-09 13:23:57.95+00:00,0,47.05031773,8.31929965,23.400,117.950,0.648,0.000,6.500,True
2026-09-09 13:23:58.00+00:00,0,47.05031950,8.31930307,23.400,118.000,0.648,0.000,6.500,True
2026-09-09 13:23:58.05+00:00,0,47.05032126,8.31930650,23.400,118.050,0.648,0.000,6.500,True
2026-09-09 13:23:58.10+00:00,0,47.05032302,8.31930992,23.400,118.100,0.648,0.000,6.500,True
2026-09-09 13:23:58.15+00:00,0,47.05032479,8.31931334,23.400,118.150,0.648,0.000,6.500,True
2026-09-09 13:23:58.20+00:00,0,47.05032655,8.31931676,23.400,118.200,0.648,0.000,6.500,True
2026-09-09 13:23:58.25+00:00,0,47.05032831,8.31932018,23.400,118.250,0.648,0.000,6.500,True
2026-09-09 13:23:58.30+00:00,0,47.05033008,8.31932360,23.400,118.300,0.648,0.000,6.500,True
2026-09-09 13:23:58.35+00:00,0,47.05033184,8.31932703,23.400,118.350,0.648,0.000,6.500,True
2026-09-09 13:23:58.40+00:00,0,47.05033360,8.31933045,23.400,118.400,0.648,0.000,6.500,True
2026-09-09 13:23:58.45+00:00,0,47.05033536,8.31933387,23.400,118.450,0.648,0.000,6.500,True
2026-09-09 13:23:58.50+00:00,0,47.05033713,8.31933729,23.400,118.500,0.648,0.000,6.500,True
2026-09-09 13:23:58.55+00:00,0,47.05033889,8.31934071,23.400,118.550,0.648,0.000,6.500,True
2026-09-09 13:23:58.60+00:00,0,47.05034065,8.31934413,23.400,118.600,0.648,0.000,6.500,True
2026-09-09 13:23:58.65+00:00,0,47.05034242,8.31934755,23.400,118.650,0.648,0.000,6.500,True
2026-09-09 13:23:58.70+00:00,0,47.05034418,8.31935098,23.400,118.700,0.648,0.000,6.500,True
2026-09-09 13:23:58.75+00:00,0,47.05034594,8.31935440,23.400,118.750,0.648,0.000,6.500,True
2026-09-09 13:23:58.80+00:00,0,47.05034771,8.31935782,23.400,118.800,0.648,0.000,6.500,True
2026-09-09 13:23:58.85+00:00,0,47.05034947,8.31936124,23.400,118.850,0.648,0.000,6.500,True
2026-09-09 13:23:58.90+00:00,0,47.05035123,8.31936466,23.400,118.900,0.648,0.000,6.500,True
2026-09-09 13:23:58.95+00:00,0,47.05035300,8.31936808,23.400,118.950,0.648,0.000,6.500,True
2026-09-09 13:23:59.00+00:00,0,47.05035476,8.31937151,23.400,119.000,0.648,0.000,6.500,True
2026-09-09 13:23:59.05+00:00,0,47.05035652,8.31937493,23.400,119.050,0.648,0.000,6.500,True
2026-09-09 13:23:59.10+00:00,0,47.05035828,8.31937835,23.400,119.100,0.648,0.000,6.500,True
2026-09-09 13:23:59.15+00:00,0,47.05036005,8.31938177,23.400,119.150,0.648,0.000,6.500,True
2026-09-09 13:23:59.20+00:00,0,47.05036181,8.31938519,23.400,119.200,0.648,0.000,6.500,True
2026-09-09 13:23:59.25+00:00,0,47.05036357,8.31938861,23.400,119.250,0.648,0.000,6.500,True
2026-09-09 13:23:59.30+00:00,0,47.05036534,8.31939203,23.400,119.300,0.648,0.000,6.500,True
2026-09-09 13:23:59.35+00:00,0,47.05036710,8.31939546,23.400,119.350,0.648,0.000,6.500,True
2026-09-09 13:23:59.40+00:00,0,47.05036886,8.31939888,23.400,119.400,0.648,0.000,6.500,True
2026-09-09 13:23:59.45+00:00,0,47.05037063,8.31940230,23.400,119.450,0.648,0.000,6.500,True
2026-09-09 13:23:59.50+00:00,0,47.05037239,8.31940572,23.400,119.500,0.648,0.000,6.500,True
2026-09-09 13:23:59.55+00:00,0,47.05037415,8.31940914,23.400,119.550,0.648,0.000,6.500,True
2026-09-09 13:23:59.60+00:00,0,47.05037591,8.31941256,23.400,119.600,0.648,0.000,6.500,True
2026-09-09 13:23:59.65+00:00,0,47.05037768,8.31941599,23.400,119.650,0.648,0.000,6.500,True
2026-09-09 13:23:59.70+00:00,0,47.05037944,8.31941941,23.400,119.700,0.648,0.000,6.500,True
2026-09-09 13:23:59.75+00:00,0,47.05038120,8.31942283,23.400,119.750,0.648,0.000,6.500,True
2026-09-09 13:23:59.80+00:00,0,47.05038297,8.31942625,23.400,119.800,0.648,0.000,6.500,True
2026-09-09 13:23:59.85+00:00,0,47.05038473,8.31942967,23.400,119.850,0.648,0.000,6.500,True
2026-09-09 13:23:59.90+00:00,0,47.05038649,8.31943309,23.400,119.900,0.648,0.000,6.500,True
2026-09-09 13:23:59.95+00:00,0,47.05038826,8.31943651,23.400,119.950,0.648,0.000,6.500,True
2026-09-09 13:24:00.00+00:00,0,47.05039002,8.31943994,23.400,120.000,0.648,0.000,6.500,True
2026-09-09 13:24:00.05+00:00,0,47.05039178,8.31944336,23.400,120.050,0.648,0.000,6.500,True
2026-09-09 13:24:00.10+00:00,0,47.05039355,8.31944678,23.400,120.100,0.648,0.000,6.500,True
2026-09-09 13:24:00.15+00:00,0,47.05039531,8.31945020,23.400,120.150,0.648,0.000,6.500,True
2026-09-09 13:24:00.20+00:00,0,47.05039707,8.31945362,23.400,120.200,0.648,0.000,6.500,True
2026-09-09 13:24:00.25+00:00,0,47.05039883,8.31945704,23.400,120.250,0.648,0.000,6.500,True
2026-09-09 13:24:00.30+00:00,0,47.05040060,8.31946047,23.400,120.300,0.648,0.000,6.500,True
2026-09-09 13:24:00.35+00:00,0,47.05040236,8.31946389,23.400,120.350,0.648,0.000,6.500,True
2026-09-09 13:24:00.40+00:00,0,47.05040412,8.31946731,23.400,120.400,0.648,0.000,6.500,True
2026-09-09 13:24:00.45+00:00,0,47.05040589,8.31947073,23.400,120.450,0.648,0.000,6.500,True
2026-09-09 13:24:00.50+00:00,0,47.05040765,8.31947415,23.400,120.500,0.648,0.000,6.500,True
2026-09-09 13:24:00.55+00:00,0,47.05040941,8.31947757,23.400,120.550,0.648,0.000,6.500,True
2026-09-09 13:24:00.60+00:00,0,47.05041118,8.31948099,23.400,120.600,0.648,0.000,6.500,True
2026-09-09 13:24:00.65+00:00,0,47.05041294,8.31948442,23.400,120.650,0.648,0.000,6.500,True
2026-09-09 13:24:00.70+00:00,0,47.05041470,8.31948784,23.400,120.700,0.648,0.000,6.500,True
2026-09-09 13:24:00.75+00:00,0,47.05041646,8.31949126,23.400,120.750,0.648,0.000,6.500,True
2026-09-09 13:24:00.80+00:00,0,47.05041823,8.31949468,23.400,120.800,0.648,0.000,6.500,True
2026-09-09 13:24:00.85+00:00,0,47.05041999,8.31949810,23.400,120.850,0.648,0.000,6.500,True
2026-09-09 13:24:00.90+00:00,0,47.05042175,8.31950152,23.400,120.900,0.648,0.000,6.500,True
2026-09-09 13:24:00.95+00:00,0,47.05042352,8.31950495,23.400,120.950,0.648,0.000,6.500,True
2026-09-09 13:24:01.00+00:00,0,47.05042528,8.31950837,23.400,121.000,0.648,0.000,6.500,True
2026-09-09 13:24:01.05+00:00,0,47.05042704,8.31951179,23.400,121.050,0.648,0.000,6.500,True
2026-09-09 13:24:01.10+00:00,0,47.05042881,8.31951521,23.400,121.100,0.648,0.000,6.500,True
2026-09-09 13:24:01.15+00:00,0,47.05043057,8.31951863,23.400,121.150,0.648,0.000,6.500,True
2026-09-09 13:24:01.20+00:00,0,47.05043233,8.31952205,23.400,121.200,0.648,0.000,6.500,True
2026-09-09 13:24:01.25+00:00,0,47.05043410,8.31952547,23.400,121.250,0.648,0.000,6.500,True
2026-09-09 13:24:01.30+00:00,0,47.05043586,8.31952890,23.400,121.300,0.648,0.000,6.500,True
2026-09-09 13:24:01.35+00:00,0,47.05043762,8.31953232,23.400,121.350,0.648,0.000,6.500,True
2026-09-09 13:24:01.40+00:00,0,47.05043938,8.31953574,23.400,121.400,0.648,0.000,6.500,True
2026-09-09 13:24:01.45+00:00,0,47.05044115,8.31953916,23.400,121.450,0.648,0.000,6.500,True
2026-09-09 13:24:01.50+00:00,0,47.05044291,8.31954258,23.400,121.500,0.648,0.000,6.500,True
2026-09-09 13:24:01.55+00:00,0,47.05044467,8.31954600,23.400,121.550,0.648,0.000,6.500,True
2026-09-09 13:24:01.60+00:00,0,47.05044644,8.31954943,23.400,121.600,0.648,0.000,6.500,True
2026-09-09 13:24:01.65+00:00,0,47.05044820,8.31955285,23.400,121.650,0.648,0.000,6.500,True
2026-09-09 13:24:01.70+00:00,0,47.05044996,8.31955627,23.400,121.700,0.648,0.000,6.500,True
2026-09-09 13:24:01.75+00:00,0,47.05045173,8.31955969,23.400,121.750,0.648,0.000,6.500,True
2026-09-09 13:24:01.80+00:00,0,47.05045349,8.31956311,23.400,121.800,0.648,0.000,6.500,True
2026-09-09 13:24:01.85+00:00,0,47.05045525,8.31956653,23.400,121.850,0.648,0.000,6.500,True
2026-09-09 13:24:01.90+00:00,0,47.05045702,8.31956995,23.400,121.900,0.648,0.000,6.500,True
2026-09-09 13:24:01.95+00:00,0,47.05045878,8.31957338,23.400,121.950,0.648,0.000,6.500,True
2026-09-09 13:24:02.00+00:00,0,47.05046054,8.31957680,23.400,122.000,0.648,0.000,6.500,True
2026-09-09 13:24:02.05+00:00,0,47.05046230,8.31958022,23.400,122.050,0.648,0.000,6.500,True
2026-09-09 13:24:02.10+00:00,0,47.05046407,8.31958364,23.400,122.100,0.648,0.000,6.500,True
2026-09-09 13:24:02.15+00:00,0,47.05046583,8.31958706,23.400,122.150,0.648,0.000,6.500,True
2026-09-09 13:24:02.20+00:00,0,47.05046759,8.31959048,23.400,122.200,0.648,0.000,6.500,True
2026-09-09 13:24:02.25+00:00,0,47.05046936,8.31959391,23.400,122.250,0.648,0.000,6.500,True
2026-09-09 13:24:02.30+00:00,0,47.05047112,8.31959733,23.400,122.300,0.648,0.000,6.500,True
2026-09-09 13:24:02.35+00:00,0,47.05047288,8.31960075,23.400,122.350,0.648,0.000,6.500,True
2026-09-09 13:24:02.40+00:00,0,47.05047465,8.31960417,23.400,122.400,0.648,0.000,6.500,True
2026-09-09 13:24:02.45+00:00,0,47.05047641,8.31960759,23.400,122.450,0.648,0.000,6.500,True
2026-09-09 13:24:02.50+00:00,0,47.05047817,8.31961101,23.400,122.500,0.648,0.000,6.500,True
2026-09-09 13:24:02.55+00:00,0,47.05047993,8.31961443,23.400,122.550,0.648,0.000,6.500,True
2026-09-09 13:24:02.60+00:00,0,47.05048170,8.31961786,23.400,122.600,0.648,0.000,6.500,True
2026-09-09 13:24:02.65+00:00,0,47.05048346,8.31962128,23.400,122.650,0.648,0.000,6.500,True
2026-09-09 13:24:02.70+00:00,0,47.05048522,8.31962470,23.400,122.700,0.648,0.000,6.500,True
2026-09-09 13:24:02.75+00:00,0,47.05048699,8.31962812,23.400,122.750,0.648,0.000,6.500,True
2026-09-09 13:24:02.80+00:00,0,47.05048875,8.31963154,23.400,122.800,0.648,0.000,6.500,True
2026-09-09 13:24:02.85+00:00,0,47.05049051,8.31963496,23.400,122.850,0.648,0.000,6.500,True
2026-09-09 13:24:02.90+00:00,0,47.05049228,8.31963838,23.400,122.900,0.648,0.000,6.500,True
2026-09-09 13:24:02.95+00:00,0,47.05049404,8.31964181,23.400,122.950,0.648,0.000,6.500,True
2026-09-09 13:24:03.00+00:00,0,47.05049580,8.31964523,23.400,123.000,0.648,0.000,6.500,True
2026-09-09 13:24:03.05+00:00,0,47.05049757,8.31964865,23.400,123.050,0.648,0.000,6.500,True
2026-09-09 13:24:03.10+00:00,0,47.05049933,8.31965207,23.400,123.100,0.648,0.000,6.500,True
2026-09-09 13:24:03.15+00:00,0,47.05050109,8.31965549,23.400,123.150,0.648,0.000,6.500,True
2026-09-09 13:24:03.20+00:00,0,47.05050285,8.31965891,23.400,123.200,0.648,0.000,6.500,True
2026-09-09 13:24:03.25+00:00,0,47.05050462,8.31966234,23.400,123.250,0.648,0.000,6.500,True
2026-09-09 13:24:03.30+00:00,0,47.05050638,8.31966576,23.400,123.300,0.648,0.000,6.500,True
2026-09-09 13:24:03.35+00:00,0,47.05050814,8.31966918,23.400,123.350,0.648,0.000,6.500,True
2026-09-09 13:24:03.40+00:00,0,47.05050991,8.31967260,23.400,123.400,0.648,0.000,6.500,True
2026-09-09 13:24:03.45+00:00,0,47.05051167,8.31967602,23.400,123.450,0.648,0.000,6.500,True
2026-09-09 13:24:03.50+00:00,0,47.05051343,8.31967944,23.400,123.500,0.648,0.000,6.500,True
2026-09-09 13:24:03.55+00:00,0,47.05051520,8.31968286,23.400,123.550,0.648,0.000,6.500,True
2026-09-09 13:24:03.60+00:00,0,47.05051696,8.31968629,23.400,123.600,0.648,0.000,6.500,True
2026-09-09 13:24:03.65+00:00,0,47.05051872,8.31968971,23.400,123.650,0.648,0.000,6.500,True
2026-09-09 13:24:03.70+00:00,0,47.05052048,8.31969313,23.400,123.700,0.648,0.000,6.500,True
2026-09-09 13:24:03.75+00:00,0,47.05052225,8.31969655,23.400,123.750,0.648,0.000,6.500,True
2026-09-09 13:24:03.80+00:00,0,47.05052401,8.31969997,23.400,123.800,0.648,0.000,6.500,True
2026-09-09 13:24:03.85+00:00,0,47.05052577,8.31970339,23.400,123.850,0.648,0.000,6.500,True
2026-09-09 13:24:03.90+00:00,0,47.05052754,8.31970682,23.400,123.900,0.648,0.000,6.500,True
2026-09-09 13:24:03.95+00:00,0,47.05052930,8.31971024,23.400,123.950,0.648,0.000,6.500,True
2026-09-09 13:24:04.00+00:00,0,47.05053106,8.31971366,23.400,124.000,0.648,0.000,6.500,True
2026-09-09 13:24:04.05+00:00,0,47.05053283,8.31971708,23.400,124.050,0.648,0.000,6.500,True
2026-09-09 13:24:04.10+00:00,0,47.05053459,8.31972050,23.400,124.100,0.648,0.000,6.500,True
2026-09-09 13:24:04.15+00:00,0,47.05053635,8.31972392,23.400,124.150,0.648,0.000,6.500,True
2026-09-09 13:24:04.20+00:00,0,47.05053812,8.31972734,23.400,124.200,0.648,0.000,6.500,True
2026-09-09 13:24:04.25+00:00,0,47.05053988,8.31973077,23.400,124.250,0.648,0.000,6.500,True
2026-09-09 13:24:04.30+00:00,0,47.05054164,8.31973419,23.400,124.300,0.648,0.000,6.500,True
2026-09-09 13:24:04.35+00:00,0,47.05054340,8.31973761,23.400,124.350,0.648,0.000,6.500,True
2026-09-09 13:24:04.40+00:00,0,47.05054517,8.31974103,23.400,124.400,0.648,0.000,6.500,True
2026-09-09 13:24:04.45+00:00,0,47.05054693,8.31974445,23.400,124.450,0.648,0.000,6.500,True
2026-09-09 13:24:04.50+00:00,0,47.05054869,8.31974787,23.400,124.500,0.648,0.000,6.500,True
2026-09-09 13:24:04.55+00:00,0,47.05055046,8.31975130,23.400,124.550,0.648,0.000,6.500,True
2026-09-09 13:24:04.60+00:00,0,47.05055222,8.31975472,23.400,124.600,0.648,0.000,6.500,True
2026-09-09 13:24:04.65+00:00,0,47.05055398,8.31975814,23.400,124.650,0.648,0.000,6.500,True
2026-09-09 13:24:04.70+00:00,0,47.05055575,8.31976156,23.400,124.700,0.648,0.000,6.500,True
2026-09-09 13:24:04.75+00:00,0,47.05055751,8.31976498,23.400,124.750,0.648,0.000,6.500,True
2026-09-09 13:24:04.80+00:00,0,47.05055927,8.31976840,23.400,124.800,0.648,0.000,6.500,True
2026-09-09 13:24:04.85+00:00,0,47.05056104,8.31977183,23.400,124.850,0.648,0.000,6.500,True
2026-09-09 13:24:04.90+00:00,0,47.05056280,8.31977525,23.400,124.900,0.648,0.000,6.500,True
2026-09-09 13:24:04.95+00:00,0,47.05056456,8.31977867,23.400,124.950,0.648,0.000,6.500,True
2026-09-09 13:24:05.00+00:00,0,47.05056632,8.31978209,23.400,125.000,0.648,0.000,6.500,True
2026-09-09 13:24:05.05+00:00,0,47.05056809,8.31978551,23.400,125.050,0.648,0.000,6.500,True
2026-09-09 13:24:05.10+00:00,0,47.05056985,8.31978893,23.400,125.100,0.648,0.000,6.500,True
2026-09-09 13:24:05.15+00:00,0,47.05057161,8.31979235,23.400,125.150,0.648,0.000,6.500,True
2026-09-09 13:24:05.20+00:00,0,47.05057338,8.31979578,23.400,125.200,0.648,0.000,6.500,True
2026-09-09 13:24:05.25+00:00,0,47.05057514,8.31979920,23.400,125.250,0.648,0.000,6.500,True
2026-09-09 13:24:05.30+00:00,0,47.05057690,8.31980262,23.400,125.300,0.648,0.000,6.500,True
2026-09-09 13:24:05.35+00:00,0,47.05057867,8.31980604,23.400,125.350,0.648,0.000,6.500,True
2026-09-09 13:24:05.40+00:00,0,47.05058043,8.31980946,23.400,125.400,0.648,0.000,6.500,True
2026-09-09 13:24:05.45+00:00,0,47.05058219,8.31981288,23.400,125.450,0.648,0.000,6.500,True
2026-09-09 13:24:05.50+00:00,0,47.05058395,8.31981631,23.400,125.500,0.648,0.000,6.500,True
2026-09-09 13:24:05.55+00:00,0,47.05058572,8.31981973,23.400,125.550,0.648,0.000,6.500,True
2026-09-09 13:24:05.60+00:00,0,47.05058748,8.31982315,23.400,125.600,0.648,0.000,6.500,True
2026-09-09 13:24:05.65+00:00,0,47.05058924,8.31982657,23.400,125.650,0.648,0.000,6.500,True
2026-09-09 13:24:05.70+00:00,0,47.05059101,8.31982999,23.400,125.700,0.648,0.000,6.500,True
2026-09-09 13:24:05.75+00:00,0,47.05059277,8.31983341,23.400,125.750,0.648,0.000,6.500,True
2026-09-09 13:24:05.80+00:00,0,47.05059453,8.31983683,23.400,125.800,0.648,0.000,6.500,True
2026-09-09 13:24:05.85+00:00,0,47.05059630,8.31984026,23.400,125.850,0.648,0.000,6.500,True
2026-09-09 13:24:05.90+00:00,0,47.05059806,8.31984368,23.400,125.900,0.648,0.000,6.500,True
2026-09-09 13:24:05.95+00:00,0,47.05059982,8.31984710,23.400,125.950,0.648,0.000,6.500,True
2026-09-09 13:24:06.00+00:00,0,47.05060159,8.31985052,23.400,126.000,0.648,0.000,6.500,True
2026-09-09 13:24:06.05+00:00,0,47.05060335,8.31985394,23.400,126.050,0.648,0.000,6.500,True
2026-09-09 13:24:06.10+00:00,0,47.05060511,8.31985736,23.400,126.100,0.648,0.000,6.500,True
2026-09-09 13:24:06.15+00:00,0,47.05060687,8.31986079,23.400,126.150,0.648,0.000,6.500,True
2026-09-09 13:24:06.20+00:00,0,47.05060864,8.31986421,23.400,126.200,0.648,0.000,6.500,True
2026-09-09 13:24:06.25+00:00,0,47.05061040,8.31986763,23.400,126.250,0.648,0.000,6.500,True
2026-09-09 13:24:06.30+00:00,0,47.05061216,8.31987105,23.400,126.300,0.648,0.000,6.500,True
2026-09-09 13:24:06.35+00:00,0,47.05061393,8.31987447,23.400,126.350,0.648,0.000,6.500,True
2026-09-09 13:24:06.40+00:00,0,47.05061569,8.31987789,23.400,126.400,0.648,0.000,6.500,True
2026-09-09 13:24:06.45+00:00,0,47.05061745,8.31988131,23.400,126.450,0.648,0.000,6.500,True
2026-09-09 13:24:06.50+00:00,0,47.05061922,8.31988474,23.400,126.500,0.648,0.000,6.500,True
2026-09-09 13:24:06.55+00:00,0,47.05062098,8.31988816,23.400,126.550,0.648,0.000,6.500,True
2026-09-09 13:24:06.60+00:00,0,47.05062274,8.31989158,23.400,126.600,0.648,0.000,6.500,True
2026-09-09 13:24:06.65+00:00,0,47.05062450,8.31989500,23.400,126.650,0.648,0.000,6.500,True
2026-09-09 13:24:06.70+00:00,0,47.05062627,8.31989842,23.400,126.700,0.648,0.000,6.500,True
2026-09-09 13:24:06.75+00:00,0,47.05062803,8.31990184,23.400,126.750,0.648,0.000,6.500,True
2026-09-09 13:24:06.80+00:00,0,47.05062979,8.31990527,23.400,126.800,0.648,0.000,6.500,True
2026-09-09 13:24:06.85+00:00,0,47.05063156,8.31990869,23.400,126.850,0.648,0.000,6.500,True
2026-09-09 13:24:06.90+00:00,0,47.05063332,8.31991211,23.400,126.900,0.648,0.000,6.500,True
2026-09-09 13:24:06.95+00:00,0,47.05063508,8.31991553,23.400,126.950,0.648,0.000,6.500,True
2026-09-09 13:24:07.00+00:00,0,47.05063685,8.31991895,23.400,127.000,0.648,0.000,6.500,True
2026-09-09 13:24:07.05+00:00,0,47.05063861,8.31992237,23.400,127.050,0.648,0.000,6.500,True
2026-09-09 13:24:07.10+00:00,0,47.05064037,8.31992579,23.400,127.100,0.648,0.000,6.500,True
2026-09-09 13:24:07.15+00:00,0,47.05064214,8.31992922,23.400,127.150,0.648,0.000,6.500,True
2026-09-09 13:24:07.20+00:00,0,47.05064390,8.31993264,23.400,127.200,0.648,0.000,6.500,True
2026-09-09 13:24:07.25+00:00,0,47.05064566,8.31993606,23.400,127.250,0.648,0.000,6.500,True
2026-09-09 13:24:07.30+00:00,0,47.05064742,8.31993948,23.400,127.300,0.648,0.000,6.500,True
2026-09-09 13:24:07.35+00:00,0,47.05064919,8.31994290,23.400,127.350,0.648,0.000,6.500,True
2026-09-09 13:24:07.40+00:00,0,47.05065095,8.31994632,23.400,127.400,0.648,0.000,6.500,True
2026-09-09 13:24:07.45+00:00,0,47.05065271,8.31994975,23.400,127.450,0.648,0.000,6.500,True
2026-09-09 13:24:07.50+00:00,0,47.05065448,8.31995317,23.400,127.500,0.648,0.000,6.500,True
2026-09-09 13:24:07.55+00:00,0,47.05065624,8.31995659,23.400,127.550,0.648,0.000,6.500,True
2026-09-09 13:24:07.60+00:00,0,47.05065800,8.31996001,23.400,127.600,0.648,0.000,6.500,True
2026-09-09 13:24:07.65+00:00,0,47.05065977,8.31996343,23.400,127.650,0.648,0.000,6.500,True
2026-09-09 13:24:07.70+00:00,0,47.05066153,8.31996685,23.400,127.700,0.648,0.000,6.500,True
2026-09-09 13:24:07.75+00:00,0,47.05066329,8.31997027,23.400,127.750,0.648,0.000,6.500,True
2026-09-09 13:24:07.80+00:00,0,47.05066506,8.31997370,23.400,127.800,0.648,0.000,6.500,True
2026-09-09 13:24:07.85+00:00,0,47.05066682,8.31997712,23.400,127.850,0.648,0.000,6.500,True
2026-09-09 13:24:07.90+00:00,0,47.05066858,8.31998054,23.400,127.900,0.648,0.000,6.500,True
2026-09-09 13:24:07.95+00:00,0,47.05067034,8.31998396,23.400,127.950,0.648,0.000,6.500,True
2026-09-09 13:24:08.00+00:00,0,47.05067211,8.31998738,23.400,128.000,0.648,0.017,6.500,True
2026-09-09 13:24:08.05+00:00,0,47.05067387,8.31999080,23.400,128.050,0.648,0.017,6.500,True
2026-09-09 13:24:08.10+00:00,0,47.05067564,8.31999422,23.400,128.100,0.649,0.017,6.500,True
2026-09-09 13:24:08.15+00:00,0,47.05067740,8.31999764,23.400,128.150,0.650,0.052,6.500,True
2026-09-09 13:24:08.20+00:00,0,47.05067917,8.32000105,23.400,128.200,0.653,0.052,6.500,True
2026-09-09 13:24:08.25+00:00,0,47.05068095,8.32000446,23.400,128.250,0.655,0.052,6.500,True
2026-09-09 13:24:08.30+00:00,0,47.05068273,8.32000786,23.400,128.300,0.658,0.070,6.500,True
2026-09-09 13:24:08.35+00:00,0,47.05068452,8.32001126,23.400,128.350,0.661,0.070,6.500,True
2026-09-09 13:24:08.40+00:00,0,47.05068631,8.32001464,23.400,128.400,0.665,0.070,6.500,True
2026-09-09 13:24:08.45+00:00,0,47.05068811,8.32001802,23.400,128.450,0.668,0.070,6.500,True
2026-09-09 13:24:08.50+00:00,0,47.05068993,8.32002139,23.400,128.500,0.672,0.070,6.500,True
2026-09-09 13:24:08.55+00:00,0,47.05069175,8.32002474,23.400,128.550,0.675,0.070,6.500,True
2026-09-09 13:24:08.60+00:00,0,47.05069357,8.32002809,23.400,128.600,0.679,0.070,6.500,True
2026-09-09 13:24:08.65+00:00,0,47.05069541,8.32003143,23.400,128.650,0.682,0.070,6.500,True
2026-09-09 13:24:08.70+00:00,0,47.05069725,8.32003476,23.400,128.700,0.686,0.070,6.500,True
2026-09-09 13:24:08.75+00:00,0,47.05069910,8.32003808,23.400,128.750,0.689,0.070,6.500,True
2026-09-09 13:24:08.80+00:00,0,47.05070096,8.32004139,23.400,128.800,0.693,0.070,6.500,True
2026-09-09 13:24:08.85+00:00,0,47.05070283,8.32004469,23.400,128.850,0.696,0.070,6.500,True
2026-09-09 13:24:08.90+00:00,0,47.05070470,8.32004798,23.400,128.900,0.700,0.070,6.500,True
2026-09-09 13:24:08.95+00:00,0,47.05070659,8.32005126,23.400,128.950,0.703,0.070,6.500,True
2026-09-09 13:24:09.00+00:00,0,47.05070848,8.32005453,23.400,129.000,0.707,0.070,6.500,True
2026-09-09 13:24:09.05+00:00,0,47.05071038,8.32005780,23.400,129.050,0.710,0.070,6.500,True
2026-09-09 13:24:09.10+00:00,0,47.05071228,8.32006105,23.400,129.100,0.714,0.070,6.500,True
2026-09-09 13:24:09.15+00:00,0,47.05071419,8.32006429,23.400,129.150,0.717,0.070,6.500,True
2026-09-09 13:24:09.20+00:00,0,47.05071612,8.32006752,23.400,129.200,0.721,0.070,6.500,True
2026-09-09 13:24:09.25+00:00,0,47.05071805,8.32007075,23.400,129.250,0.724,0.070,6.500,True
2026-09-09 13:24:09.30+00:00,0,47.05071998,8.32007396,23.400,129.300,0.728,0.070,6.500,True
2026-09-09 13:24:09.35+00:00,0,47.05072193,8.32007716,23.400,129.350,0.731,0.070,6.500,True
2026-09-09 13:24:09.40+00:00,0,47.05072388,8.32008036,23.400,129.400,0.735,0.070,6.500,True
2026-09-09 13:24:09.45+00:00,0,47.05072584,8.32008354,23.400,129.450,0.738,0.070,6.500,True
2026-09-09 13:24:09.50+00:00,0,47.05072780,8.32008671,23.400,129.500,0.742,0.070,6.500,True
2026-09-09 13:24:09.55+00:00,0,47.05072978,8.32008987,23.400,129.550,0.745,0.070,6.500,True
2026-09-09 13:24:09.60+00:00,0,47.05073176,8.32009303,23.400,129.600,0.749,0.070,6.500,True
2026-09-09 13:24:09.65+00:00,0,47.05073375,8.32009617,23.400,129.650,0.752,0.070,6.500,True
2026-09-09 13:24:09.70+00:00,0,47.05073575,8.32009930,23.400,129.700,0.756,0.070,6.500,True
2026-09-09 13:24:09.75+00:00,0,47.05073775,8.32010242,23.400,129.750,0.759,0.070,6.500,True
2026-09-09 13:24:09.80+00:00,0,47.05073976,8.32010554,23.400,129.800,0.763,0.070,6.500,True
2026-09-09 13:24:09.85+00:00,0,47.05074178,8.32010864,23.400,129.850,0.766,0.070,6.500,True
2026-09-09 13:24:09.90+00:00,0,47.05074381,8.32011173,23.400,129.900,0.770,0.070,6.500,True
2026-09-09 13:24:09.95+00:00,0,47.05074584,8.32011481,23.400,129.950,0.773,0.070,6.500,True
2026-09-09 13:24:10.00+00:00,0,47.05074789,8.32011788,23.400,130.000,0.777,0.070,6.500,True
2026-09-09 13:24:10.05+00:00,0,47.05074993,8.32012094,23.400,130.050,0.780,0.070,6.500,True
2026-09-09 13:24:10.10+00:00,0,47.05075199,8.32012399,23.400,130.100,0.784,0.070,6.500,True
2026-09-09 13:24:10.15+00:00,0,47.05075405,8.32012703,23.400,130.150,0.787,0.070,6.500,True
2026-09-09 13:24:10.20+00:00,0,47.05075612,8.32013006,23.400,130.200,0.791,0.070,6.500,True
2026-09-09 13:24:10.25+00:00,0,47.05075820,8.32013307,23.400,130.250,0.794,0.070,6.500,True
2026-09-09 13:24:10.30+00:00,0,47.05076029,8.32013608,23.400,130.300,0.798,0.070,6.500,True
2026-09-09 13:24:10.35+00:00,0,47.05076238,8.32013908,23.400,130.350,0.801,0.070,6.500,True
2026-09-09 13:24:10.40+00:00,0,47.05076448,8.32014206,23.400,130.400,0.805,0.070,6.500,True
2026-09-09 13:24:10.45+00:00,0,47.05076658,8.32014504,23.400,130.450,0.808,0.087,6.500,True
2026-09-09 13:24:10.50+00:00,0,47.05076870,8.32014800,23.400,130.500,0.812,0.105,6.500,True
2026-09-09 13:24:10.55+00:00,0,47.05077082,8.32015095,23.400,130.550,0.818,0.105,6.500,True
2026-09-09 13:24:10.60+00:00,0,47.05077295,8.32015388,23.400,130.600,0.823,0.122,6.500,True
2026-09-09 13:24:10.65+00:00,0,47.05077509,8.32015680,23.400,130.650,0.829,0.122,6.500,True
2026-09-09 13:24:10.70+00:00,0,47.05077725,8.32015970,23.400,130.700,0.835,0.122,6.500,True
2026-09-09 13:24:10.75+00:00,0,47.05077941,8.32016258,23.400,130.750,0.841,0.122,6.500,True
2026-09-09 13:24:10.80+00:00,0,47.05078159,8.32016544,23.400,130.800,0.847,0.122,6.500,True
2026-09-09 13:24:10.85+00:00,0,47.05078378,8.32016828,23.400,130.850,0.853,0.122,6.500,True
2026-09-09 13:24:10.90+00:00,0,47.05078599,8.32017110,23.400,130.900,0.860,0.122,6.500,True
2026-09-09 13:24:10.95+00:00,0,47.05078820,8.32017390,23.400,130.950,0.866,0.122,6.500,True
2026-09-09 13:24:11.00+00:00,0,47.05079043,8.32017668,23.400,131.000,0.872,0.122,6.500,True
2026-09-09 13:24:11.05+00:00,0,47.05079266,8.32017944,23.400,131.050,0.878,0.122,6.500,True
2026-09-09 13:24:11.10+00:00,0,47.05079491,8.32018218,23.400,131.100,0.884,0.122,6.500,True
2026-09-09 13:24:11.15+00:00,0,47.05079717,8.32018490,23.400,131.150,0.890,0.122,6.500,True
2026-09-09 13:24:11.20+00:00,0,47.05079944,8.32018760,23.400,131.200,0.896,0.122,6.500,True
2026-09-09 13:24:11.25+00:00,0,47.05080173,8.32019028,23.400,131.250,0.902,0.122,6.500,True
2026-09-09 13:24:11.30+00:00,0,47.05080402,8.32019294,23.400,131.300,0.908,0.122,6.500,True
2026-09-09 13:24:11.35+00:00,0,47.05080633,8.32019558,23.400,131.350,0.915,0.122,6.500,True
2026-09-09 13:24:11.40+00:00,0,47.05080864,8.32019819,23.400,131.400,0.921,0.122,6.500,True
2026-09-09 13:24:11.45+00:00,0,47.05081097,8.32020079,23.400,131.450,0.927,0.122,6.500,True
2026-09-09 13:24:11.50+00:00,0,47.05081331,8.32020337,23.400,131.500,0.933,0.105,6.500,True
2026-09-09 13:24:11.55+00:00,0,47.05081565,8.32020592,23.400,131.550,0.938,0.105,6.500,True
2026-09-09 13:24:11.60+00:00,0,47.05081801,8.32020846,23.400,131.600,0.943,0.087,6.500,True
2026-09-09 13:24:11.65+00:00,0,47.05082038,8.32021098,23.400,131.650,0.948,0.087,6.500,True
2026-09-09 13:24:11.70+00:00,0,47.05082275,8.32021348,23.400,131.700,0.952,0.070,6.500,True
2026-09-09 13:24:11.75+00:00,0,47.05082513,8.32021597,23.400,131.750,0.956,0.070,6.500,True
2026-09-09 13:24:11.80+00:00,0,47.05082752,8.32021844,23.400,131.800,0.959,0.052,6.500,True
2026-09-09 13:24:11.85+00:00,0,47.05082991,8.32022091,23.400,131.850,0.962,0.035,6.500,True
2026-09-09 13:24:11.90+00:00,0,47.05083231,8.32022336,23.400,131.900,0.963,0.035,6.500,True
2026-09-09 13:24:11.95+00:00,0,47.05083471,8.32022581,23.400,131.950,0.965,0.035,6.500,True
2026-09-09 13:24:12.00+00:00,0,47.05083711,8.32022825,23.400,132.000,0.967,0.017,6.500,True
2026-09-09 13:24:12.05+00:00,0,47.05083952,8.32023069,23.400,132.050,0.968,0.017,6.500,True
2026-09-09 13:24:12.10+00:00,0,47.05084192,8.32023312,23.400,132.100,0.969,0.017,6.500,True
2026-09-09 13:24:12.15+00:00,0,47.05084433,8.32023555,23.400,132.150,0.970,0.000,6.500,True
2026-09-09 13:24:12.20+00:00,0,47.05084674,8.32023798,23.400,132.200,0.970,0.000,6.500,True
2026-09-09 13:24:12.25+00:00,0,47.05084915,8.32024041,23.400,132.250,0.970,0.000,6.500,True
2026-09-09 13:24:12.30+00:00,0,47.05085156,8.32024283,23.400,132.300,0.970,0.000,6.500,True
2026-09-09 13:24:12.35+00:00,0,47.05085397,8.32024526,23.400,132.350,0.970,0.000,6.500,True
2026-09-09 13:24:12.40+00:00,0,47.05085638,8.32024769,23.400,132.400,0.970,0.000,6.500,True
2026-09-09 13:24:12.45+00:00,0,47.05085879,8.32025011,23.400,132.450,0.970,0.000,6.500,True
2026-09-09 13:24:12.50+00:00,0,47.05086120,8.32025254,23.400,132.500,0.970,0.000,6.500,True
2026-09-09 13:24:12.55+00:00,0,47.05086361,8.32025497,23.400,132.550,0.970,0.000,6.500,True
2026-09-09 13:24:12.60+00:00,0,47.05086602,8.32025739,23.400,132.600,0.970,0.000,6.500,True
2026-09-09 13:24:12.65+00:00,0,47.05086843,8.32025982,23.400,132.650,0.970,0.000,6.500,True
2026-09-09 13:24:12.70+00:00,0,47.05087084,8.32026225,23.760,132.700,0.970,0.000,6.600,True
2026-09-09 13:24:12.75+00:00,0,47.05087329,8.32026471,24.120,132.750,0.970,0.000,6.700,True
2026-09-09 13:24:12.80+00:00,0,47.05087578,8.32026721,24.120,132.800,0.970,0.000,6.700,True
2026-09-09 13:24:12.85+00:00,0,47.05087826,8.32026971,24.120,132.850,0.970,0.000,6.700,True
2026-09-09 13:24:12.90+00:00,0,47.05088074,8.32027222,24.480,132.900,0.970,0.000,6.800,True
2026-09-09 13:24:12.95+00:00,0,47.05088327,8.32027475,24.480,132.950,0.970,0.000,6.800,True
2026-09-09 13:24:13.00+00:00,0,47.05088579,8.32027729,24.840,133.000,0.970,0.000,6.900,True
2026-09-09 13:24:13.05+00:00,0,47.05088835,8.32027987,24.840,133.050,0.970,0.000,6.900,True
2026-09-09 13:24:13.10+00:00,0,47.05089090,8.32028245,25.200,133.100,0.970,0.000,7.000,True
2026-09-09 13:24:13.15+00:00,0,47.05089350,8.32028506,25.200,133.150,0.970,0.000,7.000,True
2026-09-09 13:24:13.20+00:00,0,47.05089610,8.32028767,25.200,133.200,0.970,0.000,7.000,True
2026-09-09 13:24:13.25+00:00,0,47.05089869,8.32029029,25.200,133.250,0.970,0.000,7.000,True
2026-09-09 13:24:13.30+00:00,0,47.05090129,8.32029290,25.200,133.300,0.970,0.000,7.000,True
2026-09-09 13:24:13.35+00:00,0,47.05090388,8.32029551,25.200,133.350,0.970,0.000,7.000,True
2026-09-09 13:24:13.40+00:00,0,47.05090648,8.32029813,25.200,133.400,0.970,0.000,7.000,True
2026-09-09 13:24:13.45+00:00,0,47.05090907,8.32030074,25.200,133.450,0.970,0.000,7.000,True
2026-09-09 13:24:13.50+00:00,0,47.05091167,8.32030335,25.200,133.500,0.970,0.000,7.000,True
2026-09-09 13:24:13.55+00:00,0,47.05091427,8.32030597,25.200,133.550,0.970,0.000,7.000,True
2026-09-09 13:24:13.60+00:00,0,47.05091686,8.32030858,25.200,133.600,0.970,0.000,7.000,True
2026-09-09 13:24:13.65+00:00,0,47.05091946,8.32031119,25.200,133.650,0.970,0.000,7.000,True
2026-09-09 13:24:13.70+00:00,0,47.05092205,8.32031381,25.200,133.700,0.970,0.000,7.000,True
2026-09-09 13:24:13.75+00:00,0,47.05092465,8.32031642,25.200,133.750,0.970,0.000,7.000,True
2026-09-09 13:24:13.80+00:00,0,47.05092724,8.32031903,25.200,133.800,0.970,0.000,7.000,True
2026-09-09 13:24:13.85+00:00,0,47.05092984,8.32032165,25.200,133.850,0.970,0.000,7.000,True
2026-09-09 13:24:13.90+00:00,0,47.05093243,8.32032426,25.200,133.900,0.970,0.000,7.000,True
2026-09-09 13:24:13.95+00:00,0,47.05093503,8.32032688,25.200,133.950,0.970,0.000,7.000,True
2026-09-09 13:24:14.00+00:00,0,47.05093763,8.32032949,25.200,134.000,0.970,0.000,7.000,True
2026-09-09 13:24:14.05+00:00,0,47.05094022,8.32033210,25.200,134.050,0.970,0.000,7.000,True
2026-09-09 13:24:14.10+00:00,0,47.05094282,8.32033472,25.200,134.100,0.970,0.000,7.000,True
2026-09-09 13:24:14.15+00:00,0,47.05094541,8.32033733,25.200,134.150,0.970,0.000,7.000,True
2026-09-09 13:24:14.20+00:00,0,47.05094801,8.32033994,25.200,134.200,0.970,0.000,7.000,True
2026-09-09 13:24:14.25+00:00,0,47.05095060,8.32034256,25.200,134.250,0.970,0.000,7.000,True
2026-09-09 13:24:14.30+00:00,0,47.05095320,8.32034517,25.200,134.300,0.970,0.000,7.000,True
2026-09-09 13:24:14.35+00:00,0,47.05095579,8.32034778,25.200,134.350,0.970,0.000,7.000,True
2026-09-09 13:24:14.40+00:00,0,47.05095839,8.32035040,25.200,134.400,0.970,0.000,7.000,True
2026-09-09 13:24:14.45+00:00,0,47.05096099,8.32035301,25.200,134.450,0.970,0.000,7.000,True
2026-09-09 13:24:14.50+00:00,0,47.05096358,8.32035562,25.200,134.500,0.970,0.000,7.000,True
2026-09-09 13:24:14.55+00:00,0,47.05096618,8.32035824,25.200,134.550,0.970,0.000,7.000,True
2026-09-09 13:24:14.60+00:00,0,47.05096877,8.32036085,25.200,134.600,0.970,0.000,7.000,True
2026-09-09 13:24:14.65+00:00,0,47.05097137,8.32036346,25.200,134.650,0.970,0.000,7.000,True
2026-09-09 13:24:14.70+00:00,0,47.05097396,8.32036608,25.200,134.700,0.970,0.000,7.000,True
2026-09-09 13:24:14.75+00:00,0,47.05097656,8.32036869,25.200,134.750,0.970,0.000,7.000,True
2026-09-09 13:24:14.80+00:00,0,47.05097916,8.32037131,25.200,134.800,0.970,0.000,7.000,True
2026-09-09 13:24:14.85+00:00,0,47.05098175,8.32037392,25.200,134.850,0.970,0.000,7.000,True
2026-09-09 13:24:14.90+00:00,0,47.05098435,8.32037653,25.200,134.900,0.970,0.000,7.000,True
2026-09-09 13:24:14.95+00:00,0,47.05098694,8.32037915,25.200,134.950,0.970,0.000,7.000,True
2026-09-09 13:24:15.00+00:00,0,47.05098954,8.32038176,25.200,135.000,0.970,0.000,7.000,True
2026-09-09 13:24:15.05+00:00,0,47.05099213,8.32038437,25.200,135.050,0.970,0.000,7.000,True
2026-09-09 13:24:15.10+00:00,0,47.05099473,8.32038699,25.200,135.100,0.970,0.000,7.000,True
2026-09-09 13:24:15.15+00:00,0,47.05099732,8.32038960,25.200,135.150,0.970,0.000,7.000,True
2026-09-09 13:24:15.20+00:00,0,47.05099992,8.32039221,25.200,135.200,0.970,0.000,7.000,True
2026-09-09 13:24:15.25+00:00,0,47.05100252,8.32039483,25.200,135.250,0.970,0.000,7.000,True
2026-09-09 13:24:15.30+00:00,0,47.05100511,8.32039744,25.200,135.300,0.970,0.000,7.000,True
2026-09-09 13:24:15.35+00:00,0,47.05100771,8.32040005,25.200,135.350,0.970,0.000,7.000,True
2026-09-09 13:24:15.40+00:00,0,47.05101030,8.32040267,25.200,135.400,0.970,0.000,7.000,True
2026-09-09 13:24:15.45+00:00,0,47.05101290,8.32040528,25.200,135.450,0.970,0.000,7.000,True
2026-09-09 13:24:15.50+00:00,0,47.05101549,8.32040789,25.200,135.500,0.970,0.000,7.000,True
2026-09-09 13:24:15.55+00:00,0,47.05101809,8.32041051,25.200,135.550,0.970,0.000,7.000,True
2026-09-09 13:24:15.60+00:00,0,47.05102068,8.32041312,25.200,135.600,0.970,0.000,7.000,True
2026-09-09 13:24:15.65+00:00,0,47.05102328,8.32041573,25.200,135.650,0.970,0.000,7.000,True
2026-09-09 13:24:15.70+00:00,0,47.05102588,8.32041835,25.200,135.700,0.970,0.000,7.000,True
2026-09-09 13:24:15.75+00:00,0,47.05102847,8.32042096,25.200,135.750,0.970,0.000,7.000,True
2026-09-09 13:24:15.80+00:00,0,47.05103107,8.32042358,25.200,135.800,0.970,0.000,7.000,True
2026-09-09 13:24:15.85+00:00,0,47.05103366,8.32042619,25.200,135.850,0.970,0.000,7.000,True
2026-09-09 13:24:15.90+00:00,0,47.05103626,8.32042880,25.200,135.900,0.970,0.000,7.000,True
2026-09-09 13:24:15.95+00:00,0,47.05103885,8.32043142,25.200,135.950,0.970,0.000,7.000,True
2026-09-09 13:24:16.00+00:00,0,47.05104145,8.32043403,25.200,136.000,0.970,0.000,7.000,True
2026-09-09 13:24:16.05+00:00,0,47.05104404,8.32043664,25.200,136.050,0.970,0.000,7.000,True
2026-09-09 13:24:16.10+00:00,0,47.05104664,8.32043926,25.200,136.100,0.970,0.000,7.000,True
2026-09-09 13:24:16.15+00:00,0,47.05104924,8.32044187,25.200,136.150,0.970,0.000,7.000,True
2026-09-09 13:24:16.20+00:00,0,47.05105183,8.32044448,25.200,136.200,0.970,0.000,7.000,True
2026-09-09 13:24:16.25+00:00,0,47.05105443,8.32044710,25.200,136.250,0.970,0.000,7.000,True
2026-09-09 13:24:16.30+00:00,0,47.05105702,8.32044971,25.200,136.300,0.970,0.000,7.000,True
2026-09-09 13:24:16.35+00:00,0,47.05105962,8.32045232,25.200,136.350,0.970,0.000,7.000,True
2026-09-09 13:24:16.40+00:00,0,47.05106221,8.32045494,25.200,136.400,0.970,0.000,7.000,True
2026-09-09 13:24:16.45+00:00,0,47.05106481,8.32045755,25.200,136.450,0.970,0.000,7.000,True
2026-09-09 13:24:16.50+00:00,0,47.05106741,8.32046016,25.200,136.500,0.970,0.000,7.000,True
2026-09-09 13:24:16.55+00:00,0,47.05107000,8.32046278,25.200,136.550,0.970,0.000,7.000,True
2026-09-09 13:24:16.60+00:00,0,47.05107260,8.32046539,25.200,136.600,0.970,0.000,7.000,True
2026-09-09 13:24:16.65+00:00,0,47.05107519,8.32046801,25.200,136.650,0.970,0.000,7.000,True
2026-09-09 13:24:16.70+00:00,0,47.05107779,8.32047062,25.200,136.700,0.970,0.000,7.000,True
2026-09-09 13:24:16.75+00:00,0,47.05108038,8.32047323,25.200,136.750,0.970,0.000,7.000,True
2026-09-09 13:24:16.80+00:00,0,47.05108298,8.32047585,25.200,136.800,0.970,0.000,7.000,True
2026-09-09 13:24:16.85+00:00,0,47.05108557,8.32047846,25.200,136.850,0.970,0.000,7.000,True
2026-09-09 13:24:16.90+00:00,0,47.05108817,8.32048107,25.200,136.900,0.970,0.000,7.000,True
2026-09-09 13:24:16.95+00:00,0,47.05109077,8.32048369,25.200,136.950,0.970,0.000,7.000,True
2026-09-09 13:24:17.00+00:00,0,47.05109336,8.32048630,25.200,137.000,0.970,0.000,7.000,True
2026-09-09 13:24:17.05+00:00,0,47.05109596,8.32048891,25.200,137.050,0.970,0.000,7.000,True
2026-09-09 13:24:17.10+00:00,0,47.05109855,8.32049153,25.200,137.100,0.970,0.000,7.000,True
2026-09-09 13:24:17.15+00:00,0,47.05110115,8.32049414,25.200,137.150,0.970,0.000,7.000,True
2026-09-09 13:24:17.20+00:00,0,47.05110374,8.32049675,25.200,137.200,0.970,0.000,7.000,True
2026-09-09 13:24:17.25+00:00,0,47.05110634,8.32049937,25.200,137.250,0.970,0.000,7.000,True
2026-09-09 13:24:17.30+00:00,0,47.05110893,8.32050198,25.200,137.300,0.970,0.000,7.000,True
2026-09-09 13:24:17.35+00:00,0,47.05111153,8.32050459,25.200,137.350,0.970,0.000,7.000,True
2026-09-09 13:24:17.40+00:00,0,47.05111413,8.32050721,25.200,137.400,0.970,0.000,7.000,True
2026-09-09 13:24:17.45+00:00,0,47.05111672,8.32050982,25.200,137.450,0.970,0.000,7.000,True
2026-09-09 13:24:17.50+00:00,0,47.05111932,8.32051243,25.200,137.500,0.970,0.000,7.000,True
2026-09-09 13:24:17.55+00:00,0,47.05112191,8.32051505,25.200,137.550,0.970,0.000,7.000,True
2026-09-09 13:24:17.60+00:00,0,47.05112451,8.32051766,25.200,137.600,0.970,0.000,7.000,True
2026-09-09 13:24:17.65+00:00,0,47.05112710,8.32052028,25.200,137.650,0.970,0.000,7.000,True
2026-09-09 13:24:17.70+00:00,0,47.05112970,8.32052289,25.200,137.700,0.970,0.000,7.000,True
2026-09-09 13:24:17.75+00:00,0,47.05113229,8.32052550,25.200,137.750,0.970,0.000,7.000,True
2026-09-09 13:24:17.80+00:00,0,47.05113489,8.32052812,25.200,137.800,0.970,0.000,7.000,True
2026-09-09 13:24:17.85+00:00,0,47.05113749,8.32053073,25.200,137.850,0.970,0.000,7.000,True
2026-09-09 13:24:17.90+00:00,0,47.05114008,8.32053334,25.200,137.900,0.970,0.000,7.000,True
2026-09-09 13:24:17.95+00:00,0,47.05114268,8.32053596,25.200,137.950,0.970,0.000,7.000,True
2026-09-09 13:24:18.00+00:00,0,47.05114527,8.32053857,25.200,138.000,0.970,0.000,7.000,True
2026-09-09 13:24:18.05+00:00,0,47.05114787,8.32054118,25.200,138.050,0.970,0.000,7.000,True
2026-09-09 13:24:18.10+00:00,0,47.05115046,8.32054380,25.200,138.100,0.970,0.000,7.000,True
2026-09-09 13:24:18.15+00:00,0,47.05115306,8.32054641,25.200,138.150,0.970,0.000,7.000,True
2026-09-09 13:24:18.20+00:00,0,47.05115566,8.32054902,25.200,138.200,0.970,0.000,7.000,True
2026-09-09 13:24:18.25+00:00,0,47.05115825,8.32055164,25.200,138.250,0.970,0.000,7.000,True
2026-09-09 13:24:18.30+00:00,0,47.05116085,8.32055425,25.200,138.300,0.970,0.000,7.000,True
2026-09-09 13:24:18.35+00:00,0,47.05116344,8.32055686,25.200,138.350,0.970,0.000,7.000,True
2026-09-09 13:24:18.40+00:00,0,47.05116604,8.32055948,25.200,138.400,0.970,0.000,7.000,True
2026-09-09 13:24:18.45+00:00,0,47.05116863,8.32056209,25.200,138.450,0.970,0.000,7.000,True
2026-09-09 13:24:18.50+00:00,0,47.05117123,8.32056471,25.200,138.500,0.970,0.000,7.000,True
2026-09-09 13:24:18.55+00:00,0,47.05117382,8.32056732,25.200,138.550,0.970,0.000,7.000,True
2026-09-09 13:24:18.60+00:00,0,47.05117642,8.32056993,25.200,138.600,0.970,0.000,7.000,True
2026-09-09 13:24:18.65+00:00,0,47.05117902,8.32057255,25.200,138.650,0.970,0.000,7.000,True
2026-09-09 13:24:18.70+00:00,0,47.05118161,8.32057516,25.200,138.700,0.970,0.000,7.000,True
2026-09-09 13:24:18.75+00:00,0,47.05118421,8.32057777,25.200,138.750,0.970,0.000,7.000,True
2026-09-09 13:24:18.80+00:00,0,47.05118680,8.32058039,25.200,138.800,0.970,0.000,7.000,True
2026-09-09 13:24:18.85+00:00,0,47.05118940,8.32058300,25.200,138.850,0.970,0.000,7.000,True
2026-09-09 13:24:18.90+00:00,0,47.05119199,8.32058561,25.200,138.900,0.970,0.000,7.000,True
2026-09-09 13:24:18.95+00:00,0,47.05119459,8.32058823,25.200,138.950,0.970,0.000,7.000,True
2026-09-09 13:24:19.00+00:00,0,47.05119718,8.32059084,25.200,139.000,0.970,0.000,7.000,True
2026-09-09 13:24:19.05+00:00,0,47.05119978,8.32059345,25.200,139.050,0.970,0.000,7.000,True
2026-09-09 13:24:19.10+00:00,0,47.05120238,8.32059607,25.200,139.100,0.970,0.000,7.000,True
2026-09-09 13:24:19.15+00:00,0,47.05120497,8.32059868,25.200,139.150,0.970,0.000,7.000,True
2026-09-09 13:24:19.20+00:00,0,47.05120757,8.32060129,25.200,139.200,0.970,0.000,7.000,True
2026-09-09 13:24:19.25+00:00,0,47.05121016,8.32060391,25.200,139.250,0.970,0.000,7.000,True
2026-09-09 13:24:19.30+00:00,0,47.05121276,8.32060652,25.200,139.300,0.970,0.000,7.000,True
2026-09-09 13:24:19.35+00:00,0,47.05121535,8.32060914,25.200,139.350,0.970,0.000,7.000,True
2026-09-09 13:24:19.40+00:00,0,47.05121795,8.32061175,25.200,139.400,0.970,0.000,7.000,True
2026-09-09 13:24:19.45+00:00,0,47.05122055,8.32061436,25.200,139.450,0.970,0.000,7.000,True
2026-09-09 13:24:19.50+00:00,0,47.05122314,8.32061698,25.200,139.500,0.970,0.000,7.000,True
2026-09-09 13:24:19.55+00:00,0,47.05122574,8.32061959,25.200,139.550,0.970,0.000,7.000,True
2026-09-09 13:24:19.60+00:00,0,47.05122833,8.32062220,25.200,139.600,0.970,0.000,7.000,True
2026-09-09 13:24:19.65+00:00,0,47.05123093,8.32062482,25.200,139.650,0.970,0.000,7.000,True
2026-09-09 13:24:19.70+00:00,0,47.05123352,8.32062743,25.200,139.700,0.970,0.000,7.000,True
2026-09-09 13:24:19.75+00:00,0,47.05123612,8.32063004,25.200,139.750,0.970,0.000,7.000,True
2026-09-09 13:24:19.80+00:00,0,47.05123871,8.32063266,25.200,139.800,0.970,0.000,7.000,True
2026-09-09 13:24:19.85+00:00,0,47.05124131,8.32063527,25.200,139.850,0.970,0.000,7.000,True
2026-09-09 13:24:19.90+00:00,0,47.05124391,8.32063788,25.200,139.900,0.970,0.000,7.000,True
2026-09-09 13:24:19.95+00:00,0,47.05124650,8.32064050,25.200,139.950,0.970,0.000,7.000,True
2026-09-09 13:24:20.00+00:00,0,47.05124910,8.32064311,25.200,140.000,0.970,0.000,7.000,True
2026-09-09 13:24:20.05+00:00,0,47.05125169,8.32064572,25.200,140.050,0.970,0.000,7.000,True
2026-09-09 13:24:20.10+00:00,0,47.05125429,8.32064834,25.200,140.100,0.970,0.000,7.000,True
2026-09-09 13:24:20.15+00:00,0,47.05125688,8.32065095,25.200,140.150,0.970,0.000,7.000,True
2026-09-09 13:24:20.20+00:00,0,47.05125948,8.32065357,25.200,140.200,0.970,0.000,7.000,True
2026-09-09 13:24:20.25+00:00,0,47.05126207,8.32065618,25.200,140.250,0.970,0.000,7.000,True
2026-09-09 13:24:20.30+00:00,0,47.05126467,8.32065879,25.200,140.300,0.970,0.000,7.000,True
2026-09-09 13:24:20.35+00:00,0,47.05126727,8.32066141,25.200,140.350,0.970,0.000,7.000,True
2026-09-09 13:24:20.40+00:00,0,47.05126986,8.32066402,25.200,140.400,0.970,0.000,7.000,True
2026-09-09 13:24:20.45+00:00,0,47.05127246,8.32066663,25.200,140.450,0.970,0.000,7.000,True
2026-09-09 13:24:20.50+00:00,0,47.05127505,8.32066925,25.200,140.500,0.970,0.000,7.000,True
2026-09-09 13:24:20.55+00:00,0,47.05127765,8.32067186,25.200,140.550,0.970,0.000,7.000,True
2026-09-09 13:24:20.60+00:00,0,47.05128024,8.32067447,25.200,140.600,0.970,0.000,7.000,True
2026-09-09 13:24:20.65+00:00,0,47.05128284,8.32067709,25.200,140.650,0.970,0.000,7.000,True
2026-09-09 13:24:20.70+00:00,0,47.05128543,8.32067970,25.200,140.700,0.970,0.000,7.000,True
2026-09-09 13:24:20.75+00:00,0,47.05128803,8.32068231,25.200,140.750,0.970,0.000,7.000,True
2026-09-09 13:24:20.80+00:00,0,47.05129063,8.32068493,25.200,140.800,0.970,0.000,7.000,True
2026-09-09 13:24:20.85+00:00,0,47.05129322,8.32068754,25.200,140.850,0.970,0.000,7.000,True
2026-09-09 13:24:20.90+00:00,0,47.05129582,8.32069015,25.200,140.900,0.970,0.000,7.000,True
2026-09-09 13:24:20.95+00:00,0,47.05129841,8.32069277,25.200,140.950,0.970,0.000,7.000,True
2026-09-09 13:24:21.00+00:00,0,47.05130101,8.32069538,25.200,141.000,0.970,0.000,7.000,True
2026-09-09 13:24:21.05+00:00,0,47.05130360,8.32069800,25.200,141.050,0.970,0.000,7.000,True
2026-09-09 13:24:21.10+00:00,0,47.05130620,8.32070061,25.200,141.100,0.970,0.000,7.000,True
2026-09-09 13:24:21.15+00:00,0,47.05130880,8.32070322,25.200,141.150,0.970,0.000,7.000,True
2026-09-09 13:24:21.20+00:00,0,47.05131139,8.32070584,25.200,141.200,0.970,0.000,7.000,True
2026-09-09 13:24:21.25+00:00,0,47.05131399,8.32070845,25.200,141.250,0.970,0.000,7.000,True
2026-09-09 13:24:21.30+00:00,0,47.05131658,8.32071106,25.200,141.300,0.970,0.000,7.000,True
2026-09-09 13:24:21.35+00:00,0,47.05131918,8.32071368,25.200,141.350,0.970,0.000,7.000,True
2026-09-09 13:24:21.40+00:00,0,47.05132177,8.32071629,25.200,141.400,0.970,0.000,7.000,True
2026-09-09 13:24:21.45+00:00,0,47.05132437,8.32071890,25.200,141.450,0.970,0.000,7.000,True
2026-09-09 13:24:21.50+00:00,0,47.05132696,8.32072152,25.200,141.500,0.970,0.000,7.000,True
2026-09-09 13:24:21.55+00:00,0,47.05132956,8.32072413,25.200,141.550,0.970,0.000,7.000,True
2026-09-09 13:24:21.60+00:00,0,47.05133216,8.32072674,25.200,141.600,0.970,0.000,7.000,True
2026-09-09 13:24:21.65+00:00,0,47.05133475,8.32072936,25.200,141.650,0.970,0.000,7.000,True
2026-09-09 13:24:21.70+00:00,0,47.05133735,8.32073197,25.200,141.700,0.970,0.000,7.000,True
2026-09-09 13:24:21.75+00:00,0,47.05133994,8.32073458,25.200,141.750,0.970,0.000,7.000,True
2026-09-09 13:24:21.80+00:00,0,47.05134254,8.32073720,25.200,141.800,0.970,0.000,7.000,True
2026-09-09 13:24:21.85+00:00,0,47.05134513,8.32073981,25.200,141.850,0.970,0.000,7.000,True
2026-09-09 13:24:21.90+00:00,0,47.05134773,8.32074243,25.200,141.900,0.970,0.000,7.000,True
2026-09-09 13:24:21.95+00:00,0,47.05135032,8.32074504,25.200,141.950,0.970,0.000,7.000,True
2026-09-09 13:24:22.00+00:00,0,47.05135292,8.32074765,25.200,142.000,0.970,0.000,7.000,True
2026-09-09 13:24:22.05+00:00,0,47.05135552,8.32075027,25.200,142.050,0.970,0.000,7.000,True
2026-09-09 13:24:22.10+00:00,0,47.05135811,8.32075288,25.200,142.100,0.970,0.000,7.000,True
2026-09-09 13:24:22.15+00:00,0,47.05136071,8.32075549,25.200,142.150,0.970,0.000,7.000,True
2026-09-09 13:24:22.20+00:00,0,47.05136330,8.32075811,25.200,142.200,0.970,0.000,7.000,True
2026-09-09 13:24:22.25+00:00,0,47.05136590,8.32076072,25.200,142.250,0.970,0.000,7.000,True
2026-09-09 13:24:22.30+00:00,0,47.05136849,8.32076333,25.200,142.300,0.970,0.000,7.000,True
2026-09-09 13:24:22.35+00:00,0,47.05137109,8.32076595,25.200,142.350,0.970,0.000,7.000,True
2026-09-09 13:24:22.40+00:00,0,47.05137368,8.32076856,25.200,142.400,0.970,0.000,7.000,True
2026-09-09 13:24:22.45+00:00,0,47.05137628,8.32077117,25.200,142.450,0.970,0.000,7.000,True
2026-09-09 13:24:22.50+00:00,0,47.05137888,8.32077379,25.200,142.500,0.970,0.000,7.000,True
2026-09-09 13:24:22.55+00:00,0,47.05138147,8.32077640,25.200,142.550,0.970,0.000,7.000,True
2026-09-09 13:24:22.60+00:00,0,47.05138407,8.32077901,25.200,142.600,0.970,0.000,7.000,True
2026-09-09 13:24:22.65+00:00,0,47.05138666,8.32078163,25.200,142.650,0.970,0.000,7.000,True
2026-09-09 13:24:22.70+00:00,0,47.05138926,8.32078424,25.200,142.700,0.970,0.000,7.000,True
2026-09-09 13:24:22.75+00:00,0,47.05139185,8.32078686,25.200,142.750,0.970,0.000,7.000,True
2026-09-09 13:24:22.80+00:00,0,47.05139445,8.32078947,25.200,142.800,0.970,0.000,7.000,True
2026-09-09 13:24:22.85+00:00,0,47.05139705,8.32079208,25.200,142.850,0.970,0.000,7.000,True
2026-09-09 13:24:22.90+00:00,0,47.05139964,8.32079470,25.200,142.900,0.970,0.000,7.000,True
2026-09-09 13:24:22.95+00:00,0,47.05140224,8.32079731,25.200,142.950,0.970,0.000,7.000,True
2026-09-09 13:24:23.00+00:00,0,47.05140483,8.32079992,25.200,143.000,0.970,0.000,7.000,True
2026-09-09 13:24:23.05+00:00,0,47.05140743,8.32080254,25.200,143.050,0.970,0.000,7.000,True
2026-09-09 13:24:23.10+00:00,0,47.05141002,8.32080515,25.200,143.100,0.970,0.000,7.000,True
2026-09-09 13:24:23.15+00:00,0,47.05141262,8.32080776,25.200,143.150,0.970,0.000,7.000,True
2026-09-09 13:24:23.20+00:00,0,47.05141521,8.32081038,25.200,143.200,0.970,0.000,7.000,True
2026-09-09 13:24:23.25+00:00,0,47.05141781,8.32081299,25.200,143.250,0.970,0.000,7.000,True
2026-09-09 13:24:23.30+00:00,0,47.05142041,8.32081560,25.200,143.300,0.970,0.000,7.000,True
2026-09-09 13:24:23.35+00:00,0,47.05142300,8.32081822,25.200,143.350,0.970,0.000,7.000,True
2026-09-09 13:24:23.40+00:00,0,47.05142560,8.32082083,25.200,143.400,0.970,0.000,7.000,True
2026-09-09 13:24:23.45+00:00,0,47.05142819,8.32082344,25.200,143.450,0.970,0.000,7.000,True
2026-09-09 13:24:23.50+00:00,0,47.05143079,8.32082606,25.200,143.500,0.970,0.000,7.000,True
2026-09-09 13:24:23.55+00:00,0,47.05143338,8.32082867,25.200,143.550,0.970,0.000,7.000,True
2026-09-09 13:24:23.60+00:00,0,47.05143598,8.32083129,25.200,143.600,0.970,0.000,7.000,True
2026-09-09 13:24:23.65+00:00,0,47.05143857,8.32083390,25.200,143.650,0.970,0.000,7.000,True
2026-09-09 13:24:23.70+00:00,0,47.05144117,8.32083651,25.200,143.700,0.970,0.000,7.000,True
2026-09-09 13:24:23.75+00:00,0,47.05144377,8.32083913,25.200,143.750,0.970,0.000,7.000,True
2026-09-09 13:24:23.80+00:00,0,47.05144636,8.32084174,25.200,143.800,0.970,0.000,7.000,True
2026-09-09 13:24:23.85+00:00,0,47.05144896,8.32084435,25.200,143.850,0.970,0.000,7.000,True
2026-09-09 13:24:23.90+00:00,0,47.05145155,8.32084697,25.200,143.900,0.970,0.000,7.000,True
2026-09-09 13:24:23.95+00:00,0,47.05145415,8.32084958,25.200,143.950,0.970,0.000,7.000,True
2026-09-09 13:24:24.00+00:00,0,47.05145674,8.32085219,25.200,144.000,0.970,0.000,7.000,True
2026-09-09 13:24:24.05+00:00,0,47.05145934,8.32085481,25.200,144.050,0.970,0.000,7.000,True
2026-09-09 13:24:24.10+00:00,0,47.05146194,8.32085742,25.200,144.100,0.970,0.000,7.000,True
2026-09-09 13:24:24.15+00:00,0,47.05146453,8.32086003,25.200,144.150,0.970,0.000,7.000,True
2026-09-09 13:24:24.20+00:00,0,47.05146713,8.32086265,25.200,144.200,0.970,0.000,7.000,True
2026-09-09 13:24:24.25+00:00,0,47.05146972,8.32086526,25.200,144.250,0.970,0.000,7.000,True
2026-09-09 13:24:24.30+00:00,0,47.05147232,8.32086788,25.200,144.300,0.970,0.000,7.000,True
2026-09-09 13:24:24.35+00:00,0,47.05147491,8.32087049,25.200,144.350,0.970,0.000,7.000,True
2026-09-09 13:24:24.40+00:00,0,47.05147751,8.32087310,25.200,144.400,0.970,0.000,7.000,True
2026-09-09 13:24:24.45+00:00,0,47.05148010,8.32087572,25.200,144.450,0.970,0.000,7.000,True
2026-09-09 13:24:24.50+00:00,0,47.05148270,8.32087833,25.200,144.500,0.970,0.000,7.000,True
2026-09-09 13:24:24.55+00:00,0,47.05148530,8.32088094,25.200,144.550,0.970,0.000,7.000,True
2026-09-09 13:24:24.60+00:00,0,47.05148789,8.32088356,25.200,144.600,0.970,0.000,7.000,True
2026-09-09 13:24:24.65+00:00,0,47.05149049,8.32088617,25.200,144.650,0.970,0.000,7.000,True
2026-09-09 13:24:24.70+00:00,0,47.05149308,8.32088878,25.200,144.700,0.970,0.000,7.000,True
2026-09-09 13:24:24.75+00:00,0,47.05149568,8.32089140,25.200,144.750,0.970,0.000,7.000,True
2026-09-09 13:24:24.80+00:00,0,47.05149827,8.32089401,25.200,144.800,0.970,0.000,7.000,True
2026-09-09 13:24:24.85+00:00,0,47.05150087,8.32089662,25.200,144.850,0.970,0.000,7.000,True
2026-09-09 13:24:24.90+00:00,0,47.05150346,8.32089924,25.200,144.900,0.970,0.000,7.000,True
2026-09-09 13:24:24.95+00:00,0,47.05150606,8.32090185,25.200,144.950,0.970,0.000,7.000,True
2026-09-09 13:24:25.00+00:00,0,47.05150866,8.32090446,25.200,145.000,0.970,0.000,7.000,True
2026-09-09 13:24:25.05+00:00,0,47.05151125,8.32090708,25.200,145.050,0.970,0.000,7.000,True
2026-09-09 13:24:25.10+00:00,0,47.05151385,8.32090969,25.200,145.100,0.970,0.000,7.000,True
2026-09-09 13:24:25.15+00:00,0,47.05151644,8.32091231,25.200,145.150,0.970,0.000,7.000,True
2026-09-09 13:24:25.20+00:00,0,47.05151904,8.32091492,25.200,145.200,0.970,0.000,7.000,True
2026-09-09 13:24:25.25+00:00,0,47.05152163,8.32091753,25.200,145.250,0.970,0.000,7.000,True
2026-09-09 13:24:25.30+00:00,0,47.05152423,8.32092015,25.200,145.300,0.970,0.000,7.000,True
2026-09-09 13:24:25.35+00:00,0,47.05152682,8.32092276,25.200,145.350,0.970,0.000,7.000,True
2026-09-09 13:24:25.40+00:00,0,47.05152942,8.32092537,25.200,145.400,0.970,0.000,7.000,True
2026-09-09 13:24:25.45+00:00,0,47.05153202,8.32092799,25.200,145.450,0.970,0.000,7.000,True
2026-09-09 13:24:25.50+00:00,0,47.05153461,8.32093060,25.200,145.500,0.970,0.000,7.000,True
2026-09-09 13:24:25.55+00:00,0,47.05153721,8.32093321,25.200,145.550,0.970,0.000,7.000,True
2026-09-09 13:24:25.60+00:00,0,47.05153980,8.32093583,25.200,145.600,0.970,0.000,7.000,True
2026-09-09 13:24:25.65+00:00,0,47.05154240,8.32093844,25.200,145.650,0.970,0.000,7.000,True
2026-09-09 13:24:25.70+00:00,0,47.05154499,8.32094105,25.200,145.700,0.970,0.000,7.000,True
2026-09-09 13:24:25.75+00:00,0,47.05154759,8.32094367,25.200,145.750,0.970,0.000,7.000,True
2026-09-09 13:24:25.80+00:00,0,47.05155019,8.32094628,25.200,145.800,0.970,0.000,7.000,True
2026-09-09 13:24:25.85+00:00,0,47.05155278,8.32094889,25.200,145.850,0.970,0.000,7.000,True
2026-09-09 13:24:25.90+00:00,0,47.05155538,8.32095151,25.200,145.900,0.970,0.000,7.000,True
2026-09-09 13:24:25.95+00:00,0,47.05155797,8.32095412,25.200,145.950,0.970,0.000,7.000,True
2026-09-09 13:24:26.00+00:00,0,47.05156057,8.32095674,25.200,146.000,0.970,0.000,7.000,True
2026-09-09 13:24:26.05+00:00,0,47.05156316,8.32095935,25.200,146.050,0.970,0.000,7.000,True
2026-09-09 13:24:26.10+00:00,0,47.05156576,8.32096196,25.200,146.100,0.970,0.000,7.000,True
2026-09-09 13:24:26.15+00:00,0,47.05156835,8.32096458,25.200,146.150,0.970,0.000,7.000,True
2026-09-09 13:24:26.20+00:00,0,47.05157095,8.32096719,25.200,146.200,0.970,0.000,7.000,True
2026-09-09 13:24:26.25+00:00,0,47.05157355,8.32096980,25.200,146.250,0.970,0.000,7.000,True
2026-09-09 13:24:26.30+00:00,0,47.05157614,8.32097242,25.200,146.300,0.970,0.000,7.000,True
2026-09-09 13:24:26.35+00:00,0,47.05157874,8.32097503,25.200,146.350,0.970,0.000,7.000,True
2026-09-09 13:24:26.40+00:00,0,47.05158133,8.32097764,25.200,146.400,0.970,0.000,7.000,True
2026-09-09 13:24:26.45+00:00,0,47.05158393,8.32098026,25.200,146.450,0.970,0.000,7.000,True
2026-09-09 13:24:26.50+00:00,0,47.05158652,8.32098287,25.200,146.500,0.970,0.000,7.000,True
2026-09-09 13:24:26.55+00:00,0,47.05158912,8.32098548,25.200,146.550,0.970,0.000,7.000,True
2026-09-09 13:24:26.60+00:00,0,47.05159171,8.32098810,25.200,146.600,0.970,0.000,7.000,True
2026-09-09 13:24:26.65+00:00,0,47.05159431,8.32099071,25.200,146.650,0.970,0.000,7.000,True
2026-09-09 13:24:26.70+00:00,0,47.05159691,8.32099333,25.200,146.700,0.970,0.000,7.000,True
2026-09-09 13:24:26.75+00:00,0,47.05159950,8.32099594,25.200,146.750,0.970,0.000,7.000,True
2026-09-09 13:24:26.80+00:00,0,47.05160210,8.32099855,25.200,146.800,0.970,0.000,7.000,True
2026-09-09 13:24:26.85+00:00,0,47.05160469,8.32100117,25.200,146.850,0.970,0.000,7.000,True
2026-09-09 13:24:26.90+00:00,0,47.05160729,8.32100378,25.200,146.900,0.970,0.000,7.000,True
2026-09-09 13:24:26.95+00:00,0,47.05160988,8.32100639,25.200,146.950,0.970,0.000,7.000,True
2026-09-09 13:24:27.00+00:00,0,47.05161248,8.32100901,25.200,147.000,0.970,0.000,7.000,True
2026-09-09 13:24:27.05+00:00,0,47.05161508,8.32101162,25.200,147.050,0.970,0.000,7.000,True
2026-09-09 13:24:27.10+00:00,0,47.05161767,8.32101423,25.200,147.100,0.970,0.000,7.000,True
2026-09-09 13:24:27.15+00:00,0,47.05162027,8.32101685,25.200,147.150,0.970,0.000,7.000,True
2026-09-09 13:24:27.20+00:00,0,47.05162286,8.32101946,25.200,147.200,0.970,0.000,7.000,True
2026-09-09 13:24:27.25+00:00,0,47.05162546,8.32102207,25.200,147.250,0.970,0.000,7.000,True
2026-09-09 13:24:27.30+00:00,0,47.05162805,8.32102469,25.200,147.300,0.970,0.000,7.000,True
2026-09-09 13:24:27.35+00:00,0,47.05163065,8.32102730,25.200,147.350,0.970,0.000,7.000,True
2026-09-09 13:24:27.40+00:00,0,47.05163324,8.32102991,25.200,147.400,0.970,0.000,7.000,True
2026-09-09 13:24:27.45+00:00,0,47.05163584,8.32103253,25.200,147.450,0.970,0.000,7.000,True
2026-09-09 13:24:27.50+00:00,0,47.05163844,8.32103514,25.200,147.500,0.970,0.000,7.000,True
2026-09-09 13:24:27.55+00:00,0,47.05164103,8.32103776,25.200,147.550,0.970,0.000,7.000,True
2026-09-09 13:24:27.60+00:00,0,47.05164363,8.32104037,25.200,147.600,0.970,0.000,7.000,True
2026-09-09 13:24:27.65+00:00,0,47.05164622,8.32104298,25.200,147.650,0.970,0.000,7.000,True
2026-09-09 13:24:27.70+00:00,0,47.05164882,8.32104560,25.200,147.700,0.970,0.000,7.000,True
2026-09-09 13:24:27.75+00:00,0,47.05165141,8.32104821,25.200,147.750,0.970,0.000,7.000,True
2026-09-09 13:24:27.80+00:00,0,47.05165401,8.32105082,25.200,147.800,0.970,0.000,7.000,True
2026-09-09 13:24:27.85+00:00,0,47.05165660,8.32105344,25.200,147.850,0.970,0.000,7.000,True
2026-09-09 13:24:27.90+00:00,0,47.05165920,8.32105605,25.200,147.900,0.970,0.000,7.000,True
2026-09-09 13:24:27.95+00:00,0,47.05166180,8.32105866,25.200,147.950,0.970,0.000,7.000,True
2026-09-09 13:24:28.00+00:00,0,47.05166439,8.32106128,25.200,148.000,0.970,0.000,7.000,True
2026-09-09 13:24:28.05+00:00,0,47.05166699,8.32106389,25.200,148.050,0.970,0.000,7.000,True
2026-09-09 13:24:28.10+00:00,0,47.05166958,8.32106650,25.200,148.100,0.970,0.000,7.000,True
2026-09-09 13:24:28.15+00:00,0,47.05167218,8.32106912,25.200,148.150,0.970,0.000,7.000,True
2026-09-09 13:24:28.20+00:00,0,47.05167477,8.32107173,25.200,148.200,0.970,0.000,7.000,True
2026-09-09 13:24:28.25+00:00,0,47.05167737,8.32107434,25.200,148.250,0.970,0.000,7.000,True
2026-09-09 13:24:28.30+00:00,0,47.05167996,8.32107696,25.200,148.300,0.970,0.000,7.000,True
2026-09-09 13:24:28.35+00:00,0,47.05168256,8.32107957,25.200,148.350,0.970,0.000,7.000,True
2026-09-09 13:24:28.40+00:00,0,47.05168516,8.32108219,25.200,148.400,0.970,0.000,7.000,True
2026-09-09 13:24:28.45+00:00,0,47.05168775,8.32108480,25.200,148.450,0.970,0.000,7.000,True
2026-09-09 13:24:28.50+00:00,0,47.05169035,8.32108741,25.200,148.500,0.970,0.000,7.000,True
2026-09-09 13:24:28.55+00:00,0,47.05169294,8.32109003,25.200,148.550,0.970,0.000,7.000,True
2026-09-09 13:24:28.60+00:00,0,47.05169554,8.32109264,25.200,148.600,0.970,0.000,7.000,True
2026-09-09 13:24:28.65+00:00,0,47.05169813,8.32109525,25.200,148.650,0.970,0.000,7.000,True
2026-09-09 13:24:28.70+00:00,0,47.05170073,8.32109787,25.200,148.700,0.970,0.000,7.000,True
2026-09-09 13:24:28.75+00:00,0,47.05170333,8.32110048,25.200,148.750,0.970,0.000,7.000,True
2026-09-09 13:24:28.80+00:00,0,47.05170592,8.32110309,25.200,148.800,0.970,0.000,7.000,True
2026-09-09 13:24:28.85+00:00,0,47.05170852,8.32110571,25.200,148.850,0.970,0.000,7.000,True
2026-09-09 13:24:28.90+00:00,0,47.05171111,8.32110832,25.200,148.900,0.970,0.000,7.000,True
2026-09-09 13:24:28.95+00:00,0,47.05171371,8.32111093,25.200,148.950,0.970,0.000,7.000,True
2026-09-09 13:24:29.00+00:00,0,47.05171630,8.32111355,25.200,149.000,0.970,0.000,7.000,True
2026-09-09 13:24:29.05+00:00,0,47.05171890,8.32111616,25.200,149.050,0.970,0.000,7.000,True
2026-09-09 13:24:29.10+00:00,0,47.05172149,8.32111878,25.200,149.100,0.970,0.000,7.000,True
2026-09-09 13:24:29.15+00:00,0,47.05172409,8.32112139,25.200,149.150,0.970,0.000,7.000,True
2026-09-09 13:24:29.20+00:00,0,47.05172669,8.32112400,25.200,149.200,0.970,0.000,7.000,True
2026-09-09 13:24:29.25+00:00,0,47.05172928,8.32112662,25.200,149.250,0.970,0.000,7.000,True
2026-09-09 13:24:29.30+00:00,0,47.05173188,8.32112923,25.200,149.300,0.970,0.000,7.000,True
2026-09-09 13:24:29.35+00:00,0,47.05173447,8.32113184,25.200,149.350,0.970,0.000,7.000,True
2026-09-09 13:24:29.40+00:00,0,47.05173707,8.32113446,25.200,149.400,0.970,0.000,7.000,True
2026-09-09 13:24:29.45+00:00,0,47.05173966,8.32113707,25.200,149.450,0.970,0.000,7.000,True
2026-09-09 13:24:29.50+00:00,0,47.05174226,8.32113968,25.200,149.500,0.970,0.000,7.000,True
2026-09-09 13:24:29.55+00:00,0,47.05174485,8.32114230,25.200,149.550,0.970,0.000,7.000,True
2026-09-09 13:24:29.60+00:00,0,47.05174745,8.32114491,25.200,149.600,0.970,0.000,7.000,True
2026-09-09 13:24:29.65+00:00,0,47.05175005,8.32114752,25.200,149.650,0.970,0.000,7.000,True
2026-09-09 13:24:29.70+00:00,0,47.05175264,8.32115014,25.200,149.700,0.970,0.000,7.000,True
2026-09-09 13:24:29.75+00:00,0,47.05175524,8.32115275,25.200,149.750,0.970,0.000,7.000,True
2026-09-09 13:24:29.80+00:00,0,47.05175783,8.32115537,25.200,149.800,0.970,0.000,7.000,True
2026-09-09 13:24:29.85+00:00,0,47.05176043,8.32115798,25.200,149.850,0.970,0.000,7.000,True
2026-09-09 13:24:29.90+00:00,0,47.05176302,8.32116059,25.200,149.900,0.970,0.000,7.000,True
2026-09-09 13:24:29.95+00:00,0,47.05176562,8.32116321,25.200,149.950,0.970,0.000,7.000,True
2026-09-09 13:24:30.00+00:00,0,47.05176821,8.32116582,25.200,150.000,0.970,0.000,7.000,True
2026-09-09 13:24:30.05+00:00,0,47.05177081,8.32116843,25.200,150.050,0.970,0.000,7.000,True
2026-09-09 13:24:30.10+00:00,0,47.05177341,8.32117105,25.200,150.100,0.970,0.000,7.000,True
2026-09-09 13:24:30.15+00:00,0,47.05177600,8.32117366,25.200,150.150,0.970,0.000,7.000,True
2026-09-09 13:24:30.20+00:00,0,47.05177860,8.32117627,25.200,150.200,0.970,0.000,7.000,True
2026-09-09 13:24:30.25+00:00,0,47.05178119,8.32117889,25.200,150.250,0.970,0.000,7.000,True
2026-09-09 13:24:30.30+00:00,0,47.05178379,8.32118150,25.200,150.300,0.970,0.000,7.000,True
2026-09-09 13:24:30.35+00:00,0,47.05178638,8.32118411,25.200,150.350,0.970,0.000,7.000,True
2026-09-09 13:24:30.40+00:00,0,47.05178898,8.32118673,25.200,150.400,0.970,0.000,7.000,True
2026-09-09 13:24:30.45+00:00,0,47.05179158,8.32118934,25.560,150.450,0.970,0.000,7.100,True
2026-09-09 13:24:30.50+00:00,0,47.05179421,8.32119199,25.560,150.500,0.970,0.000,7.100,True
2026-09-09 13:24:30.55+00:00,0,47.05179684,8.32119464,25.560,150.550,0.970,0.000,7.100,True
2026-09-09 13:24:30.60+00:00,0,47.05179947,8.32119729,25.560,150.600,0.970,0.000,7.100,True
2026-09-09 13:24:30.65+00:00,0,47.05180211,8.32119994,25.560,150.650,0.970,0.000,7.100,True
2026-09-09 13:24:30.70+00:00,0,47.05180474,8.32120260,25.920,150.700,0.970,0.000,7.200,True
2026-09-09 13:24:30.75+00:00,0,47.05180741,8.32120528,25.920,150.750,0.970,0.000,7.200,True
2026-09-09 13:24:30.80+00:00,0,47.05181008,8.32120797,25.920,150.800,0.970,0.000,7.200,True
2026-09-09 13:24:30.85+00:00,0,47.05181275,8.32121066,25.920,150.850,0.970,0.000,7.200,True
2026-09-09 13:24:30.90+00:00,0,47.05181542,8.32121335,25.920,150.900,0.970,0.000,7.200,True
2026-09-09 13:24:30.95+00:00,0,47.05181809,8.32121604,25.920,150.950,0.970,0.000,7.200,True
2026-09-09 13:24:31.00+00:00,0,47.05182076,8.32121873,25.560,151.000,0.970,0.000,7.100,True
2026-09-09 13:24:31.05+00:00,0,47.05182339,8.32122138,25.560,151.050,0.970,0.000,7.100,True
2026-09-09 13:24:31.10+00:00,0,47.05182602,8.32122403,25.560,151.100,0.970,0.000,7.100,True
2026-09-09 13:24:31.15+00:00,0,47.05182866,8.32122668,25.560,151.150,0.970,0.000,7.100,True
2026-09-09 13:24:31.20+00:00,0,47.05183129,8.32122933,25.200,151.200,0.970,0.000,7.000,True
2026-09-09 13:24:31.25+00:00,0,47.05183388,8.32123194,25.200,151.250,0.970,0.000,7.000,True
2026-09-09 13:24:31.30+00:00,0,47.05183648,8.32123456,25.200,151.300,0.970,0.000,7.000,True
2026-09-09 13:24:31.35+00:00,0,47.05183907,8.32123717,25.200,151.350,0.970,0.000,7.000,True
2026-09-09 13:24:31.40+00:00,0,47.05184167,8.32123978,24.840,151.400,0.970,0.000,6.900,True
2026-09-09 13:24:31.45+00:00,0,47.05184423,8.32124236,24.840,151.450,0.970,0.000,6.900,True
2026-09-09 13:24:31.50+00:00,0,47.05184679,8.32124494,24.480,151.500,0.970,0.000,6.800,True
2026-09-09 13:24:31.55+00:00,0,47.05184931,8.32124747,24.480,151.550,0.970,0.000,6.800,True
2026-09-09 13:24:31.60+00:00,0,47.05185183,8.32125001,24.480,151.600,0.970,0.000,6.800,True
2026-09-09 13:24:31.65+00:00,0,47.05185435,8.32125255,24.480,151.650,0.970,0.000,6.800,True
2026-09-09 13:24:31.70+00:00,0,47.05185687,8.32125509,24.480,151.700,0.970,0.000,6.800,True
2026-09-09 13:24:31.75+00:00,0,47.05185939,8.32125763,24.120,151.750,0.970,0.000,6.700,True
2026-09-09 13:24:31.80+00:00,0,47.05186188,8.32126013,24.120,151.800,0.970,0.000,6.700,True
2026-09-09 13:24:31.85+00:00,0,47.05186436,8.32126263,24.120,151.850,0.970,0.000,6.700,True
2026-09-09 13:24:31.90+00:00,0,47.05186685,8.32126513,23.760,151.900,0.970,0.000,6.600,True
2026-09-09 13:24:31.95+00:00,0,47.05186929,8.32126760,23.760,151.950,0.970,0.000,6.600,True
2026-09-09 13:24:32.00+00:00,0,47.05187174,8.32127006,23.760,152.000,0.970,0.000,6.600,True
2026-09-09 13:24:32.05+00:00,0,47.05187419,8.32127253,23.760,152.050,0.970,0.000,6.600,True
2026-09-09 13:24:32.10+00:00,0,47.05187664,8.32127499,23.760,152.100,0.970,0.000,6.600,True
2026-09-09 13:24:32.15+00:00,0,47.05187908,8.32127746,23.760,152.150,0.970,0.000,6.600,True
2026-09-09 13:24:32.20+00:00,0,47.05188153,8.32127992,23.760,152.200,0.970,0.000,6.600,True
2026-09-09 13:24:32.25+00:00,0,47.05188398,8.32128238,23.760,152.250,0.970,0.017,6.600,True
2026-09-09 13:24:32.30+00:00,0,47.05188643,8.32128485,23.760,152.300,0.970,0.017,6.600,True
2026-09-09 13:24:32.35+00:00,0,47.05188887,8.32128731,23.760,152.350,0.971,0.035,6.600,True
2026-09-09 13:24:32.40+00:00,0,47.05189132,8.32128977,23.760,152.400,0.973,0.035,6.600,True
2026-09-09 13:24:32.45+00:00,0,47.05189378,8.32129222,23.760,152.450,0.975,0.035,6.600,True
2026-09-09 13:24:32.50+00:00,0,47.05189623,8.32129466,23.760,152.500,0.977,0.035,6.600,True
2026-09-09 13:24:32.55+00:00,0,47.05189869,8.32129710,23.760,152.550,0.978,0.035,6.600,True
2026-09-09 13:24:32.60+00:00,0,47.05190115,8.32129954,23.760,152.600,0.980,0.035,6.600,True
2026-09-09 13:24:32.65+00:00,0,47.05190362,8.32130196,23.760,152.650,0.982,0.035,6.600,True
2026-09-09 13:24:32.70+00:00,0,47.05190609,8.32130438,23.760,152.700,0.983,0.035,6.600,True
2026-09-09 13:24:32.75+00:00,0,47.05190856,8.32130680,23.760,152.750,0.985,0.035,6.600,True
2026-09-09 13:24:32.80+00:00,0,47.05191103,8.32130920,23.760,152.800,0.987,0.035,6.600,True
2026-09-09 13:24:32.85+00:00,0,47.05191351,8.32131161,23.760,152.850,0.989,0.035,6.600,True
2026-09-09 13:24:32.90+00:00,0,47.05191599,8.32131400,23.760,152.900,0.990,0.035,6.600,True
2026-09-09 13:24:32.95+00:00,0,47.05191847,8.32131639,23.760,152.950,0.992,0.035,6.600,True
2026-09-09 13:24:33.00+00:00,0,47.05192095,8.32131877,23.760,153.000,0.994,0.035,6.600,True
2026-09-09 13:24:33.05+00:00,0,47.05192344,8.32132115,23.760,153.050,0.996,0.035,6.600,True
2026-09-09 13:24:33.10+00:00,0,47.05192593,8.32132352,23.760,153.100,0.997,0.035,6.600,True
2026-09-09 13:24:33.15+00:00,0,47.05192842,8.32132588,23.760,153.150,0.999,0.035,6.600,True
2026-09-09 13:24:33.20+00:00,0,47.05193092,8.32132824,23.760,153.200,1.001,0.035,6.600,True
2026-09-09 13:24:33.25+00:00,0,47.05193342,8.32133059,23.760,153.250,1.003,0.035,6.600,True
2026-09-09 13:24:33.30+00:00,0,47.05193592,8.32133293,23.760,153.300,1.004,0.035,6.600,True
2026-09-09 13:24:33.35+00:00,0,47.05193842,8.32133527,23.760,153.350,1.006,0.035,6.600,True
2026-09-09 13:24:33.40+00:00,0,47.05194093,8.32133760,23.760,153.400,1.008,0.035,6.600,True
2026-09-09 13:24:33.45+00:00,0,47.05194344,8.32133992,23.760,153.450,1.010,0.035,6.600,True
2026-09-09 13:24:33.50+00:00,0,47.05194595,8.32134224,23.760,153.500,1.011,0.035,6.600,True
2026-09-09 13:24:33.55+00:00,0,47.05194847,8.32134455,23.760,153.550,1.013,0.052,6.600,True
2026-09-09 13:24:33.60+00:00,0,47.05195099,8.32134686,23.760,153.600,1.016,0.052,6.600,True
2026-09-09 13:24:33.65+00:00,0,47.05195351,8.32134915,23.760,153.650,1.018,0.052,6.600,True
2026-09-09 13:24:33.70+00:00,0,47.05195604,8.32135144,23.760,153.700,1.021,0.052,6.600,True
2026-09-09 13:24:33.75+00:00,0,47.05195857,8.32135371,23.760,153.750,1.024,0.087,6.600,True
2026-09-09 13:24:33.80+00:00,0,47.05196110,8.32135598,23.760,153.800,1.028,0.122,6.600,True
2026-09-09 13:24:33.85+00:00,0,47.05196364,8.32135823,23.760,153.850,1.034,0.122,6.600,True
2026-09-09 13:24:33.90+00:00,0,47.05196619,8.32136046,23.760,153.900,1.040,0.122,6.600,True
2026-09-09 13:24:33.95+00:00,0,47.05196875,8.32136266,23.760,153.950,1.046,0.122,6.600,True
2026-09-09 13:24:34.00+00:00,0,47.05197132,8.32136484,23.760,154.000,1.052,0.122,6.600,True
2026-09-09 13:24:34.05+00:00,0,47.05197390,8.32136700,23.760,154.050,1.059,0.122,6.600,True
2026-09-09 13:24:34.10+00:00,0,47.05197649,8.32136914,23.760,154.100,1.065,0.122,6.600,True
2026-09-09 13:24:34.15+00:00,0,47.05197908,8.32137125,23.760,154.150,1.071,0.122,6.600,True
2026-09-09 13:24:34.20+00:00,0,47.05198169,8.32137334,23.760,154.200,1.077,0.140,6.600,True
2026-09-09 13:24:34.25+00:00,0,47.05198430,8.32137540,23.760,154.250,1.084,0.140,6.600,True
2026-09-09 13:24:34.30+00:00,0,47.05198692,8.32137744,23.760,154.300,1.091,0.140,6.600,True
2026-09-09 13:24:34.35+00:00,0,47.05198955,8.32137945,23.760,154.350,1.098,0.140,6.600,True
2026-09-09 13:24:34.40+00:00,0,47.05199220,8.32138144,23.760,154.400,1.105,0.140,6.600,True
2026-09-09 13:24:34.45+00:00,0,47.05199485,8.32138339,23.760,154.450,1.112,0.140,6.600,True
2026-09-09 13:24:34.50+00:00,0,47.05199751,8.32138533,23.760,154.500,1.119,0.140,6.600,True
2026-09-09 13:24:34.55+00:00,0,47.05200018,8.32138723,23.760,154.550,1.126,0.140,6.600,True
2026-09-09 13:24:34.60+00:00,0,47.05200286,8.32138910,23.760,154.600,1.133,0.140,6.600,True
2026-09-09 13:24:34.65+00:00,0,47.05200554,8.32139095,23.760,154.650,1.140,0.140,6.600,True
2026-09-09 13:24:34.70+00:00,0,47.05200824,8.32139277,23.760,154.700,1.147,0.140,6.600,True
2026-09-09 13:24:34.75+00:00,0,47.05201095,8.32139456,23.760,154.750,1.154,0.140,6.600,True
2026-09-09 13:24:34.80+00:00,0,47.05201366,8.32139633,23.760,154.800,1.161,0.140,6.600,True
2026-09-09 13:24:34.85+00:00,0,47.05201638,8.32139807,23.760,154.850,1.168,0.140,6.600,True
2026-09-09 13:24:34.90+00:00,0,47.05201911,8.32139978,23.760,154.900,1.175,0.140,6.600,True
2026-09-09 13:24:34.95+00:00,0,47.05202185,8.32140146,23.760,154.950,1.182,0.140,6.600,True
2026-09-09 13:24:35.00+00:00,0,47.05202459,8.32140311,23.760,155.000,1.189,0.140,6.600,True
2026-09-09 13:24:35.05+00:00,0,47.05202735,8.32140473,23.760,155.050,1.196,0.140,6.600,True
2026-09-09 13:24:35.10+00:00,0,47.05203011,8.32140633,23.760,155.100,1.203,0.140,6.600,True
2026-09-09 13:24:35.15+00:00,0,47.05203288,8.32140790,23.760,155.150,1.210,0.140,6.600,True
2026-09-09 13:24:35.20+00:00,0,47.05203565,8.32140944,23.760,155.200,1.216,0.140,6.600,True
2026-09-09 13:24:35.25+00:00,0,47.05203844,8.32141095,23.760,155.250,1.223,0.140,6.600,True
2026-09-09 13:24:35.30+00:00,0,47.05204123,8.32141243,23.760,155.300,1.230,0.140,6.600,True
2026-09-09 13:24:35.35+00:00,0,47.05204402,8.32141389,23.760,155.350,1.237,0.140,6.600,True
2026-09-09 13:24:35.40+00:00,0,47.05204683,8.32141531,23.760,155.400,1.244,0.140,6.600,True
2026-09-09 13:24:35.45+00:00,0,47.05204964,8.32141671,23.760,155.450,1.251,0.140,6.600,True
2026-09-09 13:24:35.50+00:00,0,47.05205246,8.32141808,23.760,155.500,1.258,0.140,6.600,True
2026-09-09 13:24:35.55+00:00,0,47.05205528,8.32141942,23.760,155.550,1.265,0.140,6.600,True
2026-09-09 13:24:35.60+00:00,0,47.05205811,8.32142073,23.760,155.600,1.272,0.140,6.600,True
2026-09-09 13:24:35.65+00:00,0,47.05206095,8.32142201,23.760,155.650,1.279,0.140,6.600,True
2026-09-09 13:24:35.70+00:00,0,47.05206379,8.32142326,23.760,155.700,1.286,0.140,6.600,True
2026-09-09 13:24:35.75+00:00,0,47.05206664,8.32142448,23.760,155.750,1.293,0.140,6.600,True
2026-09-09 13:24:35.80+00:00,0,47.05206949,8.32142568,23.760,155.800,1.300,0.140,6.600,True
2026-09-09 13:24:35.85+00:00,0,47.05207235,8.32142684,23.760,155.850,1.307,0.140,6.600,True
2026-09-09 13:24:35.90+00:00,0,47.05207522,8.32142798,23.760,155.900,1.314,0.140,6.600,True
2026-09-09 13:24:35.95+00:00,0,47.05207809,8.32142908,23.760,155.950,1.321,0.140,6.600,True
2026-09-09 13:24:36.00+00:00,0,47.05208097,8.32143016,23.760,156.000,1.328,0.140,6.600,True
2026-09-09 13:24:36.05+00:00,0,47.05208385,8.32143120,23.760,156.050,1.335,0.140,6.600,True
2026-09-09 13:24:36.10+00:00,0,47.05208673,8.32143222,23.760,156.100,1.342,0.140,6.600,True
2026-09-09 13:24:36.15+00:00,0,47.05208962,8.32143321,23.760,156.150,1.349,0.140,6.600,True
2026-09-09 13:24:36.20+00:00,0,47.05209252,8.32143417,23.760,156.200,1.356,0.140,6.600,True
2026-09-09 13:24:36.25+00:00,0,47.05209542,8.32143509,23.760,156.250,1.363,0.140,6.600,True
2026-09-09 13:24:36.30+00:00,0,47.05209832,8.32143599,23.760,156.300,1.370,0.140,6.600,True
2026-09-09 13:24:36.35+00:00,0,47.05210123,8.32143686,23.760,156.350,1.377,0.140,6.600,True
2026-09-09 13:24:36.40+00:00,0,47.05210414,8.32143770,23.760,156.400,1.384,0.140,6.600,True
2026-09-09 13:24:36.45+00:00,0,47.05210706,8.32143851,23.760,156.450,1.391,0.140,6.600,True
2026-09-09 13:24:36.50+00:00,0,47.05210998,8.32143929,23.760,156.500,1.398,0.140,6.600,True
2026-09-09 13:24:36.55+00:00,0,47.05211290,8.32144004,23.760,156.550,1.405,0.140,6.600,True
2026-09-09 13:24:36.60+00:00,0,47.05211583,8.32144076,23.760,156.600,1.412,0.140,6.600,True
2026-09-09 13:24:36.65+00:00,0,47.05211876,8.32144145,23.760,156.650,1.419,0.140,6.600,True
2026-09-09 13:24:36.70+00:00,0,47.05212169,8.32144211,23.760,156.700,1.426,0.140,6.600,True
2026-09-09 13:24:36.75+00:00,0,47.05212463,8.32144273,23.760,156.750,1.433,0.140,6.600,True
2026-09-09 13:24:36.80+00:00,0,47.05212757,8.32144333,23.760,156.800,1.440,0.140,6.600,True
2026-09-09 13:24:36.85+00:00,0,47.05213051,8.32144390,23.760,156.850,1.447,0.140,6.600,True
2026-09-09 13:24:36.90+00:00,0,47.05213346,8.32144444,23.760,156.900,1.454,0.140,6.600,True
2026-09-09 13:24:36.95+00:00,0,47.05213640,8.32144495,23.760,156.950,1.461,0.140,6.600,True
2026-09-09 13:24:37.00+00:00,0,47.05213935,8.32144543,23.760,157.000,1.468,0.140,6.600,True
2026-09-09 13:24:37.05+00:00,0,47.05214231,8.32144588,23.760,157.050,1.475,0.140,6.600,True
2026-09-09 13:24:37.10+00:00,0,47.05214526,8.32144629,23.760,157.100,1.482,0.140,6.600,True
2026-09-09 13:24:37.15+00:00,0,47.05214822,8.32144668,23.760,157.150,1.489,0.140,6.600,True
2026-09-09 13:24:37.20+00:00,0,47.05215117,8.32144704,23.760,157.200,1.496,0.140,6.600,True
2026-09-09 13:24:37.25+00:00,0,47.05215413,8.32144736,23.760,157.250,1.503,0.140,6.600,True
2026-09-09 13:24:37.30+00:00,0,47.05215709,8.32144766,23.760,157.300,1.510,0.140,6.600,True
2026-09-09 13:24:37.35+00:00,0,47.05216006,8.32144793,23.760,157.350,1.517,0.140,6.600,True
2026-09-09 13:24:37.40+00:00,0,47.05216302,8.32144816,23.760,157.400,1.524,0.140,6.600,True
2026-09-09 13:24:37.45+00:00,0,47.05216598,8.32144837,23.760,157.450,1.531,0.140,6.600,True
2026-09-09 13:24:37.50+00:00,0,47.05216895,8.32144854,23.760,157.500,1.538,0.140,6.600,True
2026-09-09 13:24:37.55+00:00,0,47.05217192,8.32144869,23.760,157.550,1.545,0.140,6.600,True
2026-09-09 13:24:37.60+00:00,0,47.05217488,8.32144880,23.760,157.600,1.552,0.140,6.600,True
2026-09-09 13:24:37.65+00:00,0,47.05217785,8.32144889,23.760,157.650,1.559,0.140,6.600,True
2026-09-09 13:24:37.70+00:00,0,47.05218082,8.32144894,23.760,157.700,1.566,0.140,6.600,True
2026-09-09 13:24:37.75+00:00,0,47.05218378,8.32144896,23.760,157.750,1.573,0.140,6.600,True
2026-09-09 13:24:37.80+00:00,0,47.05218675,8.32144896,23.760,157.800,1.580,0.140,6.600,True
2026-09-09 13:24:37.85+00:00,0,47.05218972,8.32144892,23.760,157.850,1.587,0.140,6.600,True
2026-09-09 13:24:37.90+00:00,0,47.05219269,8.32144885,23.760,157.900,1.593,0.140,6.600,True
2026-09-09 13:24:37.95+00:00,0,47.05219565,8.32144875,23.760,157.950,1.600,0.140,6.600,True
2026-09-09 13:24:38.00+00:00,0,47.05219862,8.32144862,23.760,158.000,1.607,0.140,6.600,True
2026-09-09 13:24:38.05+00:00,0,47.05220159,8.32144846,23.760,158.050,1.614,0.140,6.600,True
2026-09-09 13:24:38.10+00:00,0,47.05220455,8.32144827,23.760,158.100,1.621,0.140,6.600,True
2026-09-09 13:24:38.15+00:00,0,47.05220752,8.32144805,23.760,158.150,1.628,0.140,6.600,True
2026-09-09 13:24:38.20+00:00,0,47.05221048,8.32144780,23.760,158.200,1.635,0.140,6.600,True
2026-09-09 13:24:38.25+00:00,0,47.05221344,8.32144752,23.760,158.250,1.642,0.140,6.600,True
2026-09-09 13:24:38.30+00:00,0,47.05221640,8.32144721,23.760,158.300,1.649,0.140,6.600,True
2026-09-09 13:24:38.35+00:00,0,47.05221936,8.32144687,23.760,158.350,1.656,0.140,6.600,True
2026-09-09 13:24:38.40+00:00,0,47.05222232,8.32144650,23.760,158.400,1.663,0.140,6.600,True
2026-09-09 13:24:38.45+00:00,0,47.05222527,8.32144610,23.760,158.450,1.670,0.140,6.600,True
2026-09-09 13:24:38.50+00:00,0,47.05222822,8.32144566,23.760,158.500,1.677,0.140,6.600,True
2026-09-09 13:24:38.55+00:00,0,47.05223118,8.32144520,23.760,158.550,1.684,0.140,6.600,True
2026-09-09 13:24:38.60+00:00,0,47.05223412,8.32144471,23.760,158.600,1.691,0.140,6.600,True
2026-09-09 13:24:38.65+00:00,0,47.05223707,8.32144418,23.760,158.650,1.698,0.140,6.600,True
2026-09-09 13:24:38.70+00:00,0,47.05224001,8.32144363,23.760,158.700,1.705,0.140,6.600,True
2026-09-09 13:24:38.75+00:00,0,47.05224295,8.32144305,23.760,158.750,1.712,0.140,6.600,True
2026-09-09 13:24:38.80+00:00,0,47.05224589,8.32144243,23.760,158.800,1.719,0.140,6.600,True
2026-09-09 13:24:38.85+00:00,0,47.05224883,8.32144179,23.760,158.850,1.726,0.140,6.600,True
2026-09-09 13:24:38.90+00:00,0,47.05225176,8.32144112,23.760,158.900,1.733,0.140,6.600,True
2026-09-09 13:24:38.95+00:00,0,47.05225469,8.32144041,23.760,158.950,1.740,0.140,6.600,True
2026-09-09 13:24:39.00+00:00,0,47.05225761,8.32143968,23.760,159.000,1.747,0.140,6.600,True
2026-09-09 13:24:39.05+00:00,0,47.05226054,8.32143892,23.760,159.050,1.754,0.140,6.600,True
2026-09-09 13:24:39.10+00:00,0,47.05226345,8.32143812,23.760,159.100,1.761,0.140,6.600,True
2026-09-09 13:24:39.15+00:00,0,47.05226637,8.32143730,23.760,159.150,1.768,0.140,6.600,True
2026-09-09 13:24:39.20+00:00,0,47.05226928,8.32143645,23.760,159.200,1.775,0.140,6.600,True
2026-09-09 13:24:39.25+00:00,0,47.05227218,8.32143556,23.760,159.250,1.782,0.140,6.600,True
2026-09-09 13:24:39.30+00:00,0,47.05227509,8.32143465,23.760,159.300,1.789,0.140,6.600,True
2026-09-09 13:24:39.35+00:00,0,47.05227798,8.32143371,23.760,159.350,1.796,0.140,6.600,True
2026-09-09 13:24:39.40+00:00,0,47.05228088,8.32143274,23.760,159.400,1.803,0.140,6.600,True
2026-09-09 13:24:39.45+00:00,0,47.05228376,8.32143173,23.760,159.450,1.810,0.140,6.600,True
2026-09-09 13:24:39.50+00:00,0,47.05228665,8.32143070,23.760,159.500,1.817,0.140,6.600,True
2026-09-09 13:24:39.55+00:00,0,47.05228953,8.32142964,23.760,159.550,1.824,0.140,6.600,True
2026-09-09 13:24:39.60+00:00,0,47.05229240,8.32142855,23.760,159.600,1.831,0.140,6.600,True
2026-09-09 13:24:39.65+00:00,0,47.05229527,8.32142743,23.760,159.650,1.838,0.140,6.600,True
2026-09-09 13:24:39.70+00:00,0,47.05229813,8.32142628,23.760,159.700,1.845,0.140,6.600,True
2026-09-09 13:24:39.75+00:00,0,47.05230099,8.32142510,24.120,159.750,1.852,0.140,6.700,True
2026-09-09 13:24:39.80+00:00,0,47.05230388,8.32142388,24.120,159.800,1.859,0.140,6.700,True
2026-09-09 13:24:39.85+00:00,0,47.05230677,8.32142262,24.120,159.850,1.866,0.140,6.700,True
2026-09-09 13:24:39.90+00:00,0,47.05230965,8.32142134,24.840,159.900,1.873,0.140,6.900,True
2026-09-09 13:24:39.95+00:00,0,47.05231262,8.32141998,25.560,159.950,1.880,0.140,7.100,True
2026-09-09 13:24:40.00+00:00,0,47.05231566,8.32141856,25.920,160.000,1.887,0.140,7.200,True
2026-09-09 13:24:40.05+00:00,0,47.05231873,8.32141708,25.920,160.050,1.894,0.140,7.200,True
2026-09-09 13:24:40.10+00:00,0,47.05232180,8.32141557,25.920,160.100,1.901,0.140,7.200,True
2026-09-09 13:24:40.15+00:00,0,47.05232487,8.32141404,25.920,160.150,1.908,0.140,7.200,True
2026-09-09 13:24:40.20+00:00,0,47.05232792,8.32141247,25.920,160.200,1.915,0.140,7.200,True
2026-09-09 13:24:40.25+00:00,0,47.05233097,8.32141086,25.920,160.250,1.922,0.140,7.200,True
2026-09-09 13:24:40.30+00:00,0,47.05233401,8.32140923,25.920,160.300,1.929,0.140,7.200,True
2026-09-09 13:24:40.35+00:00,0,47.05233704,8.32140757,25.920,160.350,1.936,0.140,7.200,True
2026-09-09 13:24:40.40+00:00,0,47.05234007,8.32140587,25.920,160.400,1.943,0.140,7.200,True
2026-09-09 13:24:40.45+00:00,0,47.05234308,8.32140415,25.920,160.450,1.950,0.140,7.200,True
2026-09-09 13:24:40.50+00:00,0,47.05234609,8.32140239,25.920,160.500,1.957,0.140,7.200,True
2026-09-09 13:24:40.55+00:00,0,47.05234909,8.32140060,25.920,160.550,1.963,0.140,7.200,True
2026-09-09 13:24:40.60+00:00,0,47.05235208,8.32139878,25.920,160.600,1.970,0.140,7.200,True
2026-09-09 13:24:40.65+00:00,0,47.05235507,8.32139694,25.920,160.650,1.977,0.140,7.200,True
2026-09-09 13:24:40.70+00:00,0,47.05235804,8.32139506,25.920,160.700,1.984,0.140,7.200,True
2026-09-09 13:24:40.75+00:00,0,47.05236100,8.32139315,25.920,160.750,1.991,0.140,7.200,True
2026-09-09 13:24:40.80+00:00,0,47.05236396,8.32139121,25.920,160.800,1.998,0.140,7.200,True
2026-09-09 13:24:40.85+00:00,0,47.05236691,8.32138924,25.920,160.850,2.005,0.140,7.200,True
2026-09-09 13:24:40.90+00:00,0,47.05236984,8.32138724,25.920,160.900,2.012,0.140,7.200,True
2026-09-09 13:24:40.95+00:00,0,47.05237277,8.32138521,25.920,160.950,2.019,0.122,7.200,True
2026-09-09 13:24:41.00+00:00,0,47.05237569,8.32138315,25.920,161.000,2.025,0.122,7.200,True
2026-09-09 13:24:41.05+00:00,0,47.05237860,8.32138106,25.920,161.050,2.032,0.105,7.200,True
2026-09-09 13:24:41.10+00:00,0,47.05238150,8.32137895,25.920,161.100,2.037,0.105,7.200,True
2026-09-09 13:24:41.15+00:00,0,47.05238439,8.32137681,25.920,161.150,2.042,0.087,7.200,True
2026-09-09 13:24:41.20+00:00,0,47.05238727,8.32137465,25.920,161.200,2.046,0.070,7.200,True
2026-09-09 13:24:41.25+00:00,0,47.05239015,8.32137248,25.920,161.250,2.050,0.052,7.200,True
2026-09-09 13:24:41.30+00:00,0,47.05239302,8.32137029,25.920,161.300,2.053,0.052,7.200,True
2026-09-09 13:24:41.35+00:00,0,47.05239589,8.32136809,25.920,161.350,2.055,0.035,7.200,True
2026-09-09 13:24:41.40+00:00,0,47.05239876,8.32136588,25.920,161.400,2.057,0.035,7.200,True
2026-09-09 13:24:41.45+00:00,0,47.05240162,8.32136366,25.920,161.450,2.059,0.035,7.200,True
2026-09-09 13:24:41.50+00:00,0,47.05240448,8.32136143,25.920,161.500,2.060,0.035,7.200,True
2026-09-09 13:24:41.55+00:00,0,47.05240734,8.32135919,25.920,161.550,2.062,0.035,7.200,True
2026-09-09 13:24:41.60+00:00,0,47.05241019,8.32135695,25.920,161.600,2.064,0.035,7.200,True
2026-09-09 13:24:41.65+00:00,0,47.05241304,8.32135470,25.920,161.650,2.066,0.035,7.200,True
2026-09-09 13:24:41.70+00:00,0,47.05241589,8.32135245,25.920,161.700,2.067,0.035,7.200,True
2026-09-09 13:24:41.75+00:00,0,47.05241874,8.32135018,25.920,161.750,2.069,0.035,7.200,True
2026-09-09 13:24:41.80+00:00,0,47.05242158,8.32134791,25.920,161.800,2.071,0.035,7.200,True
2026-09-09 13:24:41.85+00:00,0,47.05242442,8.32134564,25.920,161.850,2.073,0.035,7.200,True
2026-09-09 13:24:41.90+00:00,0,47.05242726,8.32134335,25.920,161.900,2.074,0.035,7.200,True
2026-09-09 13:24:41.95+00:00,0,47.05243010,8.32134106,25.920,161.950,2.076,0.035,7.200,True
2026-09-09 13:24:42.00+00:00,0,47.05243293,8.32133876,25.920,162.000,2.078,0.035,7.200,True
2026-09-09 13:24:42.05+00:00,0,47.05243576,8.32133645,25.920,162.050,2.080,0.035,7.200,True
2026-09-09 13:24:42.10+00:00,0,47.05243859,8.32133414,25.920,162.100,2.081,0.035,7.200,True
2026-09-09 13:24:42.15+00:00,0,47.05244141,8.32133181,25.920,162.150,2.083,0.035,7.200,True
2026-09-09 13:24:42.20+00:00,0,47.05244424,8.32132949,25.920,162.200,2.085,0.035,7.200,True
2026-09-09 13:24:42.25+00:00,0,47.05244706,8.32132715,25.920,162.250,2.087,0.035,7.200,True
2026-09-09 13:24:42.30+00:00,0,47.05244987,8.32132481,25.920,162.300,2.088,0.035,7.200,True
2026-09-09 13:24:42.35+00:00,0,47.05245269,8.32132246,25.920,162.350,2.090,0.035,7.200,True
2026-09-09 13:24:42.40+00:00,0,47.05245550,8.32132010,25.920,162.400,2.092,0.035,7.200,True
2026-09-09 13:24:42.45+00:00,0,47.05245830,8.32131773,25.920,162.450,2.094,0.035,7.200,True
2026-09-09 13:24:42.50+00:00,0,47.05246111,8.32131536,25.920,162.500,2.095,0.035,7.200,True
2026-09-09 13:24:42.55+00:00,0,47.05246391,8.32131298,25.920,162.550,2.097,0.035,7.200,True
2026-09-09 13:24:42.60+00:00,0,47.05246671,8.32131060,25.920,162.600,2.099,0.035,7.200,True
2026-09-09 13:24:42.65+00:00,0,47.05246951,8.32130820,25.920,162.650,2.101,0.035,7.200,True
2026-09-09 13:24:42.70+00:00,0,47.05247230,8.32130580,25.920,162.700,2.102,0.035,7.200,True
2026-09-09 13:24:42.75+00:00,0,47.05247509,8.32130339,25.920,162.750,2.104,0.035,7.200,True
2026-09-09 13:24:42.80+00:00,0,47.05247788,8.32130098,25.920,162.800,2.106,0.035,7.200,True
2026-09-09 13:24:42.85+00:00,0,47.05248067,8.32129856,25.920,162.850,2.107,0.035,7.200,True
2026-09-09 13:24:42.90+00:00,0,47.05248345,8.32129613,25.920,162.900,2.109,0.035,7.200,True
2026-09-09 13:24:42.95+00:00,0,47.05248623,8.32129369,25.920,162.950,2.111,0.035,7.200,True
2026-09-09 13:24:43.00+00:00,0,47.05248901,8.32129125,25.920,163.000,2.113,0.035,7.200,True
2026-09-09 13:24:43.05+00:00,0,47.05249178,8.32128880,25.920,163.050,2.114,0.035,7.200,True
2026-09-09 13:24:43.10+00:00,0,47.05249455,8.32128634,25.920,163.100,2.116,0.035,7.200,True
2026-09-09 13:24:43.15+00:00,0,47.05249732,8.32128387,25.920,163.150,2.118,0.035,7.200,True
2026-09-09 13:24:43.20+00:00,0,47.05250008,8.32128140,25.920,163.200,2.120,0.035,7.200,True
2026-09-09 13:24:43.25+00:00,0,47.05250284,8.32127892,25.920,163.250,2.121,0.035,7.200,True
2026-09-09 13:24:43.30+00:00,0,47.05250560,8.32127644,25.920,163.300,2.123,0.035,7.200,True
2026-09-09 13:24:43.35+00:00,0,47.05250836,8.32127394,25.920,163.350,2.125,0.035,7.200,True
2026-09-09 13:24:43.40+00:00,0,47.05251111,8.32127144,25.920,163.400,2.127,0.035,7.200,True
2026-09-09 13:24:43.45+00:00,0,47.05251386,8.32126894,25.920,163.450,2.128,0.035,7.200,True
2026-09-09 13:24:43.50+00:00,0,47.05251661,8.32126642,25.920,163.500,2.130,0.035,7.200,True
2026-09-09 13:24:43.55+00:00,0,47.05251935,8.32126390,25.920,163.550,2.132,0.035,7.200,True
2026-09-09 13:24:43.60+00:00,0,47.05252209,8.32126137,25.920,163.600,2.134,0.035,7.200,True
2026-09-09 13:24:43.65+00:00,0,47.05252483,8.32125884,25.920,163.650,2.135,0.035,7.200,True
2026-09-09 13:24:43.70+00:00,0,47.05252757,8.32125629,25.920,163.700,2.137,0.035,7.200,True
2026-09-09 13:24:43.75+00:00,0,47.05253030,8.32125374,25.920,163.750,2.139,0.035,7.200,True
2026-09-09 13:24:43.80+00:00,0,47.05253303,8.32125119,25.920,163.800,2.141,0.035,7.200,True
2026-09-09 13:24:43.85+00:00,0,47.05253575,8.32124863,25.920,163.850,2.142,0.035,7.200,True
2026-09-09 13:24:43.90+00:00,0,47.05253848,8.32124605,25.920,163.900,2.144,0.035,7.200,True
2026-09-09 13:24:43.95+00:00,0,47.05254120,8.32124348,25.920,163.950,2.146,0.035,7.200,True
2026-09-09 13:24:44.00+00:00,0,47.05254391,8.32124089,25.920,164.000,2.148,0.035,7.200,True
2026-09-09 13:24:44.05+00:00,0,47.05254663,8.32123830,25.920,164.050,2.149,0.035,7.200,True
2026-09-09 13:24:44.10+00:00,0,47.05254934,8.32123570,25.920,164.100,2.151,0.035,7.200,True
2026-09-09 13:24:44.15+00:00,0,47.05255205,8.32123310,25.920,164.150,2.153,0.035,7.200,True
2026-09-09 13:24:44.20+00:00,0,47.05255475,8.32123049,25.920,164.200,2.155,0.035,7.200,True
2026-09-09 13:24:44.25+00:00,0,47.05255745,8.32122787,25.920,164.250,2.156,0.035,7.200,True
2026-09-09 13:24:44.30+00:00,0,47.05256015,8.32122524,25.920,164.300,2.158,0.035,7.200,True
2026-09-09 13:24:44.35+00:00,0,47.05256285,8.32122261,25.920,164.350,2.160,0.035,7.200,True
2026-09-09 13:24:44.40+00:00,0,47.05256554,8.32121997,25.920,164.400,2.162,0.035,7.200,True
2026-09-09 13:24:44.45+00:00,0,47.05256823,8.32121732,25.920,164.450,2.163,0.035,7.200,True
2026-09-09 13:24:44.50+00:00,0,47.05257091,8.32121467,25.920,164.500,2.165,0.035,7.200,True
2026-09-09 13:24:44.55+00:00,0,47.05257359,8.32121201,25.920,164.550,2.167,0.035,7.200,True
2026-09-09 13:24:44.60+00:00,0,47.05257627,8.32120934,25.920,164.600,2.169,0.035,7.200,True
2026-09-09 13:24:44.65+00:00,0,47.05257895,8.32120667,25.920,164.650,2.170,0.035,7.200,True
2026-09-09 13:24:44.70+00:00,0,47.05258162,8.32120399,25.920,164.700,2.172,0.035,7.200,True
2026-09-09 13:24:44.75+00:00,0,47.05258429,8.32120130,25.920,164.750,2.174,0.035,7.200,True
2026-09-09 13:24:44.80+00:00,0,47.05258696,8.32119860,25.920,164.800,2.176,0.035,7.200,True
2026-09-09 13:24:44.85+00:00,0,47.05258962,8.32119590,25.920,164.850,2.177,0.035,7.200,True
2026-09-09 13:24:44.90+00:00,0,47.05259228,8.32119319,25.920,164.900,2.179,0.035,7.200,True
2026-09-09 13:24:44.95+00:00,0,47.05259494,8.32119048,25.920,164.950,2.181,0.035,7.200,True
2026-09-09 13:24:45.00+00:00,0,47.05259759,8.32118776,25.920,165.000,2.183,0.035,7.200,True
2026-09-09 13:24:45.05+00:00,0,47.05260024,8.32118503,25.920,165.050,2.184,0.035,7.200,True
2026-09-09 13:24:45.10+00:00,0,47.05260289,8.32118229,25.920,165.100,2.186,0.035,7.200,True
2026-09-09 13:24:45.15+00:00,0,47.05260553,8.32117955,25.920,165.150,2.188,0.035,7.200,True
2026-09-09 13:24:45.20+00:00,0,47.05260817,8.32117680,25.920,165.200,2.190,0.035,7.200,True
2026-09-09 13:24:45.25+00:00,0,47.05261081,8.32117405,25.920,165.250,2.191,0.035,7.200,True
2026-09-09 13:24:45.30+00:00,0,47.05261345,8.32117128,25.920,165.300,2.193,0.035,7.200,True
2026-09-09 13:24:45.35+00:00,0,47.05261608,8.32116851,25.920,165.350,2.195,0.035,7.200,True
2026-09-09 13:24:45.40+00:00,0,47.05261870,8.32116574,25.920,165.400,2.196,0.035,7.200,True
2026-09-09 13:24:45.45+00:00,0,47.05262133,8.32116296,25.920,165.450,2.198,0.035,7.200,True
2026-09-09 13:24:45.50+00:00,0,47.05262395,8.32116017,25.920,165.500,2.200,0.035,7.200,True
2026-09-09 13:24:45.55+00:00,0,47.05262657,8.32115737,25.920,165.550,2.202,0.035,7.200,True
2026-09-09 13:24:45.60+00:00,0,47.05262918,8.32115457,25.920,165.600,2.203,0.035,7.200,True
2026-09-09 13:24:45.65+00:00,0,47.05263179,8.32115176,25.920,165.650,2.205,0.035,7.200,True
2026-09-09 13:24:45.70+00:00,0,47.05263440,8.32114894,25.920,165.700,2.207,0.035,7.200,True
2026-09-09 13:24:45.75+00:00,0,47.05263700,8.32114612,25.920,165.750,2.209,0.035,7.200,True
2026-09-09 13:24:45.80+00:00,0,47.05263961,8.32114329,25.920,165.800,2.210,0.035,7.200,True
2026-09-09 13:24:45.85+00:00,0,47.05264220,8.32114045,25.920,165.850,2.212,0.035,7.200,True
2026-09-09 13:24:45.90+00:00,0,47.05264480,8.32113761,25.920,165.900,2.214,0.035,7.200,True
2026-09-09 13:24:45.95+00:00,0,47.05264739,8.32113476,25.920,165.950,2.216,0.035,7.200,True
2026-09-09 13:24:46.00+00:00,0,47.05264997,8.32113190,25.920,166.000,2.217,0.035,7.200,True
2026-09-09 13:24:46.05+00:00,0,47.05265256,8.32112904,25.920,166.050,2.219,0.035,7.200,True
2026-09-09 13:24:46.10+00:00,0,47.05265514,8.32112617,25.920,166.100,2.221,0.035,7.200,True
2026-09-09 13:24:46.15+00:00,0,47.05265772,8.32112330,25.920,166.150,2.223,0.035,7.200,True
2026-09-09 13:24:46.20+00:00,0,47.05266029,8.32112041,25.920,166.200,2.224,0.035,7.200,True
2026-09-09 13:24:46.25+00:00,0,47.05266286,8.32111752,25.920,166.250,2.226,0.035,7.200,True
2026-09-09 13:24:46.30+00:00,0,47.05266543,8.32111463,25.920,166.300,2.228,0.035,7.200,True
2026-09-09 13:24:46.35+00:00,0,47.05266799,8.32111173,25.920,166.350,2.230,0.035,7.200,True
2026-09-09 13:24:46.40+00:00,0,47.05267055,8.32110882,25.920,166.400,2.231,0.035,7.200,True
2026-09-09 13:24:46.45+00:00,0,47.05267311,8.32110590,25.920,166.450,2.233,0.035,7.200,True
2026-09-09 13:24:46.50+00:00,0,47.05267566,8.32110298,25.920,166.500,2.235,0.035,7.200,True
2026-09-09 13:24:46.55+00:00,0,47.05267821,8.32110005,25.920,166.550,2.237,0.035,7.200,True
2026-09-09 13:24:46.60+00:00,0,47.05268076,8.32109712,25.920,166.600,2.238,0.035,7.200,True
2026-09-09 13:24:46.65+00:00,0,47.05268330,8.32109417,25.920,166.650,2.240,0.035,7.200,True
2026-09-09 13:24:46.70+00:00,0,47.05268584,8.32109123,25.920,166.700,2.242,0.035,7.200,True
2026-09-09 13:24:46.75+00:00,0,47.05268837,8.32108827,25.920,166.750,2.244,0.035,7.200,True
2026-09-09 13:24:46.80+00:00,0,47.05269090,8.32108531,25.920,166.800,2.245,0.035,7.200,True
2026-09-09 13:24:46.85+00:00,0,47.05269343,8.32108234,25.920,166.850,2.247,0.035,7.200,True
2026-09-09 13:24:46.90+00:00,0,47.05269596,8.32107937,25.920,166.900,2.249,0.035,7.200,True
2026-09-09 13:24:46.95+00:00,0,47.05269848,8.32107639,25.920,166.950,2.251,0.035,7.200,True
2026-09-09 13:24:47.00+00:00,0,47.05270100,8.32107340,25.920,167.000,2.252,0.035,7.200,True
2026-09-09 13:24:47.05+00:00,0,47.05270351,8.32107041,25.920,167.050,2.254,0.035,7.200,True
2026-09-09 13:24:47.10+00:00,0,47.05270602,8.32106741,25.920,167.100,2.256,0.035,7.200,True
2026-09-09 13:24:47.15+00:00,0,47.05270853,8.32106440,25.920,167.150,2.258,0.035,7.200,True
2026-09-09 13:24:47.20+00:00,0,47.05271103,8.32106139,25.920,167.200,2.259,0.035,7.200,True
2026-09-09 13:24:47.25+00:00,0,47.05271353,8.32105837,25.920,167.250,2.261,0.035,7.200,True
2026-09-09 13:24:47.30+00:00,0,47.05271603,8.32105534,25.920,167.300,2.263,0.035,7.200,True
2026-09-09 13:24:47.35+00:00,0,47.05271852,8.32105231,25.920,167.350,2.265,0.035,7.200,True
2026-09-09 13:24:47.40+00:00,0,47.05272101,8.32104927,25.920,167.400,2.266,0.035,7.200,True
2026-09-09 13:24:47.45+00:00,0,47.05272350,8.32104623,25.920,167.450,2.268,0.035,7.200,True
2026-09-09 13:24:47.50+00:00,0,47.05272598,8.32104318,25.920,167.500,2.270,0.035,7.200,True
2026-09-09 13:24:47.55+00:00,0,47.05272846,8.32104012,25.920,167.550,2.272,0.035,7.200,True
2026-09-09 13:24:47.60+00:00,0,47.05273093,8.32103706,25.920,167.600,2.273,0.035,7.200,True
2026-09-09 13:24:47.65+00:00,0,47.05273340,8.32103399,25.920,167.650,2.275,0.035,7.200,True
2026-09-09 13:24:47.70+00:00,0,47.05273587,8.32103091,25.920,167.700,2.277,0.035,7.200,True
2026-09-09 13:24:47.75+00:00,0,47.05273833,8.32102783,25.920,167.750,2.279,0.035,7.200,True
2026-09-09 13:24:47.80+00:00,0,47.05274079,8.32102474,25.920,167.800,2.280,0.035,7.200,True
2026-09-09 13:24:47.85+00:00,0,47.05274325,8.32102164,25.920,167.850,2.282,0.035,7.200,True
2026-09-09 13:24:47.90+00:00,0,47.05274570,8.32101854,25.920,167.900,2.284,0.035,7.200,True
2026-09-09 13:24:47.95+00:00,0,47.05274815,8.32101543,25.920,167.950,2.286,0.035,7.200,True
2026-09-09 13:24:48.00+00:00,0,47.05275060,8.32101232,25.920,168.000,2.287,0.035,7.200,True
2026-09-09 13:24:48.05+00:00,0,47.05275304,8.32100920,25.920,168.050,2.289,0.035,7.200,True
2026-09-09 13:24:48.10+00:00,0,47.05275548,8.32100607,25.920,168.100,2.291,0.035,7.200,True
2026-09-09 13:24:48.15+00:00,0,47.05275791,8.32100294,25.920,168.150,2.292,0.035,7.200,True
2026-09-09 13:24:48.20+00:00,0,47.05276034,8.32099980,25.920,168.200,2.294,0.035,7.200,True
2026-09-09 13:24:48.25+00:00,0,47.05276277,8.32099666,25.920,168.250,2.296,0.035,7.200,True
2026-09-09 13:24:48.30+00:00,0,47.05276519,8.32099350,25.920,168.300,2.298,0.035,7.200,True
2026-09-09 13:24:48.35+00:00,0,47.05276761,8.32099035,25.920,168.350,2.299,0.035,7.200,True
2026-09-09 13:24:48.40+00:00,0,47.05277002,8.32098718,25.920,168.400,2.301,0.035,7.200,True
2026-09-09 13:24:48.45+00:00,0,47.05277244,8.32098401,25.920,168.450,2.303,0.035,7.200,True
2026-09-09 13:24:48.50+00:00,0,47.05277484,8.32098084,25.920,168.500,2.305,0.035,7.200,True
2026-09-09 13:24:48.55+00:00,0,47.05277725,8.32097765,25.920,168.550,2.306,0.035,7.200,True
2026-09-09 13:24:48.60+00:00,0,47.05277965,8.32097447,25.920,168.600,2.308,0.035,7.200,True
2026-09-09 13:24:48.65+00:00,0,47.05278204,8.32097127,25.920,168.650,2.310,0.035,7.200,True
2026-09-09 13:24:48.70+00:00,0,47.05278444,8.32096807,25.920,168.700,2.312,0.035,7.200,True
2026-09-09 13:24:48.75+00:00,0,47.05278683,8.32096486,25.920,168.750,2.313,0.035,7.200,True
2026-09-09 13:24:48.80+00:00,0,47.05278921,8.32096165,25.920,168.800,2.315,0.035,7.200,True
2026-09-09 13:24:48.85+00:00,0,47.05279159,8.32095843,25.920,168.850,2.317,0.035,7.200,True
2026-09-09 13:24:48.90+00:00,0,47.05279397,8.32095520,25.920,168.900,2.319,0.035,7.200,True
2026-09-09 13:24:48.95+00:00,0,47.05279634,8.32095197,25.920,168.950,2.320,0.035,7.200,True
2026-09-09 13:24:49.00+00:00,0,47.05279871,8.32094874,25.920,169.000,2.322,0.035,7.200,True
2026-09-09 13:24:49.05+00:00,0,47.05280108,8.32094549,25.920,169.050,2.324,0.035,7.200,True
2026-09-09 13:24:49.10+00:00,0,47.05280344,8.32094224,25.920,169.100,2.326,0.035,7.200,True
2026-09-09 13:24:49.15+00:00,0,47.05280580,8.32093899,25.920,169.150,2.327,0.035,7.200,True
2026-09-09 13:24:49.20+00:00,0,47.05280815,8.32093573,25.920,169.200,2.329,0.035,7.200,True
2026-09-09 13:24:49.25+00:00,0,47.05281050,8.32093246,25.920,169.250,2.331,0.035,7.200,True
2026-09-09 13:24:49.30+00:00,0,47.05281285,8.32092918,25.920,169.300,2.333,0.035,7.200,True
2026-09-09 13:24:49.35+00:00,0,47.05281519,8.32092590,25.920,169.350,2.334,0.035,7.200,True
2026-09-09 13:24:49.40+00:00,0,47.05281753,8.32092262,25.920,169.400,2.336,0.035,7.200,True
2026-09-09 13:24:49.45+00:00,0,47.05281987,8.32091933,25.920,169.450,2.338,0.035,7.200,True
2026-09-09 13:24:49.50+00:00,0,47.05282220,8.32091603,25.920,169.500,2.340,0.035,7.200,True
2026-09-09 13:24:49.55+00:00,0,47.05282452,8.32091273,25.920,169.550,2.341,0.035,7.200,True
2026-09-09 13:24:49.60+00:00,0,47.05282685,8.32090942,25.920,169.600,2.343,0.035,7.200,True
2026-09-09 13:24:49.65+00:00,0,47.05282917,8.32090610,25.920,169.650,2.345,0.035,7.200,True
2026-09-09 13:24:49.70+00:00,0,47.05283148,8.32090278,25.920,169.700,2.347,0.035,7.200,True
2026-09-09 13:24:49.75+00:00,0,47.05283379,8.32089945,25.920,169.750,2.348,0.035,7.200,True
2026-09-09 13:24:49.80+00:00,0,47.05283610,8.32089612,25.920,169.800,2.350,0.035,7.200,True
2026-09-09 13:24:49.85+00:00,0,47.05283840,8.32089278,25.920,169.850,2.352,0.035,7.200,True
2026-09-09 13:24:49.90+00:00,0,47.05284070,8.32088943,25.920,169.900,2.354,0.035,7.200,True
2026-09-09 13:24:49.95+00:00,0,47.05284300,8.32088608,25.920,169.950,2.355,0.035,7.200,True
2026-09-09 13:24:50.00+00:00,0,47.05284529,8.32088273,25.920,170.000,2.357,0.035,7.200,True
2026-09-09 13:24:50.05+00:00,0,47.05284758,8.32087936,25.920,170.050,2.359,0.035,7.200,True
2026-09-09 13:24:50.10+00:00,0,47.05284986,8.32087599,25.920,170.100,2.361,0.035,7.200,True
2026-09-09 13:24:50.15+00:00,0,47.05285214,8.32087262,25.920,170.150,2.362,0.035,7.200,True
2026-09-09 13:24:50.20+00:00,0,47.05285441,8.32086924,25.920,170.200,2.364,0.035,7.200,True
2026-09-09 13:24:50.25+00:00,0,47.05285669,8.32086585,25.920,170.250,2.366,0.035,7.200,True
2026-09-09 13:24:50.30+00:00,0,47.05285895,8.32086246,25.920,170.300,2.368,0.035,7.200,True
2026-09-09 13:24:50.35+00:00,0,47.05286122,8.32085906,25.920,170.350,2.369,0.035,7.200,True
2026-09-09 13:24:50.40+00:00,0,47.05286348,8.32085566,25.920,170.400,2.371,0.035,7.200,True
2026-09-09 13:24:50.45+00:00,0,47.05286573,8.32085225,25.920,170.450,2.373,0.035,7.200,True
2026-09-09 13:24:50.50+00:00,0,47.05286798,8.32084884,25.920,170.500,2.375,0.035,7.200,True
2026-09-09 13:24:50.55+00:00,0,47.05287023,8.32084541,25.920,170.550,2.376,0.035,7.200,True
2026-09-09 13:24:50.60+00:00,0,47.05287247,8.32084199,25.920,170.600,2.378,0.035,7.200,True
2026-09-09 13:24:50.65+00:00,0,47.05287471,8.32083856,25.920,170.650,2.380,0.035,7.200,True
2026-09-09 13:24:50.70+00:00,0,47.05287694,8.32083512,25.920,170.700,2.382,0.035,7.200,True
2026-09-09 13:24:50.75+00:00,0,47.05287918,8.32083167,25.920,170.750,2.383,0.035,7.200,True
2026-09-09 13:24:50.80+00:00,0,47.05288140,8.32082822,25.920,170.800,2.385,0.035,7.200,True
2026-09-09 13:24:50.85+00:00,0,47.05288362,8.32082477,25.920,170.850,2.387,0.035,7.200,True
2026-09-09 13:24:50.90+00:00,0,47.05288584,8.32082131,25.920,170.900,2.388,0.035,7.200,True
2026-09-09 13:24:50.95+00:00,0,47.05288806,8.32081784,25.920,170.950,2.390,0.035,7.200,True
2026-09-09 13:24:51.00+00:00,0,47.05289027,8.32081437,25.920,171.000,2.392,0.035,7.200,True
2026-09-09 13:24:51.05+00:00,0,47.05289247,8.32081089,25.920,171.050,2.394,0.035,7.200,True
2026-09-09 13:24:51.10+00:00,0,47.05289467,8.32080741,25.920,171.100,2.395,0.035,7.200,True
2026-09-09 13:24:51.15+00:00,0,47.05289687,8.32080392,25.920,171.150,2.397,0.035,7.200,True
2026-09-09 13:24:51.20+00:00,0,47.05289907,8.32080042,25.920,171.200,2.399,0.035,7.200,True
2026-09-09 13:24:51.25+00:00,0,47.05290125,8.32079692,25.920,171.250,2.401,0.035,7.200,True
2026-09-09 13:24:51.30+00:00,0,47.05290344,8.32079342,25.920,171.300,2.402,0.035,7.200,True
2026-09-09 13:24:51.35+00:00,0,47.05290562,8.32078991,25.920,171.350,2.404,0.035,7.200,True
2026-09-09 13:24:51.40+00:00,0,47.05290780,8.32078639,25.920,171.400,2.406,0.035,7.200,True
2026-09-09 13:24:51.45+00:00,0,47.05290997,8.32078287,25.920,171.450,2.408,0.035,7.200,True
2026-09-09 13:24:51.50+00:00,0,47.05291214,8.32077934,25.920,171.500,2.409,0.035,7.200,True
2026-09-09 13:24:51.55+00:00,0,47.05291430,8.32077580,25.920,171.550,2.411,0.035,7.200,True
2026-09-09 13:24:51.60+00:00,0,47.05291646,8.32077226,25.920,171.600,2.413,0.035,7.200,True
2026-09-09 13:24:51.65+00:00,0,47.05291862,8.32076872,25.920,171.650,2.415,0.035,7.200,True
2026-09-09 13:24:51.70+00:00,0,47.05292077,8.32076517,25.920,171.700,2.416,0.035,7.200,True
2026-09-09 13:24:51.75+00:00,0,47.05292292,8.32076161,25.920,171.750,2.418,0.035,7.200,True
2026-09-09 13:24:51.80+00:00,0,47.05292506,8.32075805,25.920,171.800,2.420,0.035,7.200,True
2026-09-09 13:24:51.85+00:00,0,47.05292720,8.32075448,25.920,171.850,2.422,0.035,7.200,True
2026-09-09 13:24:51.90+00:00,0,47.05292933,8.32075091,25.920,171.900,2.423,0.035,7.200,True
2026-09-09 13:24:51.95+00:00,0,47.05293147,8.32074733,25.920,171.950,2.425,0.035,7.200,True
2026-09-09 13:24:52.00+00:00,0,47.05293359,8.32074375,25.920,172.000,2.427,0.035,7.200,True
2026-09-09 13:24:52.05+00:00,0,47.05293571,8.32074016,25.920,172.050,2.429,0.035,7.200,True
2026-09-09 13:24:52.10+00:00,0,47.05293783,8.32073657,25.920,172.100,2.430,0.035,7.200,True
2026-09-09 13:24:52.15+00:00,0,47.05293994,8.32073297,25.920,172.150,2.432,0.035,7.200,True
2026-09-09 13:24:52.20+00:00,0,47.05294205,8.32072936,25.920,172.200,2.434,0.035,7.200,True
2026-09-09 13:24:52.25+00:00,0,47.05294416,8.32072575,25.920,172.250,2.436,0.035,7.200,True
2026-09-09 13:24:52.30+00:00,0,47.05294626,8.32072214,25.920,172.300,2.437,0.035,7.200,True
2026-09-09 13:24:52.35+00:00,0,47.05294835,8.32071852,25.920,172.350,2.439,0.035,7.200,True
2026-09-09 13:24:52.40+00:00,0,47.05295045,8.32071489,25.920,172.400,2.441,0.035,7.200,True
2026-09-09 13:24:52.45+00:00,0,47.05295253,8.32071126,25.920,172.450,2.443,0.035,7.200,True
2026-09-09 13:24:52.50+00:00,0,47.05295462,8.32070762,25.920,172.500,2.444,0.035,7.200,True
2026-09-09 13:24:52.55+00:00,0,47.05295670,8.32070398,25.920,172.550,2.446,0.035,7.200,True
2026-09-09 13:24:52.60+00:00,0,47.05295877,8.32070033,25.920,172.600,2.448,0.035,7.200,True
2026-09-09 13:24:52.65+00:00,0,47.05296084,8.32069668,25.920,172.650,2.450,0.035,7.200,True
2026-09-09 13:24:52.70+00:00,0,47.05296291,8.32069302,25.920,172.700,2.451,0.035,7.200,True
2026-09-09 13:24:52.75+00:00,0,47.05296497,8.32068935,25.920,172.750,2.453,0.035,7.200,True
2026-09-09 13:24:52.80+00:00,0,47.05296703,8.32068568,25.920,172.800,2.455,0.035,7.200,True
2026-09-09 13:24:52.85+00:00,0,47.05296908,8.32068201,25.920,172.850,2.457,0.035,7.200,True
2026-09-09 13:24:52.90+00:00,0,47.05297113,8.32067833,25.920,172.900,2.458,0.035,7.200,True
2026-09-09 13:24:52.95+00:00,0,47.05297317,8.32067465,25.920,172.950,2.460,0.035,7.200,True
2026-09-09 13:24:53.00+00:00,0,47.05297521,8.32067096,25.920,173.000,2.462,0.035,7.200,True
2026-09-09 13:24:53.05+00:00,0,47.05297725,8.32066726,25.920,173.050,2.464,0.035,7.200,True
2026-09-09 13:24:53.10+00:00,0,47.05297928,8.32066356,25.920,173.100,2.465,0.035,7.200,True
2026-09-09 13:24:53.15+00:00,0,47.05298130,8.32065985,25.920,173.150,2.467,0.035,7.200,True
2026-09-09 13:24:53.20+00:00,0,47.05298333,8.32065614,25.920,173.200,2.469,0.035,7.200,True
2026-09-09 13:24:53.25+00:00,0,47.05298534,8.32065243,25.920,173.250,2.471,0.035,7.200,True
2026-09-09 13:24:53.30+00:00,0,47.05298736,8.32064871,25.920,173.300,2.472,0.035,7.200,True
2026-09-09 13:24:53.35+00:00,0,47.05298936,8.32064498,25.920,173.350,2.474,0.035,7.200,True
2026-09-09 13:24:53.40+00:00,0,47.05299137,8.32064125,25.920,173.400,2.476,0.035,7.200,True
2026-09-09 13:24:53.45+00:00,0,47.05299337,8.32063751,25.920,173.450,2.477,0.035,7.200,True
2026-09-09 13:24:53.50+00:00,0,47.05299536,8.32063377,25.920,173.500,2.479,0.035,7.200,True
2026-09-09 13:24:53.55+00:00,0,47.05299736,8.32063002,25.920,173.550,2.481,0.035,7.200,True
2026-09-09 13:24:53.60+00:00,0,47.05299934,8.32062627,25.920,173.600,2.483,0.035,7.200,True
2026-09-09 13:24:53.65+00:00,0,47.05300132,8.32062251,25.920,173.650,2.484,0.035,7.200,True
2026-09-09 13:24:53.70+00:00,0,47.05300330,8.32061875,25.920,173.700,2.486,0.035,7.200,True
2026-09-09 13:24:53.75+00:00,0,47.05300527,8.32061498,25.920,173.750,2.488,0.035,7.200,True
2026-09-09 13:24:53.80+00:00,0,47.05300724,8.32061121,25.920,173.800,2.490,0.035,7.200,True
2026-09-09 13:24:53.85+00:00,0,47.05300921,8.32060744,25.920,173.850,2.491,0.035,7.200,True
2026-09-09 13:24:53.90+00:00,0,47.05301117,8.32060365,25.920,173.900,2.493,0.035,7.200,True
2026-09-09 13:24:53.95+00:00,0,47.05301312,8.32059987,25.920,173.950,2.495,0.035,7.200,True
2026-09-09 13:24:54.00+00:00,0,47.05301507,8.32059607,25.920,174.000,2.497,0.035,7.200,True
2026-09-09 13:24:54.05+00:00,0,47.05301702,8.32059228,25.920,174.050,2.498,0.035,7.200,True
2026-09-09 13:24:54.10+00:00,0,47.05301896,8.32058847,25.920,174.100,2.500,0.035,7.200,True
2026-09-09 13:24:54.15+00:00,0,47.05302090,8.32058467,25.920,174.150,2.502,0.035,7.200,True
2026-09-09 13:24:54.20+00:00,0,47.05302283,8.32058085,25.920,174.200,2.504,0.035,7.200,True
2026-09-09 13:24:54.25+00:00,0,47.05302476,8.32057704,25.920,174.250,2.505,0.035,7.200,True
2026-09-09 13:24:54.30+00:00,0,47.05302668,8.32057322,25.920,174.300,2.507,0.035,7.200,True
2026-09-09 13:24:54.35+00:00,0,47.05302860,8.32056939,25.920,174.350,2.509,0.035,7.200,True
2026-09-09 13:24:54.40+00:00,0,47.05303052,8.32056556,25.920,174.400,2.511,0.035,7.200,True
2026-09-09 13:24:54.45+00:00,0,47.05303243,8.32056172,25.920,174.450,2.512,0.035,7.200,True
2026-09-09 13:24:54.50+00:00,0,47.05303433,8.32055788,25.920,174.500,2.514,0.035,7.200,True
2026-09-09 13:24:54.55+00:00,0,47.05303623,8.32055403,25.920,174.550,2.516,0.035,7.200,True
2026-09-09 13:24:54.60+00:00,0,47.05303813,8.32055018,25.920,174.600,2.518,0.035,7.200,True
2026-09-09 13:24:54.65+00:00,0,47.05304002,8.32054632,25.920,174.650,2.519,0.035,7.200,True
2026-09-09 13:24:54.70+00:00,0,47.05304191,8.32054246,25.920,174.700,2.521,0.035,7.200,True
2026-09-09 13:24:54.75+00:00,0,47.05304379,8.32053860,25.920,174.750,2.523,0.035,7.200,True
2026-09-09 13:24:54.80+00:00,0,47.05304567,8.32053473,25.920,174.800,2.525,0.035,7.200,True
2026-09-09 13:24:54.85+00:00,0,47.05304754,8.32053085,25.920,174.850,2.526,0.035,7.200,True
2026-09-09 13:24:54.90+00:00,0,47.05304941,8.32052697,25.920,174.900,2.528,0.035,7.200,True
2026-09-09 13:24:54.95+00:00,0,47.05305127,8.32052308,25.920,174.950,2.530,0.035,7.200,True
2026-09-09 13:24:55.00+00:00,0,47.05305313,8.32051919,25.920,175.000,2.532,0.035,7.200,True
2026-09-09 13:24:55.05+00:00,0,47.05305499,8.32051530,25.920,175.050,2.533,0.035,7.200,True
2026-09-09 13:24:55.10+00:00,0,47.05305684,8.32051140,25.920,175.100,2.535,0.035,7.200,True
2026-09-09 13:24:55.15+00:00,0,47.05305868,8.32050750,25.920,175.150,2.537,0.035,7.200,True
2026-09-09 13:24:55.20+00:00,0,47.05306052,8.32050359,25.920,175.200,2.539,0.035,7.200,True
2026-09-09 13:24:55.25+00:00,0,47.05306236,8.32049967,25.920,175.250,2.540,0.035,7.200,True
2026-09-09 13:24:55.30+00:00,0,47.05306419,8.32049576,25.920,175.300,2.542,0.035,7.200,True
2026-09-09 13:24:55.35+00:00,0,47.05306602,8.32049183,25.920,175.350,2.544,0.035,7.200,True
2026-09-09 13:24:55.40+00:00,0,47.05306784,8.32048790,25.920,175.400,2.546,0.035,7.200,True
2026-09-09 13:24:55.45+00:00,0,47.05306966,8.32048397,25.920,175.450,2.547,0.035,7.200,True
2026-09-09 13:24:55.50+00:00,0,47.05307147,8.32048004,25.920,175.500,2.549,0.035,7.200,True
2026-09-09 13:24:55.55+00:00,0,47.05307328,8.32047609,25.920,175.550,2.551,0.035,7.200,True
2026-09-09 13:24:55.60+00:00,0,47.05307508,8.32047215,25.920,175.600,2.553,0.035,7.200,True
2026-09-09 13:24:55.65+00:00,0,47.05307688,8.32046820,25.920,175.650,2.554,0.035,7.200,True
2026-09-09 13:24:55.70+00:00,0,47.05307867,8.32046424,25.920,175.700,2.556,0.035,7.200,True
2026-09-09 13:24:55.75+00:00,0,47.05308046,8.32046028,25.920,175.750,2.558,0.035,7.200,True
2026-09-09 13:24:55.80+00:00,0,47.05308225,8.32045632,25.920,175.800,2.560,0.035,7.200,True
2026-09-09 13:24:55.85+00:00,0,47.05308403,8.32045235,25.920,175.850,2.561,0.035,7.200,True
2026-09-09 13:24:55.90+00:00,0,47.05308580,8.32044837,25.920,175.900,2.563,0.035,7.200,True
2026-09-09 13:24:55.95+00:00,0,47.05308757,8.32044440,25.920,175.950,2.565,0.035,7.200,True
2026-09-09 13:24:56.00+00:00,0,47.05308934,8.32044041,25.920,176.000,2.567,0.035,7.200,True
2026-09-09 13:24:56.05+00:00,0,47.05309110,8.32043643,25.920,176.050,2.568,0.035,7.200,True
2026-09-09 13:24:56.10+00:00,0,47.05309285,8.32043243,25.920,176.100,2.570,0.035,7.200,True
2026-09-09 13:24:56.15+00:00,0,47.05309461,8.32042844,25.920,176.150,2.572,0.035,7.200,True
2026-09-09 13:24:56.20+00:00,0,47.05309635,8.32042444,25.920,176.200,2.573,0.035,7.200,True
2026-09-09 13:24:56.25+00:00,0,47.05309809,8.32042043,25.920,176.250,2.575,0.035,7.200,True
2026-09-09 13:24:56.30+00:00,0,47.05309983,8.32041642,25.920,176.300,2.577,0.035,7.200,True
2026-09-09 13:24:56.35+00:00,0,47.05310156,8.32041241,25.920,176.350,2.579,0.035,7.200,True
2026-09-09 13:24:56.40+00:00,0,47.05310329,8.32040839,25.920,176.400,2.580,0.035,7.200,True
2026-09-09 13:24:56.45+00:00,0,47.05310501,8.32040437,25.920,176.450,2.582,0.035,7.200,True
2026-09-09 13:24:56.50+00:00,0,47.05310673,8.32040034,25.920,176.500,2.584,0.035,7.200,True
2026-09-09 13:24:56.55+00:00,0,47.05310845,8.32039631,25.920,176.550,2.586,0.035,7.200,True
2026-09-09 13:24:56.60+00:00,0,47.05311015,8.32039227,25.920,176.600,2.587,0.035,7.200,True
2026-09-09 13:24:56.65+00:00,0,47.05311186,8.32038823,25.920,176.650,2.589,0.035,7.200,True
2026-09-09 13:24:56.70+00:00,0,47.05311356,8.32038418,25.920,176.700,2.591,0.035,7.200,True
2026-09-09 13:24:56.75+00:00,0,47.05311525,8.32038014,25.920,176.750,2.593,0.035,7.200,True
2026-09-09 13:24:56.80+00:00,0,47.05311694,8.32037608,25.920,176.800,2.594,0.035,7.200,True
2026-09-09 13:24:56.85+00:00,0,47.05311862,8.32037202,25.920,176.850,2.596,0.000,7.200,True
2026-09-09 13:24:56.90+00:00,0,47.05312030,8.32036796,25.920,176.900,2.596,0.000,7.200,True
2026-09-09 13:24:56.95+00:00,0,47.05312198,8.32036390,25.920,176.950,2.596,0.000,7.200,True
2026-09-09 13:24:57.00+00:00,0,47.05312366,8.32035984,25.920,177.000,2.596,0.000,7.200,True
2026-09-09 13:24:57.05+00:00,0,47.05312534,8.32035577,25.920,177.050,2.596,0.000,7.200,True
2026-09-09 13:24:57.10+00:00,0,47.05312702,8.32035171,25.920,177.100,2.596,0.000,7.200,True
2026-09-09 13:24:57.15+00:00,0,47.05312870,8.32034765,25.560,177.150,2.596,0.000,7.100,True
2026-09-09 13:24:57.20+00:00,0,47.05313036,8.32034364,25.560,177.200,2.596,0.000,7.100,True
2026-09-09 13:24:57.25+00:00,0,47.05313201,8.32033964,25.200,177.250,2.596,0.000,7.000,True
2026-09-09 13:24:57.30+00:00,0,47.05313365,8.32033569,25.200,177.300,2.596,0.000,7.000,True
2026-09-09 13:24:57.35+00:00,0,47.05313528,8.32033174,25.200,177.350,2.596,0.000,7.000,True
2026-09-09 13:24:57.40+00:00,0,47.05313691,8.32032779,25.200,177.400,2.596,0.000,7.000,True
2026-09-09 13:24:57.45+00:00,0,47.05313855,8.32032384,25.200,177.450,2.596,0.000,7.000,True
2026-09-09 13:24:57.50+00:00,0,47.05314018,8.32031989,25.200,177.500,2.596,0.000,7.000,True
2026-09-09 13:24:57.55+00:00,0,47.05314181,8.32031594,25.200,177.550,2.596,0.000,7.000,True
2026-09-09 13:24:57.60+00:00,0,47.05314344,8.32031199,25.200,177.600,2.596,0.000,7.000,True
2026-09-09 13:24:57.65+00:00,0,47.05314508,8.32030804,25.200,177.650,2.596,0.000,7.000,True
2026-09-09 13:24:57.70+00:00,0,47.05314671,8.32030409,25.200,177.700,2.596,0.000,7.000,True
2026-09-09 13:24:57.75+00:00,0,47.05314834,8.32030014,25.200,177.750,2.596,0.000,7.000,True
2026-09-09 13:24:57.80+00:00,0,47.05314998,8.32029619,25.200,177.800,2.596,0.000,7.000,True
2026-09-09 13:24:57.85+00:00,0,47.05315161,8.32029225,25.200,177.850,2.596,0.000,7.000,True
2026-09-09 13:24:57.90+00:00,0,47.05315324,8.32028830,25.200,177.900,2.596,0.000,7.000,True
2026-09-09 13:24:57.95+00:00,0,47.05315487,8.32028435,25.200,177.950,2.596,0.000,7.000,True
2026-09-09 13:24:58.00+00:00,0,47.05315651,8.32028040,25.200,178.000,2.596,0.000,7.000,True
2026-09-09 13:24:58.05+00:00,0,47.05315814,8.32027645,25.200,178.050,2.596,0.000,7.000,True
2026-09-09 13:24:58.10+00:00,0,47.05315977,8.32027250,25.200,178.100,2.596,0.000,7.000,True
2026-09-09 13:24:58.15+00:00,0,47.05316141,8.32026855,25.200,178.150,2.596,0.000,7.000,True
2026-09-09 13:24:58.20+00:00,0,47.05316304,8.32026460,25.200,178.200,2.596,0.000,7.000,True
2026-09-09 13:24:58.25+00:00,0,47.05316467,8.32026065,25.200,178.250,2.596,0.000,7.000,True
2026-09-09 13:24:58.30+00:00,0,47.05316631,8.32025670,25.200,178.300,2.596,0.000,7.000,True
2026-09-09 13:24:58.35+00:00,0,47.05316794,8.32025275,25.200,178.350,2.596,0.000,7.000,True
2026-09-09 13:24:58.40+00:00,0,47.05316957,8.32024880,25.200,178.400,2.596,0.000,7.000,True
2026-09-09 13:24:58.45+00:00,0,47.05317120,8.32024485,25.200,178.450,2.596,0.000,7.000,True
2026-09-09 13:24:58.50+00:00,0,47.05317284,8.32024090,25.200,178.500,2.596,0.000,7.000,True
2026-09-09 13:24:58.55+00:00,0,47.05317447,8.32023695,25.200,178.550,2.596,0.000,7.000,True
2026-09-09 13:24:58.60+00:00,0,47.05317610,8.32023300,25.200,178.600,2.596,0.000,7.000,True
2026-09-09 13:24:58.65+00:00,0,47.05317774,8.32022905,25.200,178.650,2.596,0.000,7.000,True
2026-09-09 13:24:58.70+00:00,0,47.05317937,8.32022511,25.200,178.700,2.596,0.000,7.000,True
2026-09-09 13:24:58.75+00:00,0,47.05318100,8.32022116,25.200,178.750,2.596,0.000,7.000,True
2026-09-09 13:24:58.80+00:00,0,47.05318263,8.32021721,25.200,178.800,2.596,0.000,7.000,True
2026-09-09 13:24:58.85+00:00,0,47.05318427,8.32021326,25.200,178.850,2.596,0.000,7.000,True
2026-09-09 13:24:58.90+00:00,0,47.05318590,8.32020931,25.200,178.900,2.596,0.000,7.000,True
2026-09-09 13:24:58.95+00:00,0,47.05318753,8.32020536,25.200,178.950,2.596,0.000,7.000,True
2026-09-09 13:24:59.00+00:00,0,47.05318917,8.32020141,25.200,179.000,2.596,0.000,7.000,True
2026-09-09 13:24:59.05+00:00,0,47.05319080,8.32019746,25.200,179.050,2.596,0.000,7.000,True
2026-09-09 13:24:59.10+00:00,0,47.05319243,8.32019351,25.200,179.100,2.596,0.000,7.000,True
2026-09-09 13:24:59.15+00:00,0,47.05319406,8.32018956,25.200,179.150,2.596,0.000,7.000,True
2026-09-09 13:24:59.20+00:00,0,47.05319570,8.32018561,25.200,179.200,2.596,0.000,7.000,True
2026-09-09 13:24:59.25+00:00,0,47.05319733,8.32018166,25.200,179.250,2.596,0.000,7.000,True
2026-09-09 13:24:59.30+00:00,0,47.05319896,8.32017771,25.200,179.300,2.596,0.000,7.000,True
2026-09-09 13:24:59.35+00:00,0,47.05320060,8.32017376,25.200,179.350,2.596,0.000,7.000,True
2026-09-09 13:24:59.40+00:00,0,47.05320223,8.32016981,25.200,179.400,2.596,0.000,7.000,True
2026-09-09 13:24:59.45+00:00,0,47.05320386,8.32016586,25.200,179.450,2.596,0.000,7.000,True
2026-09-09 13:24:59.50+00:00,0,47.05320549,8.32016191,25.200,179.500,2.596,0.000,7.000,True
2026-09-09 13:24:59.55+00:00,0,47.05320713,8.32015797,25.200,179.550,2.596,0.000,7.000,True
2026-09-09 13:24:59.60+00:00,0,47.05320876,8.32015402,25.200,179.600,2.596,0.000,7.000,True
2026-09-09 13:24:59.65+00:00,0,47.05321039,8.32015007,25.200,179.650,2.596,0.000,7.000,True
2026-09-09 13:24:59.70+00:00,0,47.05321203,8.32014612,25.200,179.700,2.596,0.000,7.000,True
2026-09-09 13:24:59.75+00:00,0,47.05321366,8.32014217,25.200,179.750,2.596,0.000,7.000,True
2026-09-09 13:24:59.80+00:00,0,47.05321529,8.32013822,25.200,179.800,2.596,0.000,7.000,True
2026-09-09 13:24:59.85+00:00,0,47.05321693,8.32013427,25.200,179.850,2.596,0.000,7.000,True
2026-09-09 13:24:59.90+00:00,0,47.05321856,8.32013032,25.200,179.900,2.596,0.000,7.000,True
2026-09-09 13:24:59.95+00:00,0,47.05322019,8.32012637,25.200,179.950,2.596,0.000,7.000,True
2026-09-09 13:25:00.00+00:00,0,47.05322182,8.32012242,25.200,180.000,2.596,0.000,7.000,True
2026-09-09 13:25:00.05+00:00,0,47.05322346,8.32011847,25.200,180.050,2.596,0.000,7.000,True
2026-09-09 13:25:00.10+00:00,0,47.05322509,8.32011452,25.200,180.100,2.596,0.000,7.000,True
2026-09-09 13:25:00.15+00:00,0,47.05322672,8.32011057,25.200,180.150,2.596,0.000,7.000,True
2026-09-09 13:25:00.20+00:00,0,47.05322836,8.32010662,25.200,180.200,2.596,0.000,7.000,True
2026-09-09 13:25:00.25+00:00,0,47.05322999,8.32010267,25.200,180.250,2.596,0.000,7.000,True
2026-09-09 13:25:00.30+00:00,0,47.05323162,8.32009872,25.200,180.300,2.596,0.000,7.000,True
2026-09-09 13:25:00.35+00:00,0,47.05323325,8.32009477,25.200,180.350,2.596,0.000,7.000,True
2026-09-09 13:25:00.40+00:00,0,47.05323489,8.32009083,25.200,180.400,2.596,0.000,7.000,True
2026-09-09 13:25:00.45+00:00,0,47.05323652,8.32008688,25.200,180.450,2.596,0.000,7.000,True
2026-09-09 13:25:00.50+00:00,0,47.05323815,8.32008293,25.200,180.500,2.596,0.000,7.000,True
2026-09-09 13:25:00.55+00:00,0,47.05323979,8.32007898,25.200,180.550,2.596,0.000,7.000,True
2026-09-09 13:25:00.60+00:00,0,47.05324142,8.32007503,25.200,180.600,2.596,0.000,7.000,True
2026-09-09 13:25:00.65+00:00,0,47.05324305,8.32007108,25.200,180.650,2.596,0.000,7.000,True
2026-09-09 13:25:00.70+00:00,0,47.05324468,8.32006713,25.200,180.700,2.596,0.000,7.000,True
2026-09-09 13:25:00.75+00:00,0,47.05324632,8.32006318,25.200,180.750,2.596,0.000,7.000,True
2026-09-09 13:25:00.80+00:00,0,47.05324795,8.32005923,25.200,180.800,2.596,0.000,7.000,True
2026-09-09 13:25:00.85+00:00,0,47.05324958,8.32005528,25.200,180.850,2.596,0.000,7.000,True
2026-09-09 13:25:00.90+00:00,0,47.05325122,8.32005133,25.200,180.900,2.596,0.000,7.000,True
2026-09-09 13:25:00.95+00:00,0,47.05325285,8.32004738,25.200,180.950,2.596,0.000,7.000,True
2026-09-09 13:25:01.00+00:00,0,47.05325448,8.32004343,25.200,181.000,2.596,0.000,7.000,True
2026-09-09 13:25:01.05+00:00,0,47.05325611,8.32003948,25.200,181.050,2.596,0.000,7.000,True
2026-09-09 13:25:01.10+00:00,0,47.05325775,8.32003553,25.200,181.100,2.596,0.000,7.000,True
2026-09-09 13:25:01.15+00:00,0,47.05325938,8.32003158,25.200,181.150,2.596,0.000,7.000,True
2026-09-09 13:25:01.20+00:00,0,47.05326101,8.32002763,25.200,181.200,2.596,0.000,7.000,True
2026-09-09 13:25:01.25+00:00,0,47.05326265,8.32002368,25.200,181.250,2.596,0.000,7.000,True
2026-09-09 13:25:01.30+00:00,0,47.05326428,8.32001974,25.200,181.300,2.596,0.000,7.000,True
2026-09-09 13:25:01.35+00:00,0,47.05326591,8.32001579,25.200,181.350,2.596,0.000,7.000,True
2026-09-09 13:25:01.40+00:00,0,47.05326755,8.32001184,25.200,181.400,2.596,0.000,7.000,True
2026-09-09 13:25:01.45+00:00,0,47.05326918,8.32000789,25.200,181.450,2.596,0.000,7.000,True
2026-09-09 13:25:01.50+00:00,0,47.05327081,8.32000394,25.200,181.500,2.596,0.000,7.000,True
2026-09-09 13:25:01.55+00:00,0,47.05327244,8.31999999,25.200,181.550,2.596,0.000,7.000,True
2026-09-09 13:25:01.60+00:00,0,47.05327408,8.31999604,25.200,181.600,2.596,0.000,7.000,True
2026-09-09 13:25:01.65+00:00,0,47.05327571,8.31999209,25.200,181.650,2.596,0.000,7.000,True
2026-09-09 13:25:01.70+00:00,0,47.05327734,8.31998814,25.200,181.700,2.596,0.000,7.000,True
2026-09-09 13:25:01.75+00:00,0,47.05327898,8.31998419,25.200,181.750,2.596,0.000,7.000,True
2026-09-09 13:25:01.80+00:00,0,47.05328061,8.31998024,25.200,181.800,2.596,0.000,7.000,True
2026-09-09 13:25:01.85+00:00,0,47.05328224,8.31997629,25.200,181.850,2.596,0.000,7.000,True
2026-09-09 13:25:01.90+00:00,0,47.05328387,8.31997234,25.200,181.900,2.596,0.000,7.000,True
2026-09-09 13:25:01.95+00:00,0,47.05328551,8.31996839,25.200,181.950,2.596,0.000,7.000,True
2026-09-09 13:25:02.00+00:00,0,47.05328714,8.31996444,25.200,182.000,2.596,0.000,7.000,True
2026-09-09 13:25:02.05+00:00,0,47.05328877,8.31996049,25.200,182.050,2.596,0.000,7.000,True
2026-09-09 13:25:02.10+00:00,0,47.05329041,8.31995654,25.200,182.100,2.596,0.000,7.000,True
2026-09-09 13:25:02.15+00:00,0,47.05329204,8.31995260,25.200,182.150,2.596,0.000,7.000,True
2026-09-09 13:25:02.20+00:00,0,47.05329367,8.31994865,25.200,182.200,2.596,0.000,7.000,True
2026-09-09 13:25:02.25+00:00,0,47.05329530,8.31994470,25.200,182.250,2.596,0.000,7.000,True
2026-09-09 13:25:02.30+00:00,0,47.05329694,8.31994075,25.200,182.300,2.596,0.000,7.000,True
2026-09-09 13:25:02.35+00:00,0,47.05329857,8.31993680,25.200,182.350,2.596,0.000,7.000,True
2026-09-09 13:25:02.40+00:00,0,47.05330020,8.31993285,25.200,182.400,2.596,0.000,7.000,True
2026-09-09 13:25:02.45+00:00,0,47.05330184,8.31992890,25.200,182.450,2.596,0.000,7.000,True
2026-09-09 13:25:02.50+00:00,0,47.05330347,8.31992495,25.200,182.500,2.596,0.000,7.000,True
2026-09-09 13:25:02.55+00:00,0,47.05330510,8.31992100,25.200,182.550,2.596,0.000,7.000,True
2026-09-09 13:25:02.60+00:00,0,47.05330673,8.31991705,25.200,182.600,2.596,0.000,7.000,True
2026-09-09 13:25:02.65+00:00,0,47.05330837,8.31991310,25.200,182.650,2.596,0.000,7.000,True
2026-09-09 13:25:02.70+00:00,0,47.05331000,8.31990915,25.200,182.700,2.596,0.000,7.000,True
2026-09-09 13:25:02.75+00:00,0,47.05331163,8.31990520,25.200,182.750,2.596,0.000,7.000,True
2026-09-09 13:25:02.80+00:00,0,47.05331327,8.31990125,25.200,182.800,2.596,0.000,7.000,True
2026-09-09 13:25:02.85+00:00,0,47.05331490,8.31989730,25.200,182.850,2.596,0.000,7.000,True
2026-09-09 13:25:02.90+00:00,0,47.05331653,8.31989335,25.200,182.900,2.596,0.000,7.000,True
2026-09-09 13:25:02.95+00:00,0,47.05331817,8.31988940,25.200,182.950,2.596,0.000,7.000,True
2026-09-09 13:25:03.00+00:00,0,47.05331980,8.31988546,25.200,183.000,2.596,0.000,7.000,True
2026-09-09 13:25:03.05+00:00,0,47.05332143,8.31988151,25.200,183.050,2.596,0.000,7.000,True
2026-09-09 13:25:03.10+00:00,0,47.05332306,8.31987756,25.200,183.100,2.596,0.000,7.000,True
2026-09-09 13:25:03.15+00:00,0,47.05332470,8.31987361,25.200,183.150,2.596,0.000,7.000,True
2026-09-09 13:25:03.20+00:00,0,47.05332633,8.31986966,25.200,183.200,2.596,0.000,7.000,True
2026-09-09 13:25:03.25+00:00,0,47.05332796,8.31986571,25.200,183.250,2.596,0.000,7.000,True
2026-09-09 13:25:03.30+00:00,0,47.05332960,8.31986176,25.200,183.300,2.596,0.000,7.000,True
2026-09-09 13:25:03.35+00:00,0,47.05333123,8.31985781,25.200,183.350,2.596,0.000,7.000,True
2026-09-09 13:25:03.40+00:00,0,47.05333286,8.31985386,25.200,183.400,2.596,0.000,7.000,True
2026-09-09 13:25:03.45+00:00,0,47.05333449,8.31984991,25.200,183.450,2.596,0.000,7.000,True
2026-09-09 13:25:03.50+00:00,0,47.05333613,8.31984596,25.200,183.500,2.596,0.000,7.000,True
2026-09-09 13:25:03.55+00:00,0,47.05333776,8.31984201,25.200,183.550,2.596,0.000,7.000,True
2026-09-09 13:25:03.60+00:00,0,47.05333939,8.31983806,25.200,183.600,2.596,0.000,7.000,True
2026-09-09 13:25:03.65+00:00,0,47.05334103,8.31983411,25.200,183.650,2.596,0.000,7.000,True
2026-09-09 13:25:03.70+00:00,0,47.05334266,8.31983016,25.200,183.700,2.596,0.000,7.000,True
2026-09-09 13:25:03.75+00:00,0,47.05334429,8.31982621,25.200,183.750,2.596,0.000,7.000,True
2026-09-09 13:25:03.80+00:00,0,47.05334592,8.31982226,25.200,183.800,2.596,0.000,7.000,True
2026-09-09 13:25:03.85+00:00,0,47.05334756,8.31981831,25.200,183.850,2.596,0.000,7.000,True
2026-09-09 13:25:03.90+00:00,0,47.05334919,8.31981437,25.200,183.900,2.596,0.000,7.000,True
2026-09-09 13:25:03.95+00:00,0,47.05335082,8.31981042,25.200,183.950,2.596,0.000,7.000,True
2026-09-09 13:25:04.00+00:00,0,47.05335246,8.31980647,25.200,184.000,2.596,0.000,7.000,True
2026-09-09 13:25:04.05+00:00,0,47.05335409,8.31980252,25.200,184.050,2.596,0.000,7.000,True
2026-09-09 13:25:04.10+00:00,0,47.05335572,8.31979857,25.200,184.100,2.596,0.000,7.000,True
2026-09-09 13:25:04.15+00:00,0,47.05335735,8.31979462,25.200,184.150,2.596,0.000,7.000,True
2026-09-09 13:25:04.20+00:00,0,47.05335899,8.31979067,25.200,184.200,2.596,0.000,7.000,True
2026-09-09 13:25:04.25+00:00,0,47.05336062,8.31978672,25.200,184.250,2.596,0.000,7.000,True
2026-09-09 13:25:04.30+00:00,0,47.05336225,8.31978277,25.200,184.300,2.596,0.000,7.000,True
2026-09-09 13:25:04.35+00:00,0,47.05336389,8.31977882,25.200,184.350,2.596,0.000,7.000,True
2026-09-09 13:25:04.40+00:00,0,47.05336552,8.31977487,25.200,184.400,2.596,0.000,7.000,True
2026-09-09 13:25:04.45+00:00,0,47.05336715,8.31977092,25.200,184.450,2.596,0.000,7.000,True
2026-09-09 13:25:04.50+00:00,0,47.05336878,8.31976697,25.200,184.500,2.596,0.000,7.000,True
2026-09-09 13:25:04.55+00:00,0,47.05337042,8.31976302,25.200,184.550,2.596,0.000,7.000,True
2026-09-09 13:25:04.60+00:00,0,47.05337205,8.31975907,25.200,184.600,2.596,0.000,7.000,True
2026-09-09 13:25:04.65+00:00,0,47.05337368,8.31975512,25.200,184.650,2.596,0.000,7.000,True
2026-09-09 13:25:04.70+00:00,0,47.05337532,8.31975117,25.200,184.700,2.596,0.000,7.000,True
2026-09-09 13:25:04.75+00:00,0,47.05337695,8.31974723,25.200,184.750,2.596,0.000,7.000,True
2026-09-09 13:25:04.80+00:00,0,47.05337858,8.31974328,25.200,184.800,2.596,0.000,7.000,True
2026-09-09 13:25:04.85+00:00,0,47.05338022,8.31973933,25.200,184.850,2.596,0.000,7.000,True
2026-09-09 13:25:04.90+00:00,0,47.05338185,8.31973538,25.200,184.900,2.596,0.000,7.000,True
2026-09-09 13:25:04.95+00:00,0,47.05338348,8.31973143,25.200,184.950,2.596,0.000,7.000,True
2026-09-09 13:25:05.00+00:00,0,47.05338511,8.31972748,25.200,185.000,2.596,0.000,7.000,True
2026-09-09 13:25:05.05+00:00,0,47.05338675,8.31972353,25.200,185.050,2.596,0.000,7.000,True
2026-09-09 13:25:05.10+00:00,0,47.05338838,8.31971958,25.200,185.100,2.596,0.000,7.000,True
2026-09-09 13:25:05.15+00:00,0,47.05339001,8.31971563,25.200,185.150,2.596,0.000,7.000,True
2026-09-09 13:25:05.20+00:00,0,47.05339165,8.31971168,25.200,185.200,2.596,0.000,7.000,True
2026-09-09 13:25:05.25+00:00,0,47.05339328,8.31970773,25.200,185.250,2.596,0.000,7.000,True
2026-09-09 13:25:05.30+00:00,0,47.05339491,8.31970378,25.200,185.300,2.596,0.000,7.000,True
2026-09-09 13:25:05.35+00:00,0,47.05339654,8.31969983,25.200,185.350,2.596,0.000,7.000,True
2026-09-09 13:25:05.40+00:00,0,47.05339818,8.31969588,25.200,185.400,2.596,0.000,7.000,True
2026-09-09 13:25:05.45+00:00,0,47.05339981,8.31969193,25.200,185.450,2.596,0.000,7.000,True
2026-09-09 13:25:05.50+00:00,0,47.05340144,8.31968798,25.200,185.500,2.596,0.000,7.000,True
2026-09-09 13:25:05.55+00:00,0,47.05340308,8.31968403,25.200,185.550,2.596,0.000,7.000,True
2026-09-09 13:25:05.60+00:00,0,47.05340471,8.31968008,25.200,185.600,2.596,0.000,7.000,True
2026-09-09 13:25:05.65+00:00,0,47.05340634,8.31967614,25.200,185.650,2.596,0.000,7.000,True
2026-09-09 13:25:05.70+00:00,0,47.05340797,8.31967219,25.200,185.700,2.596,0.000,7.000,True
2026-09-09 13:25:05.75+00:00,0,47.05340961,8.31966824,25.200,185.750,2.596,0.000,7.000,True
2026-09-09 13:25:05.80+00:00,0,47.05341124,8.31966429,25.200,185.800,2.596,0.000,7.000,True
2026-09-09 13:25:05.85+00:00,0,47.05341287,8.31966034,25.200,185.850,2.596,0.000,7.000,True
2026-09-09 13:25:05.90+00:00,0,47.05341451,8.31965639,25.200,185.900,2.596,0.000,7.000,True
2026-09-09 13:25:05.95+00:00,0,47.05341614,8.31965244,25.200,185.950,2.596,0.000,7.000,True
2026-09-09 13:25:06.00+00:00,0,47.05341777,8.31964849,25.200,186.000,2.596,0.000,7.000,True
2026-09-09 13:25:06.05+00:00,0,47.05341940,8.31964454,25.200,186.050,2.596,0.000,7.000,True
2026-09-09 13:25:06.10+00:00,0,47.05342104,8.31964059,25.200,186.100,2.596,0.000,7.000,True
2026-09-09 13:25:06.15+00:00,0,47.05342267,8.31963664,25.200,186.150,2.596,0.000,7.000,True
2026-09-09 13:25:06.20+00:00,0,47.05342430,8.31963269,25.200,186.200,2.596,0.000,7.000,True
2026-09-09 13:25:06.25+00:00,0,47.05342594,8.31962874,25.200,186.250,2.596,0.000,7.000,True
2026-09-09 13:25:06.30+00:00,0,47.05342757,8.31962479,25.200,186.300,2.596,0.000,7.000,True
2026-09-09 13:25:06.35+00:00,0,47.05342920,8.31962084,25.200,186.350,2.596,0.000,7.000,True
2026-09-09 13:25:06.40+00:00,0,47.05343084,8.31961689,25.200,186.400,2.596,0.000,7.000,True
2026-09-09 13:25:06.45+00:00,0,47.05343247,8.31961294,25.200,186.450,2.596,0.000,7.000,True
2026-09-09 13:25:06.50+00:00,0,47.05343410,8.31960899,25.200,186.500,2.596,0.000,7.000,True
2026-09-09 13:25:06.55+00:00,0,47.05343573,8.31960505,25.200,186.550,2.596,0.000,7.000,True
2026-09-09 13:25:06.60+00:00,0,47.05343737,8.31960110,25.200,186.600,2.596,0.000,7.000,True
2026-09-09 13:25:06.65+00:00,0,47.05343900,8.31959715,25.200,186.650,2.596,0.000,7.000,True
2026-09-09 13:25:06.70+00:00,0,47.05344063,8.31959320,25.200,186.700,2.596,0.000,7.000,True
2026-09-09 13:25:06.75+00:00,0,47.05344227,8.31958925,25.200,186.750,2.596,0.000,7.000,True
2026-09-09 13:25:06.80+00:00,0,47.05344390,8.31958530,25.200,186.800,2.596,0.000,7.000,True
2026-09-09 13:25:06.85+00:00,0,47.05344553,8.31958135,25.200,186.850,2.596,0.000,7.000,True
2026-09-09 13:25:06.90+00:00,0,47.05344716,8.31957740,25.200,186.900,2.596,0.000,7.000,True
2026-09-09 13:25:06.95+00:00,0,47.05344880,8.31957345,25.200,186.950,2.596,0.000,7.000,True
2026-09-09 13:25:07.00+00:00,0,47.05345043,8.31956950,25.200,187.000,2.596,0.000,7.000,True
2026-09-09 13:25:07.05+00:00,0,47.05345206,8.31956555,25.200,187.050,2.596,0.000,7.000,True
2026-09-09 13:25:07.10+00:00,0,47.05345370,8.31956160,25.200,187.100,2.596,0.000,7.000,True
2026-09-09 13:25:07.15+00:00,0,47.05345533,8.31955765,25.200,187.150,2.596,0.000,7.000,True
2026-09-09 13:25:07.20+00:00,0,47.05345696,8.31955370,25.200,187.200,2.596,0.000,7.000,True
2026-09-09 13:25:07.25+00:00,0,47.05345859,8.31954975,25.200,187.250,2.596,0.000,7.000,True
2026-09-09 13:25:07.30+00:00,0,47.05346023,8.31954580,25.200,187.300,2.596,0.000,7.000,True
2026-09-09 13:25:07.35+00:00,0,47.05346186,8.31954185,25.200,187.350,2.596,0.000,7.000,True
2026-09-09 13:25:07.40+00:00,0,47.05346349,8.31953791,25.200,187.400,2.596,0.000,7.000,True
2026-09-09 13:25:07.45+00:00,0,47.05346513,8.31953396,25.200,187.450,2.596,0.000,7.000,True
2026-09-09 13:25:07.50+00:00,0,47.05346676,8.31953001,25.200,187.500,2.596,0.000,7.000,True
2026-09-09 13:25:07.55+00:00,0,47.05346839,8.31952606,25.200,187.550,2.596,0.000,7.000,True
2026-09-09 13:25:07.60+00:00,0,47.05347002,8.31952211,25.200,187.600,2.596,0.000,7.000,True
2026-09-09 13:25:07.65+00:00,0,47.05347166,8.31951816,25.200,187.650,2.596,0.000,7.000,True
2026-09-09 13:25:07.70+00:00,0,47.05347329,8.31951421,25.200,187.700,2.596,0.000,7.000,True
2026-09-09 13:25:07.75+00:00,0,47.05347492,8.31951026,25.200,187.750,2.596,0.000,7.000,True
2026-09-09 13:25:07.80+00:00,0,47.05347656,8.31950631,25.200,187.800,2.596,0.000,7.000,True
2026-09-09 13:25:07.85+00:00,0,47.05347819,8.31950236,25.200,187.850,2.596,0.000,7.000,True
2026-09-09 13:25:07.90+00:00,0,47.05347982,8.31949841,25.200,187.900,2.596,0.000,7.000,True
2026-09-09 13:25:07.95+00:00,0,47.05348146,8.31949446,25.200,187.950,2.596,0.000,7.000,True
2026-09-09 13:25:08.00+00:00,0,47.05348309,8.31949051,25.200,188.000,2.596,0.000,7.000,True
2026-09-09 13:25:08.05+00:00,0,47.05348472,8.31948656,25.200,188.050,2.596,0.000,7.000,True
2026-09-09 13:25:08.10+00:00,0,47.05348635,8.31948261,25.200,188.100,2.596,0.000,7.000,True
2026-09-09 13:25:08.15+00:00,0,47.05348799,8.31947866,25.200,188.150,2.596,0.000,7.000,True
2026-09-09 13:25:08.20+00:00,0,47.05348962,8.31947471,25.200,188.200,2.596,0.000,7.000,True
2026-09-09 13:25:08.25+00:00,0,47.05349125,8.31947076,25.200,188.250,2.596,0.000,7.000,True
2026-09-09 13:25:08.30+00:00,0,47.05349289,8.31946682,25.200,188.300,2.596,0.000,7.000,True
2026-09-09 13:25:08.35+00:00,0,47.05349452,8.31946287,25.200,188.350,2.596,0.000,7.000,True
2026-09-09 13:25:08.40+00:00,0,47.05349615,8.31945892,25.200,188.400,2.596,0.000,7.000,True
2026-09-09 13:25:08.45+00:00,0,47.05349778,8.31945497,25.200,188.450,2.596,0.000,7.000,True
2026-09-09 13:25:08.50+00:00,0,47.05349942,8.31945102,25.200,188.500,2.596,0.000,7.000,True
2026-09-09 13:25:08.55+00:00,0,47.05350105,8.31944707,25.200,188.550,2.596,0.000,7.000,True
2026-09-09 13:25:08.60+00:00,0,47.05350268,8.31944312,25.200,188.600,2.596,0.000,7.000,True
2026-09-09 13:25:08.65+00:00,0,47.05350432,8.31943917,25.200,188.650,2.596,0.000,7.000,True
2026-09-09 13:25:08.70+00:00,0,47.05350595,8.31943522,25.200,188.700,2.596,0.000,7.000,True
2026-09-09 13:25:08.75+00:00,0,47.05350758,8.31943127,25.200,188.750,2.596,0.000,7.000,True
2026-09-09 13:25:08.80+00:00,0,47.05350921,8.31942732,25.200,188.800,2.596,0.000,7.000,True
2026-09-09 13:25:08.85+00:00,0,47.05351085,8.31942337,25.200,188.850,2.596,0.000,7.000,True
2026-09-09 13:25:08.90+00:00,0,47.05351248,8.31941942,25.200,188.900,2.596,0.000,7.000,True
2026-09-09 13:25:08.95+00:00,0,47.05351411,8.31941547,25.200,188.950,2.596,0.000,7.000,True
2026-09-09 13:25:09.00+00:00,0,47.05351575,8.31941152,25.200,189.000,2.596,0.000,7.000,True
2026-09-09 13:25:09.05+00:00,0,47.05351738,8.31940757,25.200,189.050,2.596,0.000,7.000,True
2026-09-09 13:25:09.10+00:00,0,47.05351901,8.31940362,25.200,189.100,2.596,0.000,7.000,True
2026-09-09 13:25:09.15+00:00,0,47.05352064,8.31939967,25.200,189.150,2.596,0.000,7.000,True
2026-09-09 13:25:09.20+00:00,0,47.05352228,8.31939573,25.200,189.200,2.596,0.000,7.000,True
2026-09-09 13:25:09.25+00:00,0,47.05352391,8.31939178,25.200,189.250,2.596,0.000,7.000,True
2026-09-09 13:25:09.30+00:00,0,47.05352554,8.31938783,25.200,189.300,2.596,0.000,7.000,True
2026-09-09 13:25:09.35+00:00,0,47.05352718,8.31938388,25.200,189.350,2.596,0.000,7.000,True
2026-09-09 13:25:09.40+00:00,0,47.05352881,8.31937993,25.200,189.400,2.596,0.000,7.000,True
2026-09-09 13:25:09.45+00:00,0,47.05353044,8.31937598,25.200,189.450,2.596,0.000,7.000,True
2026-09-09 13:25:09.50+00:00,0,47.05353208,8.31937203,25.200,189.500,2.596,0.000,7.000,True
2026-09-09 13:25:09.55+00:00,0,47.05353371,8.31936808,25.200,189.550,2.596,0.000,7.000,True
2026-09-09 13:25:09.60+00:00,0,47.05353534,8.31936413,25.200,189.600,2.596,0.000,7.000,True
2026-09-09 13:25:09.65+00:00,0,47.05353697,8.31936018,25.200,189.650,2.596,0.000,7.000,True
2026-09-09 13:25:09.70+00:00,0,47.05353861,8.31935623,25.200,189.700,2.596,0.000,7.000,True
2026-09-09 13:25:09.75+00:00,0,47.05354024,8.31935228,25.200,189.750,2.596,0.000,7.000,True
2026-09-09 13:25:09.80+00:00,0,47.05354187,8.31934833,25.200,189.800,2.596,0.000,7.000,True
2026-09-09 13:25:09.85+00:00,0,47.05354351,8.31934438,25.200,189.850,2.596,0.000,7.000,True
2026-09-09 13:25:09.90+00:00,0,47.05354514,8.31934043,25.200,189.900,2.596,0.000,7.000,True
2026-09-09 13:25:09.95+00:00,0,47.05354677,8.31933648,25.200,189.950,2.596,0.000,7.000,True
2026-09-09 13:25:10.00+00:00,0,47.05354840,8.31933253,25.200,190.000,2.596,0.000,7.000,True
2026-09-09 13:25:10.05+00:00,0,47.05355004,8.31932858,25.200,190.050,2.596,0.000,7.000,True
2026-09-09 13:25:10.10+00:00,0,47.05355167,8.31932464,25.200,190.100,2.596,0.000,7.000,True
2026-09-09 13:25:10.15+00:00,0,47.05355330,8.31932069,25.200,190.150,2.596,0.000,7.000,True
2026-09-09 13:25:10.20+00:00,0,47.05355494,8.31931674,25.200,190.200,2.596,0.000,7.000,True
2026-09-09 13:25:10.25+00:00,0,47.05355657,8.31931279,25.200,190.250,2.596,0.000,7.000,True
2026-09-09 13:25:10.30+00:00,0,47.05355820,8.31930884,25.200,190.300,2.596,0.000,7.000,True
2026-09-09 13:25:10.35+00:00,0,47.05355983,8.31930489,25.200,190.350,2.596,0.000,7.000,True
2026-09-09 13:25:10.40+00:00,0,47.05356147,8.31930094,25.200,190.400,2.596,0.000,7.000,True
2026-09-09 13:25:10.45+00:00,0,47.05356310,8.31929699,25.200,190.450,2.596,0.000,7.000,True
2026-09-09 13:25:10.50+00:00,0,47.05356473,8.31929304,25.200,190.500,2.596,0.000,7.000,True
2026-09-09 13:25:10.55+00:00,0,47.05356637,8.31928909,25.200,190.550,2.596,0.000,7.000,True
2026-09-09 13:25:10.60+00:00,0,47.05356800,8.31928514,25.200,190.600,2.596,0.000,7.000,True
2026-09-09 13:25:10.65+00:00,0,47.05356963,8.31928119,25.200,190.650,2.596,0.000,7.000,True
2026-09-09 13:25:10.70+00:00,0,47.05357126,8.31927724,25.200,190.700,2.596,0.000,7.000,True
2026-09-09 13:25:10.75+00:00,0,47.05357290,8.31927329,25.200,190.750,2.596,0.000,7.000,True
2026-09-09 13:25:10.80+00:00,0,47.05357453,8.31926934,25.200,190.800,2.596,0.000,7.000,True
2026-09-09 13:25:10.85+00:00,0,47.05357616,8.31926539,25.200,190.850,2.596,0.000,7.000,True
2026-09-09 13:25:10.90+00:00,0,47.05357780,8.31926144,25.200,190.900,2.596,0.000,7.000,True
2026-09-09 13:25:10.95+00:00,0,47.05357943,8.31925749,25.200,190.950,2.596,0.000,7.000,True
2026-09-09 13:25:11.00+00:00,0,47.05358106,8.31925355,25.200,191.000,2.596,0.000,7.000,True
2026-09-09 13:25:11.05+00:00,0,47.05358270,8.31924960,25.200,191.050,2.596,0.000,7.000,True
2026-09-09 13:25:11.10+00:00,0,47.05358433,8.31924565,25.200,191.100,2.596,0.000,7.000,True
2026-09-09 13:25:11.15+00:00,0,47.05358596,8.31924170,25.200,191.150,2.596,0.000,7.000,True
2026-09-09 13:25:11.20+00:00,0,47.05358759,8.31923775,25.200,191.200,2.596,0.000,7.000,True
2026-09-09 13:25:11.25+00:00,0,47.05358923,8.31923380,25.200,191.250,2.596,0.000,7.000,True
2026-09-09 13:25:11.30+00:00,0,47.05359086,8.31922985,25.200,191.300,2.596,0.000,7.000,True
2026-09-09 13:25:11.35+00:00,0,47.05359249,8.31922590,25.200,191.350,2.596,0.000,7.000,True
2026-09-09 13:25:11.40+00:00,0,47.05359413,8.31922195,25.200,191.400,2.596,0.000,7.000,True
2026-09-09 13:25:11.45+00:00,0,47.05359576,8.31921800,25.200,191.450,2.596,0.000,7.000,True
2026-09-09 13:25:11.50+00:00,0,47.05359739,8.31921405,25.200,191.500,2.596,0.000,7.000,True
2026-09-09 13:25:11.55+00:00,0,47.05359902,8.31921010,25.200,191.550,2.596,0.000,7.000,True
2026-09-09 13:25:11.60+00:00,0,47.05360066,8.31920615,25.200,191.600,2.596,0.000,7.000,True
2026-09-09 13:25:11.65+00:00,0,47.05360229,8.31920220,25.200,191.650,2.596,0.000,7.000,True
2026-09-09 13:25:11.70+00:00,0,47.05360392,8.31919825,25.200,191.700,2.596,0.000,7.000,True
2026-09-09 13:25:11.75+00:00,0,47.05360556,8.31919430,25.200,191.750,2.596,0.000,7.000,True
2026-09-09 13:25:11.80+00:00,0,47.05360719,8.31919035,25.200,191.800,2.596,0.000,7.000,True
2026-09-09 13:25:11.85+00:00,0,47.05360882,8.31918640,25.200,191.850,2.596,0.000,7.000,True
2026-09-09 13:25:11.90+00:00,0,47.05361045,8.31918246,25.200,191.900,2.596,0.000,7.000,True
2026-09-09 13:25:11.95+00:00,0,47.05361209,8.31917851,25.200,191.950,2.596,0.000,7.000,True
2026-09-09 13:25:12.00+00:00,0,47.05361372,8.31917456,25.200,192.000,2.596,0.000,7.000,True
2026-09-09 13:25:12.05+00:00,0,47.05361535,8.31917061,25.200,192.050,2.596,0.000,7.000,True
2026-09-09 13:25:12.10+00:00,0,47.05361699,8.31916666,25.200,192.100,2.596,0.000,7.000,True
2026-09-09 13:25:12.15+00:00,0,47.05361862,8.31916271,25.200,192.150,2.596,0.000,7.000,True
2026-09-09 13:25:12.20+00:00,0,47.05362025,8.31915876,25.200,192.200,2.596,0.000,7.000,True
2026-09-09 13:25:12.25+00:00,0,47.05362188,8.31915481,25.200,192.250,2.596,0.000,7.000,True
2026-09-09 13:25:12.30+00:00,0,47.05362352,8.31915086,25.200,192.300,2.596,0.000,7.000,True
2026-09-09 13:25:12.35+00:00,0,47.05362515,8.31914691,25.200,192.350,2.596,0.000,7.000,True
2026-09-09 13:25:12.40+00:00,0,47.05362678,8.31914296,25.200,192.400,2.596,0.000,7.000,True
2026-09-09 13:25:12.45+00:00,0,47.05362842,8.31913901,25.200,192.450,2.596,0.000,7.000,True
2026-09-09 13:25:12.50+00:00,0,47.05363005,8.31913506,25.200,192.500,2.596,0.000,7.000,True
2026-09-09 13:25:12.55+00:00,0,47.05363168,8.31913111,25.200,192.550,2.596,0.000,7.000,True
2026-09-09 13:25:12.60+00:00,0,47.05363332,8.31912716,25.200,192.600,2.596,0.000,7.000,True
2026-09-09 13:25:12.65+00:00,0,47.05363495,8.31912321,25.200,192.650,2.596,0.000,7.000,True
2026-09-09 13:25:12.70+00:00,0,47.05363658,8.31911926,25.200,192.700,2.596,0.000,7.000,True
2026-09-09 13:25:12.75+00:00,0,47.05363821,8.31911531,25.200,192.750,2.596,0.000,7.000,True
2026-09-09 13:25:12.80+00:00,0,47.05363985,8.31911137,25.200,192.800,2.596,0.000,7.000,True
2026-09-09 13:25:12.85+00:00,0,47.05364148,8.31910742,25.200,192.850,2.596,0.000,7.000,True
2026-09-09 13:25:12.90+00:00,0,47.05364311,8.31910347,25.200,192.900,2.596,0.000,7.000,True
2026-09-09 13:25:12.95+00:00,0,47.05364475,8.31909952,25.200,192.950,2.596,0.000,7.000,True
2026-09-09 13:25:13.00+00:00,0,47.05364638,8.31909557,25.200,193.000,2.596,0.000,7.000,True
2026-09-09 13:25:13.05+00:00,0,47.05364801,8.31909162,25.200,193.050,2.596,0.000,7.000,True
2026-09-09 13:25:13.10+00:00,0,47.05364964,8.31908767,25.200,193.100,2.596,0.000,7.000,True
2026-09-09 13:25:13.15+00:00,0,47.05365128,8.31908372,25.200,193.150,2.596,0.000,7.000,True
2026-09-09 13:25:13.20+00:00,0,47.05365291,8.31907977,25.200,193.200,2.596,0.000,7.000,True
2026-09-09 13:25:13.25+00:00,0,47.05365454,8.31907582,25.200,193.250,2.596,0.000,7.000,True
2026-09-09 13:25:13.30+00:00,0,47.05365618,8.31907187,25.200,193.300,2.596,0.000,7.000,True
2026-09-09 13:25:13.35+00:00,0,47.05365781,8.31906792,25.200,193.350,2.596,0.000,7.000,True
2026-09-09 13:25:13.40+00:00,0,47.05365944,8.31906397,25.200,193.400,2.596,0.000,7.000,True
2026-09-09 13:25:13.45+00:00,0,47.05366107,8.31906002,25.200,193.450,2.596,0.000,7.000,True
2026-09-09 13:25:13.50+00:00,0,47.05366271,8.31905607,25.200,193.500,2.596,0.000,7.000,True
2026-09-09 13:25:13.55+00:00,0,47.05366434,8.31905212,25.200,193.550,2.596,0.000,7.000,True
2026-09-09 13:25:13.60+00:00,0,47.05366597,8.31904817,25.200,193.600,2.596,0.000,7.000,True
2026-09-09 13:25:13.65+00:00,0,47.05366761,8.31904422,25.200,193.650,2.596,0.000,7.000,True
2026-09-09 13:25:13.70+00:00,0,47.05366924,8.31904028,25.200,193.700,2.596,0.000,7.000,True
2026-09-09 13:25:13.75+00:00,0,47.05367087,8.31903633,25.200,193.750,2.596,0.000,7.000,True
2026-09-09 13:25:13.80+00:00,0,47.05367250,8.31903238,25.200,193.800,2.596,0.000,7.000,True
2026-09-09 13:25:13.85+00:00,0,47.05367414,8.31902843,25.200,193.850,2.596,0.000,7.000,True
2026-09-09 13:25:13.90+00:00,0,47.05367577,8.31902448,25.200,193.900,2.596,0.000,7.000,True
2026-09-09 13:25:13.95+00:00,0,47.05367740,8.31902053,25.200,193.950,2.596,0.000,7.000,True
2026-09-09 13:25:14.00+00:00,0,47.05367904,8.31901658,25.200,194.000,2.596,0.000,7.000,True
2026-09-09 13:25:14.05+00:00,0,47.05368067,8.31901263,25.200,194.050,2.596,0.000,7.000,True
2026-09-09 13:25:14.10+00:00,0,47.05368230,8.31900868,25.200,194.100,2.596,0.000,7.000,True
2026-09-09 13:25:14.15+00:00,0,47.05368394,8.31900473,25.200,194.150,2.596,0.000,7.000,True
2026-09-09 13:25:14.20+00:00,0,47.05368557,8.31900078,25.200,194.200,2.596,0.000,7.000,True
2026-09-09 13:25:14.25+00:00,0,47.05368720,8.31899683,25.200,194.250,2.596,0.000,7.000,True
2026-09-09 13:25:14.30+00:00,0,47.05368883,8.31899288,25.200,194.300,2.596,0.000,7.000,True
2026-09-09 13:25:14.35+00:00,0,47.05369047,8.31898893,25.200,194.350,2.596,0.000,7.000,True
2026-09-09 13:25:14.40+00:00,0,47.05369210,8.31898498,25.200,194.400,2.596,0.000,7.000,True
2026-09-09 13:25:14.45+00:00,0,47.05369373,8.31898103,25.200,194.450,2.596,0.000,7.000,True
2026-09-09 13:25:14.50+00:00,0,47.05369537,8.31897708,25.200,194.500,2.596,0.000,7.000,True
2026-09-09 13:25:14.55+00:00,0,47.05369700,8.31897313,25.200,194.550,2.596,0.000,7.000,True
2026-09-09 13:25:14.60+00:00,0,47.05369863,8.31896918,25.200,194.600,2.596,0.000,7.000,True
2026-09-09 13:25:14.65+00:00,0,47.05370026,8.31896524,25.200,194.650,2.596,0.000,7.000,True
2026-09-09 13:25:14.70+00:00,0,47.05370190,8.31896129,25.200,194.700,2.596,0.000,7.000,True
2026-09-09 13:25:14.75+00:00,0,47.05370353,8.31895734,25.200,194.750,2.596,0.000,7.000,True
2026-09-09 13:25:14.80+00:00,0,47.05370516,8.31895339,25.200,194.800,2.596,0.000,7.000,True
2026-09-09 13:25:14.85+00:00,0,47.05370680,8.31894944,25.200,194.850,2.596,0.000,7.000,True
2026-09-09 13:25:14.90+00:00,0,47.05370843,8.31894549,25.200,194.900,2.596,0.000,7.000,True
2026-09-09 13:25:14.95+00:00,0,47.05371006,8.31894154,25.200,194.950,2.596,0.000,7.000,True
2026-09-09 13:25:15.00+00:00,0,47.05371169,8.31893759,25.200,195.000,2.596,0.000,7.000,True
2026-09-09 13:25:15.05+00:00,0,47.05371333,8.31893364,25.200,195.050,2.596,0.000,7.000,True
2026-09-09 13:25:15.10+00:00,0,47.05371496,8.31892969,25.200,195.100,2.596,0.000,7.000,True
2026-09-09 13:25:15.15+00:00,0,47.05371659,8.31892574,25.200,195.150,2.596,0.000,7.000,True
2026-09-09 13:25:15.20+00:00,0,47.05371823,8.31892179,25.200,195.200,2.596,0.000,7.000,True
2026-09-09 13:25:15.25+00:00,0,47.05371986,8.31891784,25.200,195.250,2.596,0.000,7.000,True
2026-09-09 13:25:15.30+00:00,0,47.05372149,8.31891389,25.200,195.300,2.596,0.000,7.000,True
2026-09-09 13:25:15.35+00:00,0,47.05372312,8.31890994,25.200,195.350,2.596,0.000,7.000,True
2026-09-09 13:25:15.40+00:00,0,47.05372476,8.31890599,25.200,195.400,2.596,0.000,7.000,True
2026-09-09 13:25:15.45+00:00,0,47.05372639,8.31890204,25.200,195.450,2.596,0.000,7.000,True
2026-09-09 13:25:15.50+00:00,0,47.05372802,8.31889809,25.200,195.500,2.596,0.000,7.000,True
2026-09-09 13:25:15.55+00:00,0,47.05372966,8.31889415,25.200,195.550,2.596,0.000,7.000,True
2026-09-09 13:25:15.60+00:00,0,47.05373129,8.31889020,25.200,195.600,2.596,0.000,7.000,True
2026-09-09 13:25:15.65+00:00,0,47.05373292,8.31888625,25.200,195.650,2.596,0.000,7.000,True
2026-09-09 13:25:15.70+00:00,0,47.05373455,8.31888230,25.200,195.700,2.596,0.000,7.000,True
2026-09-09 13:25:15.75+00:00,0,47.05373619,8.31887835,25.200,195.750,2.596,0.000,7.000,True
2026-09-09 13:25:15.80+00:00,0,47.05373782,8.31887440,25.200,195.800,2.596,0.000,7.000,True
2026-09-09 13:25:15.85+00:00,0,47.05373945,8.31887045,25.200,195.850,2.596,0.000,7.000,True
2026-09-09 13:25:15.90+00:00,0,47.05374109,8.31886650,25.200,195.900,2.596,0.000,7.000,True
2026-09-09 13:25:15.95+00:00,0,47.05374272,8.31886255,25.200,195.950,2.596,0.000,7.000,True
2026-09-09 13:25:16.00+00:00,0,47.05374435,8.31885860,25.200,196.000,2.596,0.000,7.000,True
2026-09-09 13:25:16.05+00:00,0,47.05374599,8.31885465,25.200,196.050,2.596,0.000,7.000,True
2026-09-09 13:25:16.10+00:00,0,47.05374762,8.31885070,25.200,196.100,2.596,0.000,7.000,True
2026-09-09 13:25:16.15+00:00,0,47.05374925,8.31884675,25.200,196.150,2.596,0.000,7.000,True
2026-09-09 13:25:16.20+00:00,0,47.05375088,8.31884280,25.200,196.200,2.596,0.000,7.000,True
2026-09-09 13:25:16.25+00:00,0,47.05375252,8.31883885,25.200,196.250,2.596,0.000,7.000,True
2026-09-09 13:25:16.30+00:00,0,47.05375415,8.31883490,25.200,196.300,2.596,0.000,7.000,True
2026-09-09 13:25:16.35+00:00,0,47.05375578,8.31883095,25.200,196.350,2.596,0.000,7.000,True
2026-09-09 13:25:16.40+00:00,0,47.05375742,8.31882700,25.200,196.400,2.596,0.000,7.000,True
2026-09-09 13:25:16.45+00:00,0,47.05375905,8.31882305,25.200,196.450,2.596,0.000,7.000,True
2026-09-09 13:25:16.50+00:00,0,47.05376068,8.31881911,25.200,196.500,2.596,0.000,7.000,True
2026-09-09 13:25:16.55+00:00,0,47.05376231,8.31881516,25.200,196.550,2.596,0.000,7.000,True
2026-09-09 13:25:16.60+00:00,0,47.05376395,8.31881121,25.200,196.600,2.596,0.000,7.000,True
2026-09-09 13:25:16.65+00:00,0,47.05376558,8.31880726,25.200,196.650,2.596,0.000,7.000,True
2026-09-09 13:25:16.70+00:00,0,47.05376721,8.31880331,25.200,196.700,2.596,0.000,7.000,True
2026-09-09 13:25:16.75+00:00,0,47.05376885,8.31879936,25.200,196.750,2.596,0.000,7.000,True
2026-09-09 13:25:16.80+00:00,0,47.05377048,8.31879541,25.200,196.800,2.596,0.000,7.000,True
2026-09-09 13:25:16.85+00:00,0,47.05377211,8.31879146,25.200,196.850,2.596,0.000,7.000,True
2026-09-09 13:25:16.90+00:00,0,47.05377374,8.31878751,25.200,196.900,2.596,0.000,7.000,True
2026-09-09 13:25:16.95+00:00,0,47.05377538,8.31878356,25.200,196.950,2.596,0.000,7.000,True
2026-09-09 13:25:17.00+00:00,0,47.05377701,8.31877961,25.200,197.000,2.596,0.000,7.000,True
2026-09-09 13:25:17.05+00:00,0,47.05377864,8.31877566,25.200,197.050,2.596,0.000,7.000,True
2026-09-09 13:25:17.10+00:00,0,47.05378028,8.31877171,25.200,197.100,2.596,0.000,7.000,True
2026-09-09 13:25:17.15+00:00,0,47.05378191,8.31876776,25.200,197.150,2.596,0.000,7.000,True
2026-09-09 13:25:17.20+00:00,0,47.05378354,8.31876381,25.200,197.200,2.596,0.000,7.000,True
2026-09-09 13:25:17.25+00:00,0,47.05378517,8.31875986,25.200,197.250,2.596,0.000,7.000,True
2026-09-09 13:25:17.30+00:00,0,47.05378681,8.31875591,25.200,197.300,2.596,0.000,7.000,True
2026-09-09 13:25:17.35+00:00,0,47.05378844,8.31875196,25.200,197.350,2.596,0.000,7.000,True
2026-09-09 13:25:17.40+00:00,0,47.05379007,8.31874802,25.200,197.400,2.596,0.000,7.000,True
2026-09-09 13:25:17.45+00:00,0,47.05379171,8.31874407,25.200,197.450,2.596,0.000,7.000,True
2026-09-09 13:25:17.50+00:00,0,47.05379334,8.31874012,25.200,197.500,2.596,0.000,7.000,True
2026-09-09 13:25:17.55+00:00,0,47.05379497,8.31873617,25.200,197.550,2.596,0.000,7.000,True
2026-09-09 13:25:17.60+00:00,0,47.05379661,8.31873222,25.200,197.600,2.596,0.000,7.000,True
2026-09-09 13:25:17.65+00:00,0,47.05379824,8.31872827,25.200,197.650,2.596,0.000,7.000,True
2026-09-09 13:25:17.70+00:00,0,47.05379987,8.31872432,25.200,197.700,2.596,0.000,7.000,True
2026-09-09 13:25:17.75+00:00,0,47.05380150,8.31872037,25.200,197.750,2.596,0.000,7.000,True
2026-09-09 13:25:17.80+00:00,0,47.05380314,8.31871642,25.200,197.800,2.596,0.000,7.000,True
2026-09-09 13:25:17.85+00:00,0,47.05380477,8.31871247,25.200,197.850,2.596,0.000,7.000,True
2026-09-09 13:25:17.90+00:00,0,47.05380640,8.31870852,25.200,197.900,2.596,0.000,7.000,True
2026-09-09 13:25:17.95+00:00,0,47.05380804,8.31870457,25.200,197.950,2.596,0.000,7.000,True
2026-09-09 13:25:18.00+00:00,0,47.05380967,8.31870062,25.200,198.000,2.596,0.000,7.000,True
2026-09-09 13:25:18.05+00:00,0,47.05381130,8.31869667,25.200,198.050,2.596,0.000,7.000,True
2026-09-09 13:25:18.10+00:00,0,47.05381293,8.31869272,25.200,198.100,2.596,0.000,7.000,True
2026-09-09 13:25:18.15+00:00,0,47.05381457,8.31868877,25.200,198.150,2.596,0.000,7.000,True
2026-09-09 13:25:18.20+00:00,0,47.05381620,8.31868482,25.200,198.200,2.596,0.000,7.000,True
2026-09-09 13:25:18.25+00:00,0,47.05381783,8.31868087,25.200,198.250,2.596,0.000,7.000,True
2026-09-09 13:25:18.30+00:00,0,47.05381947,8.31867692,25.200,198.300,2.596,0.000,7.000,True
2026-09-09 13:25:18.35+00:00,0,47.05382110,8.31867298,25.200,198.350,2.596,0.000,7.000,True
2026-09-09 13:25:18.40+00:00,0,47.05382273,8.31866903,25.200,198.400,2.596,0.000,7.000,True
2026-09-09 13:25:18.45+00:00,0,47.05382436,8.31866508,25.200,198.450,2.596,0.000,7.000,True
2026-09-09 13:25:18.50+00:00,0,47.05382600,8.31866113,25.200,198.500,2.596,0.000,7.000,True
2026-09-09 13:25:18.55+00:00,0,47.05382763,8.31865718,25.200,198.550,2.596,0.000,7.000,True
2026-09-09 13:25:18.60+00:00,0,47.05382926,8.31865323,25.200,198.600,2.596,0.000,7.000,True
2026-09-09 13:25:18.65+00:00,0,47.05383090,8.31864928,25.200,198.650,2.596,0.000,7.000,True
2026-09-09 13:25:18.70+00:00,0,47.05383253,8.31864533,25.200,198.700,2.596,0.000,7.000,True
2026-09-09 13:25:18.75+00:00,0,47.05383416,8.31864138,25.200,198.750,2.596,0.000,7.000,True
2026-09-09 13:25:18.80+00:00,0,47.05383579,8.31863743,25.200,198.800,2.596,0.000,7.000,True
2026-09-09 13:25:18.85+00:00,0,47.05383743,8.31863348,25.200,198.850,2.596,0.000,7.000,True
2026-09-09 13:25:18.90+00:00,0,47.05383906,8.31862953,25.200,198.900,2.596,0.000,7.000,True
2026-09-09 13:25:18.95+00:00,0,47.05384069,8.31862558,25.200,198.950,2.596,0.000,7.000,True
2026-09-09 13:25:19.00+00:00,0,47.05384233,8.31862163,25.200,199.000,2.596,0.000,7.000,True
2026-09-09 13:25:19.05+00:00,0,47.05384396,8.31861768,25.200,199.050,2.596,0.000,7.000,True
2026-09-09 13:25:19.10+00:00,0,47.05384559,8.31861373,25.200,199.100,2.596,0.000,7.000,True
2026-09-09 13:25:19.15+00:00,0,47.05384723,8.31860978,25.200,199.150,2.596,0.000,7.000,True
2026-09-09 13:25:19.20+00:00,0,47.05384886,8.31860583,25.200,199.200,2.596,0.000,7.000,True
2026-09-09 13:25:19.25+00:00,0,47.05385049,8.31860189,25.200,199.250,2.596,0.000,7.000,True
2026-09-09 13:25:19.30+00:00,0,47.05385212,8.31859794,25.200,199.300,2.596,0.000,7.000,True
2026-09-09 13:25:19.35+00:00,0,47.05385376,8.31859399,25.200,199.350,2.596,0.000,7.000,True
2026-09-09 13:25:19.40+00:00,0,47.05385539,8.31859004,25.200,199.400,2.596,0.000,7.000,True
2026-09-09 13:25:19.45+00:00,0,47.05385702,8.31858609,25.200,199.450,2.596,0.000,7.000,True
2026-09-09 13:25:19.50+00:00,0,47.05385866,8.31858214,25.200,199.500,2.596,0.000,7.000,True
2026-09-09 13:25:19.55+00:00,0,47.05386029,8.31857819,25.200,199.550,2.596,0.000,7.000,True
2026-09-09 13:25:19.60+00:00,0,47.05386192,8.31857424,25.200,199.600,2.596,0.000,7.000,True
2026-09-09 13:25:19.65+00:00,0,47.05386355,8.31857029,25.200,199.650,2.596,0.000,7.000,True
2026-09-09 13:25:19.70+00:00,0,47.05386519,8.31856634,25.200,199.700,2.596,0.000,7.000,True
2026-09-09 13:25:19.75+00:00,0,47.05386682,8.31856239,25.200,199.750,2.596,0.000,7.000,True
2026-09-09 13:25:19.80+00:00,0,47.05386845,8.31855844,25.200,199.800,2.596,0.000,7.000,True
2026-09-09 13:25:19.85+00:00,0,47.05387009,8.31855449,25.200,199.850,2.596,0.000,7.000,True
2026-09-09 13:25:19.90+00:00,0,47.05387172,8.31855054,25.200,199.900,2.596,0.000,7.000,True
2026-09-09 13:25:19.95+00:00,0,47.05387335,8.31854659,25.200,199.950,2.596,0.000,7.000,True
2026-09-09 13:25:20.00+00:00,0,47.05387498,8.31854264,25.200,200.000,2.596,0.000,7.000,True
2026-09-09 13:25:20.05+00:00,0,47.05387662,8.31853869,25.200,200.050,2.596,0.000,7.000,True
2026-09-09 13:25:20.10+00:00,0,47.05387825,8.31853474,25.200,200.100,2.596,0.000,7.000,True
2026-09-09 13:25:20.15+00:00,0,47.05387988,8.31853079,25.200,200.150,2.596,0.000,7.000,True
2026-09-09 13:25:20.20+00:00,0,47.05388152,8.31852685,25.200,200.200,2.596,0.000,7.000,True
2026-09-09 13:25:20.25+00:00,0,47.05388315,8.31852290,25.200,200.250,2.596,0.000,7.000,True
2026-09-09 13:25:20.30+00:00,0,47.05388478,8.31851895,25.200,200.300,2.596,0.000,7.000,True
2026-09-09 13:25:20.35+00:00,0,47.05388641,8.31851500,25.200,200.350,2.596,0.000,7.000,True
2026-09-09 13:25:20.40+00:00,0,47.05388805,8.31851105,25.200,200.400,2.596,0.000,7.000,True
2026-09-09 13:25:20.45+00:00,0,47.05388968,8.31850710,25.200,200.450,2.596,0.000,7.000,True
2026-09-09 13:25:20.50+00:00,0,47.05389131,8.31850315,25.200,200.500,2.596,0.000,7.000,True
2026-09-09 13:25:20.55+00:00,0,47.05389295,8.31849920,25.200,200.550,2.596,0.000,7.000,True
2026-09-09 13:25:20.60+00:00,0,47.05389458,8.31849525,25.200,200.600,2.596,0.000,7.000,True
2026-09-09 13:25:20.65+00:00,0,47.05389621,8.31849130,25.200,200.650,2.596,0.000,7.000,True
2026-09-09 13:25:20.70+00:00,0,47.05389785,8.31848735,25.200,200.700,2.596,0.000,7.000,True
2026-09-09 13:25:20.75+00:00,0,47.05389948,8.31848340,25.200,200.750,2.596,0.000,7.000,True
2026-09-09 13:25:20.80+00:00,0,47.05390111,8.31847945,25.200,200.800,2.596,0.000,7.000,True
2026-09-09 13:25:20.85+00:00,0,47.05390274,8.31847550,25.200,200.850,2.596,0.000,7.000,True
2026-09-09 13:25:20.90+00:00,0,47.05390438,8.31847155,25.200,200.900,2.596,0.000,7.000,True
2026-09-09 13:25:20.95+00:00,0,47.05390601,8.31846760,25.200,200.950,2.596,0.000,7.000,True
2026-09-09 13:25:21.00+00:00,0,47.05390764,8.31846365,25.200,201.000,2.596,0.000,7.000,True
2026-09-09 13:25:21.05+00:00,0,47.05390928,8.31845970,25.200,201.050,2.596,0.000,7.000,True
2026-09-09 13:25:21.10+00:00,0,47.05391091,8.31845575,25.200,201.100,2.596,0.000,7.000,True
2026-09-09 13:25:21.15+00:00,0,47.05391254,8.31845181,25.200,201.150,2.596,0.000,7.000,True
2026-09-09 13:25:21.20+00:00,0,47.05391417,8.31844786,25.200,201.200,2.596,0.000,7.000,True
2026-09-09 13:25:21.25+00:00,0,47.05391581,8.31844391,25.200,201.250,2.596,0.000,7.000,True
2026-09-09 13:25:21.30+00:00,0,47.05391744,8.31843996,25.200,201.300,2.596,0.000,7.000,True
2026-09-09 13:25:21.35+00:00,0,47.05391907,8.31843601,25.200,201.350,2.596,0.000,7.000,True
2026-09-09 13:25:21.40+00:00,0,47.05392071,8.31843206,25.200,201.400,2.596,0.000,7.000,True
2026-09-09 13:25:21.45+00:00,0,47.05392234,8.31842811,25.200,201.450,2.596,0.000,7.000,True
2026-09-09 13:25:21.50+00:00,0,47.05392397,8.31842416,25.200,201.500,2.596,0.000,7.000,True
2026-09-09 13:25:21.55+00:00,0,47.05392560,8.31842021,25.200,201.550,2.596,0.000,7.000,True
2026-09-09 13:25:21.60+00:00,0,47.05392724,8.31841626,25.200,201.600,2.596,0.000,7.000,True
2026-09-09 13:25:21.65+00:00,0,47.05392887,8.31841231,25.200,201.650,2.596,0.000,7.000,True
2026-09-09 13:25:21.70+00:00,0,47.05393050,8.31840836,25.200,201.700,2.596,0.000,7.000,True
2026-09-09 13:25:21.75+00:00,0,47.05393214,8.31840441,25.200,201.750,2.596,0.000,7.000,True
2026-09-09 13:25:21.80+00:00,0,47.05393377,8.31840046,25.200,201.800,2.596,0.000,7.000,True
2026-09-09 13:25:21.85+00:00,0,47.05393540,8.31839651,25.200,201.850,2.596,0.000,7.000,True
2026-09-09 13:25:21.90+00:00,0,47.05393703,8.31839256,25.200,201.900,2.596,0.000,7.000,True
2026-09-09 13:25:21.95+00:00,0,47.05393867,8.31838861,25.200,201.950,2.596,0.000,7.000,True
2026-09-09 13:25:22.00+00:00,0,47.05394030,8.31838466,25.200,202.000,2.596,0.000,7.000,True
2026-09-09 13:25:22.05+00:00,0,47.05394193,8.31838071,25.200,202.050,2.596,0.000,7.000,True
2026-09-09 13:25:22.10+00:00,0,47.05394357,8.31837677,25.200,202.100,2.596,0.000,7.000,True
2026-09-09 13:25:22.15+00:00,0,47.05394520,8.31837282,25.200,202.150,2.596,0.000,7.000,True
2026-09-09 13:25:22.20+00:00,0,47.05394683,8.31836887,25.200,202.200,2.596,0.000,7.000,True
2026-09-09 13:25:22.25+00:00,0,47.05394847,8.31836492,25.200,202.250,2.596,0.000,7.000,True
2026-09-09 13:25:22.30+00:00,0,47.05395010,8.31836097,25.200,202.300,2.596,0.000,7.000,True
2026-09-09 13:25:22.35+00:00,0,47.05395173,8.31835702,25.200,202.350,2.596,0.000,7.000,True
2026-09-09 13:25:22.40+00:00,0,47.05395336,8.31835307,25.200,202.400,2.596,0.000,7.000,True
2026-09-09 13:25:22.45+00:00,0,47.05395500,8.31834912,25.200,202.450,2.596,0.000,7.000,True
2026-09-09 13:25:22.50+00:00,0,47.05395663,8.31834517,25.200,202.500,2.596,0.000,7.000,True
2026-09-09 13:25:22.55+00:00,0,47.05395826,8.31834122,25.200,202.550,2.596,0.000,7.000,True
2026-09-09 13:25:22.60+00:00,0,47.05395990,8.31833727,25.200,202.600,2.596,0.000,7.000,True
2026-09-09 13:25:22.65+00:00,0,47.05396153,8.31833332,25.200,202.650,2.596,0.000,7.000,True
2026-09-09 13:25:22.70+00:00,0,47.05396316,8.31832937,25.200,202.700,2.596,0.000,7.000,True
2026-09-09 13:25:22.75+00:00,0,47.05396479,8.31832542,25.200,202.750,2.596,0.000,7.000,True
2026-09-09 13:25:22.80+00:00,0,47.05396643,8.31832147,25.200,202.800,2.596,0.000,7.000,True
2026-09-09 13:25:22.85+00:00,0,47.05396806,8.31831752,25.200,202.850,2.596,0.000,7.000,True
2026-09-09 13:25:22.90+00:00,0,47.05396969,8.31831357,25.200,202.900,2.596,0.000,7.000,True
2026-09-09 13:25:22.95+00:00,0,47.05397133,8.31830962,25.200,202.950,2.596,0.000,7.000,True
2026-09-09 13:25:23.00+00:00,0,47.05397296,8.31830567,25.200,203.000,2.596,0.000,7.000,True
2026-09-09 13:25:23.05+00:00,0,47.05397459,8.31830173,25.200,203.050,2.596,0.000,7.000,True
2026-09-09 13:25:23.10+00:00,0,47.05397622,8.31829778,25.200,203.100,2.596,0.000,7.000,True
2026-09-09 13:25:23.15+00:00,0,47.05397786,8.31829383,25.200,203.150,2.596,0.000,7.000,True
2026-09-09 13:25:23.20+00:00,0,47.05397949,8.31828988,25.200,203.200,2.596,0.000,7.000,True
2026-09-09 13:25:23.25+00:00,0,47.05398112,8.31828593,25.200,203.250,2.596,0.000,7.000,True
2026-09-09 13:25:23.30+00:00,0,47.05398276,8.31828198,25.200,203.300,2.596,0.000,7.000,True
2026-09-09 13:25:23.35+00:00,0,47.05398439,8.31827803,25.200,203.350,2.596,0.000,7.000,True
2026-09-09 13:25:23.40+00:00,0,47.05398602,8.31827408,25.200,203.400,2.596,0.000,7.000,True
2026-09-09 13:25:23.45+00:00,0,47.05398765,8.31827013,25.200,203.450,2.596,0.000,7.000,True
2026-09-09 13:25:23.50+00:00,0,47.05398929,8.31826618,25.200,203.500,2.596,0.000,7.000,True
2026-09-09 13:25:23.55+00:00,0,47.05399092,8.31826223,25.200,203.550,2.596,0.000,7.000,True
2026-09-09 13:25:23.60+00:00,0,47.05399255,8.31825828,25.200,203.600,2.596,0.000,7.000,True
2026-09-09 13:25:23.65+00:00,0,47.05399419,8.31825433,25.200,203.650,2.596,0.000,7.000,True
2026-09-09 13:25:23.70+00:00,0,47.05399582,8.31825038,25.200,203.700,2.596,0.000,7.000,True
2026-09-09 13:25:23.75+00:00,0,47.05399745,8.31824643,25.200,203.750,2.596,0.000,7.000,True
2026-09-09 13:25:23.80+00:00,0,47.05399909,8.31824248,25.200,203.800,2.596,0.000,7.000,True
2026-09-09 13:25:23.85+00:00,0,47.05400072,8.31823853,25.200,203.850,2.596,0.000,7.000,True
2026-09-09 13:25:23.90+00:00,0,47.05400235,8.31823458,25.200,203.900,2.596,0.000,7.000,True
2026-09-09 13:25:23.95+00:00,0,47.05400398,8.31823063,25.200,203.950,2.596,0.000,7.000,True
2026-09-09 13:25:24.00+00:00,0,47.05400562,8.31822669,25.200,204.000,2.596,0.000,7.000,True
2026-09-09 13:25:24.05+00:00,0,47.05400725,8.31822274,25.200,204.050,2.596,0.000,7.000,True
2026-09-09 13:25:24.10+00:00,0,47.05400888,8.31821879,25.200,204.100,2.596,0.000,7.000,True
2026-09-09 13:25:24.15+00:00,0,47.05401052,8.31821484,25.200,204.150,2.596,0.000,7.000,True
2026-09-09 13:25:24.20+00:00,0,47.05401215,8.31821089,25.200,204.200,2.596,0.000,7.000,True
2026-09-09 13:25:24.25+00:00,0,47.05401378,8.31820694,25.200,204.250,2.596,0.000,7.000,True
2026-09-09 13:25:24.30+00:00,0,47.05401541,8.31820299,25.200,204.300,2.596,0.000,7.000,True
2026-09-09 13:25:24.35+00:00,0,47.05401705,8.31819904,25.200,204.350,2.596,0.000,7.000,True
2026-09-09 13:25:24.40+00:00,0,47.05401868,8.31819509,25.200,204.400,2.596,0.000,7.000,True
2026-09-09 13:25:24.45+00:00,0,47.05402031,8.31819114,25.200,204.450,2.596,0.000,7.000,True
2026-09-09 13:25:24.50+00:00,0,47.05402195,8.31818719,25.200,204.500,2.596,0.000,7.000,True
2026-09-09 13:25:24.55+00:00,0,47.05402358,8.31818324,25.200,204.550,2.596,0.000,7.000,True
2026-09-09 13:25:24.60+00:00,0,47.05402521,8.31817929,25.200,204.600,2.596,0.000,7.000,True
2026-09-09 13:25:24.65+00:00,0,47.05402684,8.31817534,25.200,204.650,2.596,0.000,7.000,True
2026-09-09 13:25:24.70+00:00,0,47.05402848,8.31817139,25.200,204.700,2.596,0.000,7.000,True
2026-09-09 13:25:24.75+00:00,0,47.05403011,8.31816744,25.200,204.750,2.596,0.000,7.000,True
2026-09-09 13:25:24.80+00:00,0,47.05403174,8.31816349,25.200,204.800,2.596,0.000,7.000,True
2026-09-09 13:25:24.85+00:00,0,47.05403338,8.31815954,25.200,204.850,2.596,0.000,7.000,True
2026-09-09 13:25:24.90+00:00,0,47.05403501,8.31815559,25.200,204.900,2.596,0.000,7.000,True
2026-09-09 13:25:24.95+00:00,0,47.05403664,8.31815165,25.200,204.950,2.596,0.000,7.000,True
2026-09-09 13:25:25.00+00:00,0,47.05403827,8.31814770,25.200,205.000,2.596,0.000,7.000,True
2026-09-09 13:25:25.05+00:00,0,47.05403991,8.31814375,25.200,205.050,2.596,0.000,7.000,True
2026-09-09 13:25:25.10+00:00,0,47.05404154,8.31813980,25.200,205.100,2.596,0.000,7.000,True
2026-09-09 13:25:25.15+00:00,0,47.05404317,8.31813585,25.200,205.150,2.596,0.000,7.000,True
2026-09-09 13:25:25.20+00:00,0,47.05404481,8.31813190,25.200,205.200,2.596,0.000,7.000,True
2026-09-09 13:25:25.25+00:00,0,47.05404644,8.31812795,25.200,205.250,2.596,0.000,7.000,True
2026-09-09 13:25:25.30+00:00,0,47.05404807,8.31812400,25.200,205.300,2.596,0.000,7.000,True
2026-09-09 13:25:25.35+00:00,0,47.05404971,8.31812005,25.200,205.350,2.596,0.000,7.000,True
2026-09-09 13:25:25.40+00:00,0,47.05405134,8.31811610,25.200,205.400,2.596,0.000,7.000,True
2026-09-09 13:25:25.45+00:00,0,47.05405297,8.31811215,25.200,205.450,2.596,0.000,7.000,True
2026-09-09 13:25:25.50+00:00,0,47.05405460,8.31810820,25.200,205.500,2.596,0.000,7.000,True
2026-09-09 13:25:25.55+00:00,0,47.05405624,8.31810425,25.200,205.550,2.596,0.000,7.000,True
2026-09-09 13:25:25.60+00:00,0,47.05405787,8.31810030,25.200,205.600,2.596,0.000,7.000,True
2026-09-09 13:25:25.65+00:00,0,47.05405950,8.31809635,25.200,205.650,2.596,0.000,7.000,True
2026-09-09 13:25:25.70+00:00,0,47.05406114,8.31809240,25.200,205.700,2.596,0.000,7.000,True
2026-09-09 13:25:25.75+00:00,0,47.05406277,8.31808845,25.200,205.750,2.596,0.000,7.000,True
2026-09-09 13:25:25.80+00:00,0,47.05406440,8.31808450,25.200,205.800,2.596,0.000,7.000,True
2026-09-09 13:25:25.85+00:00,0,47.05406603,8.31808055,25.200,205.850,2.596,0.000,7.000,True
2026-09-09 13:25:25.90+00:00,0,47.05406767,8.31807660,25.200,205.900,2.596,0.000,7.000,True
2026-09-09 13:25:25.95+00:00,0,47.05406930,8.31807266,25.200,205.950,2.596,0.000,7.000,True
2026-09-09 13:25:26.00+00:00,0,47.05407093,8.31806871,25.200,206.000,2.596,0.000,7.000,True
2026-09-09 13:25:26.05+00:00,0,47.05407257,8.31806476,25.200,206.050,2.596,0.000,7.000,True
2026-09-09 13:25:26.10+00:00,0,47.05407420,8.31806081,25.200,206.100,2.596,0.000,7.000,True
2026-09-09 13:25:26.15+00:00,0,47.05407583,8.31805686,25.200,206.150,2.596,0.000,7.000,True
2026-09-09 13:25:26.20+00:00,0,47.05407746,8.31805291,25.200,206.200,2.596,0.000,7.000,True
2026-09-09 13:25:26.25+00:00,0,47.05407910,8.31804896,25.200,206.250,2.596,0.000,7.000,True
2026-09-09 13:25:26.30+00:00,0,47.05408073,8.31804501,25.200,206.300,2.596,0.000,7.000,True
2026-09-09 13:25:26.35+00:00,0,47.05408236,8.31804106,25.200,206.350,2.596,0.000,7.000,True
2026-09-09 13:25:26.40+00:00,0,47.05408400,8.31803711,25.200,206.400,2.596,0.000,7.000,True
2026-09-09 13:25:26.45+00:00,0,47.05408563,8.31803316,25.200,206.450,2.596,0.000,7.000,True
2026-09-09 13:25:26.50+00:00,0,47.05408726,8.31802921,25.200,206.500,2.596,0.000,7.000,True
2026-09-09 13:25:26.55+00:00,0,47.05408889,8.31802526,25.200,206.550,2.596,0.000,7.000,True
2026-09-09 13:25:26.60+00:00,0,47.05409053,8.31802131,25.200,206.600,2.596,0.000,7.000,True
2026-09-09 13:25:26.65+00:00,0,47.05409216,8.31801736,25.200,206.650,2.596,0.000,7.000,True
2026-09-09 13:25:26.70+00:00,0,47.05409379,8.31801341,25.200,206.700,2.596,0.000,7.000,True
2026-09-09 13:25:26.75+00:00,0,47.05409543,8.31800946,25.200,206.750,2.596,0.000,7.000,True
2026-09-09 13:25:26.80+00:00,0,47.05409706,8.31800551,25.200,206.800,2.596,0.000,7.000,True
2026-09-09 13:25:26.85+00:00,0,47.05409869,8.31800156,25.200,206.850,2.596,0.000,7.000,True
2026-09-09 13:25:26.90+00:00,0,47.05410032,8.31799762,25.200,206.900,2.596,0.000,7.000,True
2026-09-09 13:25:26.95+00:00,0,47.05410196,8.31799367,25.200,206.950,2.596,0.000,7.000,True
2026-09-09 13:25:27.00+00:00,0,47.05410359,8.31798972,25.200,207.000,2.596,0.000,7.000,True
2026-09-09 13:25:27.05+00:00,0,47.05410522,8.31798577,25.200,207.050,2.596,0.000,7.000,True
2026-09-09 13:25:27.10+00:00,0,47.05410686,8.31798182,25.200,207.100,2.596,0.000,7.000,True
2026-09-09 13:25:27.15+00:00,0,47.05410849,8.31797787,25.200,207.150,2.596,0.000,7.000,True
2026-09-09 13:25:27.20+00:00,0,47.05411012,8.31797392,25.200,207.200,2.596,0.000,7.000,True
2026-09-09 13:25:27.25+00:00,0,47.05411176,8.31796997,25.200,207.250,2.596,0.000,7.000,True
2026-09-09 13:25:27.30+00:00,0,47.05411339,8.31796602,25.200,207.300,2.596,0.017,7.000,True
2026-09-09 13:25:27.35+00:00,0,47.05411502,8.31796207,25.200,207.350,2.597,0.017,7.000,True
2026-09-09 13:25:27.40+00:00,0,47.05411665,8.31795812,25.200,207.400,2.598,0.035,7.000,True
2026-09-09 13:25:27.45+00:00,0,47.05411828,8.31795416,25.200,207.450,2.600,0.052,7.000,True
2026-09-09 13:25:27.50+00:00,0,47.05411990,8.31795021,25.200,207.500,2.602,0.070,7.000,True
2026-09-09 13:25:27.55+00:00,0,47.05412152,8.31794624,25.200,207.550,2.606,0.070,7.000,True
2026-09-09 13:25:27.60+00:00,0,47.05412313,8.31794227,25.200,207.600,2.609,0.070,7.000,True
2026-09-09 13:25:27.65+00:00,0,47.05412472,8.31793829,25.200,207.650,2.613,0.070,7.000,True
2026-09-09 13:25:27.70+00:00,0,47.05412631,8.31793430,25.200,207.700,2.616,0.087,7.000,True
2026-09-09 13:25:27.75+00:00,0,47.05412789,8.31793030,25.200,207.750,2.621,0.122,7.000,True
2026-09-09 13:25:27.80+00:00,0,47.05412946,8.31792630,25.200,207.800,2.627,0.140,7.000,True
2026-09-09 13:25:27.85+00:00,0,47.05413101,8.31792228,25.200,207.850,2.634,0.140,7.000,True
2026-09-09 13:25:27.90+00:00,0,47.05413254,8.31791824,25.200,207.900,2.641,0.140,7.000,True
2026-09-09 13:25:27.95+00:00,0,47.05413405,8.31791419,25.200,207.950,2.648,0.140,7.000,True
2026-09-09 13:25:28.00+00:00,0,47.05413554,8.31791012,25.200,208.000,2.655,0.140,7.000,True
2026-09-09 13:25:28.05+00:00,0,47.05413702,8.31790604,25.200,208.050,2.662,0.140,7.000,True
2026-09-09 13:25:28.10+00:00,0,47.05413847,8.31790194,25.200,208.100,2.669,0.140,7.000,True
2026-09-09 13:25:28.15+00:00,0,47.05413990,8.31789783,25.200,208.150,2.676,0.140,7.000,True
2026-09-09 13:25:28.20+00:00,0,47.05414132,8.31789370,25.200,208.200,2.683,0.140,7.000,True
2026-09-09 13:25:28.25+00:00,0,47.05414271,8.31788956,25.200,208.250,2.690,0.140,7.000,True
2026-09-09 13:25:28.30+00:00,0,47.05414409,8.31788540,25.200,208.300,2.697,0.140,7.000,True
2026-09-09 13:25:28.35+00:00,0,47.05414544,8.31788123,25.200,208.350,2.704,0.140,7.000,True
2026-09-09 13:25:28.40+00:00,0,47.05414678,8.31787705,25.200,208.400,2.710,0.140,7.000,True
2026-09-09 13:25:28.45+00:00,0,47.05414809,8.31787285,25.200,208.450,2.717,0.140,7.000,True
2026-09-09 13:25:28.50+00:00,0,47.05414939,8.31786864,25.200,208.500,2.724,0.140,7.000,True
2026-09-09 13:25:28.55+00:00,0,47.05415066,8.31786442,25.200,208.550,2.731,0.140,7.000,True
2026-09-09 13:25:28.60+00:00,0,47.05415192,8.31786018,25.200,208.600,2.738,0.140,7.000,True
2026-09-09 13:25:28.65+00:00,0,47.05415315,8.31785593,25.200,208.650,2.745,0.140,7.000,True
2026-09-09 13:25:28.70+00:00,0,47.05415437,8.31785167,25.200,208.700,2.752,0.140,7.000,True
2026-09-09 13:25:28.75+00:00,0,47.05415556,8.31784740,25.200,208.750,2.759,0.140,7.000,True
2026-09-09 13:25:28.80+00:00,0,47.05415674,8.31784311,25.200,208.800,2.766,0.140,7.000,True
2026-09-09 13:25:28.85+00:00,0,47.05415789,8.31783881,25.200,208.850,2.773,0.140,7.000,True
2026-09-09 13:25:28.90+00:00,0,47.05415902,8.31783450,25.200,208.900,2.780,0.140,7.000,True
2026-09-09 13:25:28.95+00:00,0,47.05416013,8.31783018,25.200,208.950,2.787,0.140,7.000,True
2026-09-09 13:25:29.00+00:00,0,47.05416123,8.31782585,25.200,209.000,2.794,0.140,7.000,True
2026-09-09 13:25:29.05+00:00,0,47.05416230,8.31782150,25.200,209.050,2.801,0.140,7.000,True
2026-09-09 13:25:29.10+00:00,0,47.05416335,8.31781715,25.200,209.100,2.808,0.140,7.000,True
2026-09-09 13:25:29.15+00:00,0,47.05416438,8.31781278,25.200,209.150,2.815,0.140,7.000,True
2026-09-09 13:25:29.20+00:00,0,47.05416539,8.31780841,25.200,209.200,2.822,0.140,7.000,True
2026-09-09 13:25:29.25+00:00,0,47.05416638,8.31780402,25.200,209.250,2.829,0.140,7.000,True
2026-09-09 13:25:29.30+00:00,0,47.05416734,8.31779962,25.200,209.300,2.836,0.140,7.000,True
2026-09-09 13:25:29.35+00:00,0,47.05416829,8.31779522,25.200,209.350,2.843,0.140,7.000,True
2026-09-09 13:25:29.40+00:00,0,47.05416922,8.31779080,25.200,209.400,2.850,0.140,7.000,True
2026-09-09 13:25:29.45+00:00,0,47.05417012,8.31778638,25.200,209.450,2.857,0.140,7.000,True
2026-09-09 13:25:29.50+00:00,0,47.05417100,8.31778194,25.200,209.500,2.864,0.140,7.000,True
2026-09-09 13:25:29.55+00:00,0,47.05417187,8.31777750,25.200,209.550,2.871,0.140,7.000,True
2026-09-09 13:25:29.60+00:00,0,47.05417271,8.31777305,25.200,209.600,2.878,0.140,7.000,True
2026-09-09 13:25:29.65+00:00,0,47.05417353,8.31776859,25.200,209.650,2.885,0.140,7.000,True
2026-09-09 13:25:29.70+00:00,0,47.05417433,8.31776412,25.200,209.700,2.892,0.140,7.000,True
2026-09-09 13:25:29.75+00:00,0,47.05417510,8.31775964,25.200,209.750,2.899,0.140,7.000,True
2026-09-09 13:25:29.80+00:00,0,47.05417586,8.31775516,25.200,209.800,2.906,0.140,7.000,True
2026-09-09 13:25:29.85+00:00,0,47.05417659,8.31775067,25.200,209.850,2.913,0.140,7.000,True
2026-09-09 13:25:29.90+00:00,0,47.05417731,8.31774617,25.200,209.900,2.920,0.157,7.000,True
2026-09-09 13:25:29.95+00:00,0,47.05417800,8.31774166,25.200,209.950,2.928,0.157,7.000,True
2026-09-09 13:25:30.00+00:00,0,47.05417867,8.31773715,25.200,210.000,2.936,0.157,7.000,True
2026-09-09 13:25:30.05+00:00,0,47.05417931,8.31773262,25.200,210.050,2.943,0.175,7.000,True
2026-09-09 13:25:30.10+00:00,0,47.05417993,8.31772809,25.200,210.100,2.952,0.175,7.000,True
2026-09-09 13:25:30.15+00:00,0,47.05418052,8.31772356,25.200,210.150,2.961,0.175,7.000,True
2026-09-09 13:25:30.20+00:00,0,47.05418109,8.31771901,25.200,210.200,2.970,0.192,7.000,True
2026-09-09 13:25:30.25+00:00,0,47.05418163,8.31771446,25.200,210.250,2.979,0.192,7.000,True
2026-09-09 13:25:30.30+00:00,0,47.05418214,8.31770990,25.200,210.300,2.989,0.192,7.000,True
2026-09-09 13:25:30.35+00:00,0,47.05418261,8.31770533,25.200,210.350,2.998,0.192,7.000,True
2026-09-09 13:25:30.40+00:00,0,47.05418306,8.31770076,25.200,210.400,3.008,0.192,7.000,True
2026-09-09 13:25:30.45+00:00,0,47.05418348,8.31769618,25.560,210.450,3.018,0.192,7.100,True
2026-09-09 13:25:30.50+00:00,0,47.05418388,8.31769153,25.560,210.500,3.027,0.192,7.100,True
2026-09-09 13:25:30.55+00:00,0,47.05418424,8.31768688,25.920,210.550,3.037,0.192,7.200,True
2026-09-09 13:25:30.60+00:00,0,47.05418458,8.31768215,26.280,210.600,3.046,0.192,7.300,True
2026-09-09 13:25:30.65+00:00,0,47.05418489,8.31767736,26.280,210.650,3.056,0.192,7.300,True
2026-09-09 13:25:30.70+00:00,0,47.05418517,8.31767256,26.640,210.700,3.066,0.192,7.400,True
2026-09-09 13:25:30.75+00:00,0,47.05418542,8.31766769,26.640,210.750,3.075,0.192,7.400,True
2026-09-09 13:25:30.80+00:00,0,47.05418564,8.31766281,27.000,210.800,3.085,0.192,7.500,True
2026-09-09 13:25:30.85+00:00,0,47.05418584,8.31765787,27.000,210.850,3.094,0.192,7.500,True
2026-09-09 13:25:30.90+00:00,0,47.05418599,8.31765293,27.360,210.900,3.104,0.192,7.600,True
2026-09-09 13:25:30.95+00:00,0,47.05418612,8.31764791,27.360,210.950,3.114,0.192,7.600,True
2026-09-09 13:25:31.00+00:00,0,47.05418622,8.31764290,27.360,211.000,3.123,0.192,7.600,True
2026-09-09 13:25:31.05+00:00,0,47.05418628,8.31763789,27.720,211.050,3.133,0.192,7.700,True
2026-09-09 13:25:31.10+00:00,0,47.05418631,8.31763280,27.720,211.100,3.142,0.192,7.700,True
2026-09-09 13:25:31.15+00:00,0,47.05418631,8.31762772,27.720,211.150,3.152,0.192,7.700,True
2026-09-09 13:25:31.20+00:00,0,47.05418627,8.31762264,27.720,211.200,3.162,0.175,7.700,True
2026-09-09 13:25:31.25+00:00,0,47.05418620,8.31761756,27.720,211.250,3.170,0.175,7.700,True
2026-09-09 13:25:31.30+00:00,0,47.05418610,8.31761248,27.720,211.300,3.179,0.175,7.700,True
2026-09-09 13:25:31.35+00:00,0,47.05418597,8.31760740,27.720,211.350,3.188,0.175,7.700,True
2026-09-09 13:25:31.40+00:00,0,47.05418581,8.31760233,27.720,211.400,3.197,0.175,7.700,True
2026-09-09 13:25:31.45+00:00,0,47.05418562,8.31759725,27.720,211.450,3.205,0.175,7.700,True
2026-09-09 13:25:31.50+00:00,0,47.05418540,8.31759218,27.720,211.500,3.214,0.157,7.700,True
2026-09-09 13:25:31.55+00:00,0,47.05418515,8.31758711,27.720,211.550,3.222,0.157,7.700,True
2026-09-09 13:25:31.60+00:00,0,47.05418487,8.31758205,27.720,211.600,3.230,0.140,7.700,True
2026-09-09 13:25:31.65+00:00,0,47.05418457,8.31757698,27.720,211.650,3.237,0.140,7.700,True
2026-09-09 13:25:31.70+00:00,0,47.05418424,8.31757192,27.720,211.700,3.244,0.140,7.700,True
2026-09-09 13:25:31.75+00:00,0,47.05418389,8.31756687,27.720,211.750,3.251,0.122,7.700,True
2026-09-09 13:25:31.80+00:00,0,47.05418351,8.31756182,27.720,211.800,3.257,0.122,7.700,True
2026-09-09 13:25:31.85+00:00,0,47.05418311,8.31755677,27.720,211.850,3.263,0.122,7.700,True
2026-09-09 13:25:31.90+00:00,0,47.05418269,8.31755172,27.720,211.900,3.269,0.122,7.700,True
2026-09-09 13:25:31.95+00:00,0,47.05418225,8.31754668,27.720,211.950,3.275,0.122,7.700,True
2026-09-09 13:25:32.00+00:00,0,47.05418179,8.31754165,27.720,212.000,3.281,0.122,7.700,True
2026-09-09 13:25:32.05+00:00,0,47.05418131,8.31753662,27.720,212.050,3.287,0.122,7.700,True
2026-09-09 13:25:32.10+00:00,0,47.05418081,8.31753159,27.720,212.100,3.293,0.122,7.700,True
2026-09-09 13:25:32.15+00:00,0,47.05418028,8.31752656,27.720,212.150,3.300,0.122,7.700,True
2026-09-09 13:25:32.20+00:00,0,47.05417974,8.31752155,27.720,212.200,3.306,0.122,7.700,True
2026-09-09 13:25:32.25+00:00,0,47.05417917,8.31751653,27.720,212.250,3.312,0.122,7.700,True
2026-09-09 13:25:32.30+00:00,0,47.05417859,8.31751152,27.720,212.300,3.318,0.122,7.700,True
2026-09-09 13:25:32.35+00:00,0,47.05417798,8.31750652,27.720,212.350,3.324,0.122,7.700,True
2026-09-09 13:25:32.40+00:00,0,47.05417735,8.31750152,27.720,212.400,3.330,0.122,7.700,True
2026-09-09 13:25:32.45+00:00,0,47.05417670,8.31749653,27.720,212.450,3.336,0.122,7.700,True
2026-09-09 13:25:32.50+00:00,0,47.05417603,8.31749154,27.720,212.500,3.342,0.122,7.700,True
2026-09-09 13:25:32.55+00:00,0,47.05417534,8.31748656,27.720,212.550,3.348,0.122,7.700,True
2026-09-09 13:25:32.60+00:00,0,47.05417463,8.31748159,27.720,212.600,3.355,0.122,7.700,True
2026-09-09 13:25:32.65+00:00,0,47.05417390,8.31747662,27.720,212.650,3.361,0.122,7.700,True
2026-09-09 13:25:32.70+00:00,0,47.05417315,8.31747166,27.720,212.700,3.367,0.122,7.700,True
2026-09-09 13:25:32.75+00:00,0,47.05417238,8.31746671,27.720,212.750,3.373,0.122,7.700,True
2026-09-09 13:25:32.80+00:00,0,47.05417158,8.31746176,27.720,212.800,3.379,0.122,7.700,True
2026-09-09 13:25:32.85+00:00,0,47.05417077,8.31745682,27.720,212.850,3.385,0.122,7.700,True
2026-09-09 13:25:32.90+00:00,0,47.05416993,8.31745189,27.720,212.900,3.391,0.122,7.700,True
2026-09-09 13:25:32.95+00:00,0,47.05416908,8.31744697,27.720,212.950,3.397,0.122,7.700,True
2026-09-09 13:25:33.00+00:00,0,47.05416820,8.31744205,27.720,213.000,3.403,0.122,7.700,True
2026-09-09 13:25:33.05+00:00,0,47.05416731,8.31743714,27.720,213.050,3.410,0.122,7.700,True
2026-09-09 13:25:33.10+00:00,0,47.05416639,8.31743224,27.720,213.100,3.416,0.122,7.700,True
2026-09-09 13:25:33.15+00:00,0,47.05416545,8.31742735,27.720,213.150,3.422,0.122,7.700,True
2026-09-09 13:25:33.20+00:00,0,47.05416450,8.31742247,27.720,213.200,3.428,0.122,7.700,True
2026-09-09 13:25:33.25+00:00,0,47.05416352,8.31741759,27.720,213.250,3.434,0.122,7.700,True
2026-09-09 13:25:33.30+00:00,0,47.05416252,8.31741272,27.720,213.300,3.440,0.122,7.700,True
2026-09-09 13:25:33.35+00:00,0,47.05416150,8.31740787,27.720,213.350,3.446,0.122,7.700,True
2026-09-09 13:25:33.40+00:00,0,47.05416046,8.31740302,27.720,213.400,3.452,0.122,7.700,True
2026-09-09 13:25:33.45+00:00,0,47.05415941,8.31739818,27.720,213.450,3.458,0.122,7.700,True
2026-09-09 13:25:33.50+00:00,0,47.05415833,8.31739335,27.720,213.500,3.464,0.122,7.700,True
2026-09-09 13:25:33.55+00:00,0,47.05415723,8.31738853,27.720,213.550,3.471,0.122,7.700,True
2026-09-09 13:25:33.60+00:00,0,47.05415611,8.31738372,27.720,213.600,3.477,0.122,7.700,True
2026-09-09 13:25:33.65+00:00,0,47.05415497,8.31737892,27.720,213.650,3.483,0.122,7.700,True
2026-09-09 13:25:33.70+00:00,0,47.05415381,8.31737413,27.720,213.700,3.489,0.122,7.700,True
2026-09-09 13:25:33.75+00:00,0,47.05415263,8.31736936,27.720,213.750,3.495,0.122,7.700,True
2026-09-09 13:25:33.80+00:00,0,47.05415144,8.31736459,27.720,213.800,3.501,0.122,7.700,True
2026-09-09 13:25:33.85+00:00,0,47.05415022,8.31735983,27.720,213.850,3.507,0.122,7.700,True
2026-09-09 13:25:33.90+00:00,0,47.05414898,8.31735508,27.720,213.900,3.513,0.122,7.700,True
2026-09-09 13:25:33.95+00:00,0,47.05414772,8.31735035,27.720,213.950,3.519,0.122,7.700,True
2026-09-09 13:25:34.00+00:00,0,47.05414644,8.31734563,27.720,214.000,3.526,0.122,7.700,True
2026-09-09 13:25:34.05+00:00,0,47.05414515,8.31734091,27.720,214.050,3.532,0.122,7.700,True
2026-09-09 13:25:34.10+00:00,0,47.05414383,8.31733621,27.720,214.100,3.538,0.122,7.700,True
2026-09-09 13:25:34.15+00:00,0,47.05414249,8.31733153,27.720,214.150,3.544,0.122,7.700,True
2026-09-09 13:25:34.20+00:00,0,47.05414114,8.31732685,27.720,214.200,3.550,0.122,7.700,True
2026-09-09 13:25:34.25+00:00,0,47.05413976,8.31732219,27.720,214.250,3.556,0.122,7.700,True
2026-09-09 13:25:34.30+00:00,0,47.05413837,8.31731753,27.720,214.300,3.562,0.122,7.700,True
2026-09-09 13:25:34.35+00:00,0,47.05413696,8.31731290,27.720,214.350,3.568,0.122,7.700,True
2026-09-09 13:25:34.40+00:00,0,47.05413552,8.31730827,27.720,214.400,3.574,0.122,7.700,True
2026-09-09 13:25:34.45+00:00,0,47.05413407,8.31730366,27.720,214.450,3.581,0.122,7.700,True
2026-09-09 13:25:34.50+00:00,0,47.05413260,8.31729906,27.720,214.500,3.587,0.122,7.700,True
2026-09-09 13:25:34.55+00:00,0,47.05413111,8.31729447,27.720,214.550,3.593,0.122,7.700,True
2026-09-09 13:25:34.60+00:00,0,47.05412960,8.31728990,27.720,214.600,3.599,0.122,7.700,True
2026-09-09 13:25:34.65+00:00,0,47.05412807,8.31728534,27.720,214.650,3.605,0.122,7.700,True
2026-09-09 13:25:34.70+00:00,0,47.05412652,8.31728079,27.720,214.700,3.611,0.122,7.700,True
2026-09-09 13:25:34.75+00:00,0,47.05412496,8.31727626,27.720,214.750,3.617,0.122,7.700,True
2026-09-09 13:25:34.80+00:00,0,47.05412337,8.31727174,27.720,214.800,3.623,0.122,7.700,True
2026-09-09 13:25:34.85+00:00,0,47.05412177,8.31726724,27.720,214.850,3.629,0.122,7.700,True
2026-09-09 13:25:34.90+00:00,0,47.05412014,8.31726275,27.720,214.900,3.636,0.122,7.700,True
2026-09-09 13:25:34.95+00:00,0,47.05411850,8.31725827,27.720,214.950,3.642,0.122,7.700,True
2026-09-09 13:25:35.00+00:00,0,47.05411684,8.31725381,27.720,215.000,3.648,0.140,7.700,True
2026-09-09 13:25:35.05+00:00,0,47.05411516,8.31724937,27.720,215.050,3.655,0.140,7.700,True
2026-09-09 13:25:35.10+00:00,0,47.05411346,8.31724494,27.720,215.100,3.662,0.140,7.700,True
2026-09-09 13:25:35.15+00:00,0,47.05411174,8.31724053,27.720,215.150,3.669,0.140,7.700,True
2026-09-09 13:25:35.20+00:00,0,47.05411000,8.31723614,27.720,215.200,3.676,0.122,7.700,True
2026-09-09 13:25:35.25+00:00,0,47.05410824,8.31723176,27.720,215.250,3.682,0.105,7.700,True
2026-09-09 13:25:35.30+00:00,0,47.05410646,8.31722741,27.720,215.300,3.687,0.105,7.700,True
2026-09-09 13:25:35.35+00:00,0,47.05410466,8.31722306,27.720,215.350,3.692,0.087,7.700,True
2026-09-09 13:25:35.40+00:00,0,47.05410285,8.31721873,27.720,215.400,3.697,0.070,7.700,True
2026-09-09 13:25:35.45+00:00,0,47.05410103,8.31721441,27.720,215.450,3.700,0.070,7.700,True
2026-09-09 13:25:35.50+00:00,0,47.05409919,8.31721010,27.720,215.500,3.704,0.052,7.700,True
2026-09-09 13:25:35.55+00:00,0,47.05409735,8.31720580,27.720,215.550,3.706,0.035,7.700,True
2026-09-09 13:25:35.60+00:00,0,47.05409549,8.31720151,27.720,215.600,3.708,0.035,7.700,True
2026-09-09 13:25:35.65+00:00,0,47.05409364,8.31719722,27.720,215.650,3.710,0.035,7.700,True
2026-09-09 13:25:35.70+00:00,0,47.05409177,8.31719294,27.720,215.700,3.711,0.035,7.700,True
2026-09-09 13:25:35.75+00:00,0,47.05408990,8.31718866,27.720,215.750,3.713,0.035,7.700,True
2026-09-09 13:25:35.80+00:00,0,47.05408803,8.31718438,28.080,215.800,3.715,0.035,7.800,True
2026-09-09 13:25:35.85+00:00,0,47.05408613,8.31718006,28.080,215.850,3.717,0.035,7.800,True
2026-09-09 13:25:35.90+00:00,0,47.05408422,8.31717574,28.440,215.900,3.718,0.035,7.900,True
2026-09-09 13:25:35.95+00:00,0,47.05408228,8.31717137,28.800,215.950,3.720,0.035,8.000,True
2026-09-09 13:25:36.00+00:00,0,47.05408032,8.31716695,28.800,216.000,3.722,0.035,8.000,True
2026-09-09 13:25:36.05+00:00,0,47.05407834,8.31716253,29.160,216.050,3.724,0.035,8.100,True
2026-09-09 13:25:36.10+00:00,0,47.05407634,8.31715807,29.160,216.100,3.725,0.035,8.100,True
2026-09-09 13:25:36.15+00:00,0,47.05407433,8.31715361,29.160,216.150,3.727,0.035,8.100,True
2026-09-09 13:25:36.20+00:00,0,47.05407232,8.31714915,29.160,216.200,3.729,0.035,8.100,True
2026-09-09 13:25:36.25+00:00,0,47.05407030,8.31714470,29.160,216.250,3.731,0.035,8.100,True
2026-09-09 13:25:36.30+00:00,0,47.05406828,8.31714026,29.160,216.300,3.732,0.035,8.100,True
2026-09-09 13:25:36.35+00:00,0,47.05406625,8.31713582,29.160,216.350,3.734,0.035,8.100,True
2026-09-09 13:25:36.40+00:00,0,47.05406422,8.31713138,29.160,216.400,3.736,0.035,8.100,True
2026-09-09 13:25:36.45+00:00,0,47.05406218,8.31712695,29.160,216.450,3.738,0.035,8.100,True
2026-09-09 13:25:36.50+00:00,0,47.05406013,8.31712253,29.160,216.500,3.739,0.035,8.100,True
2026-09-09 13:25:36.55+00:00,0,47.05405808,8.31711811,29.160,216.550,3.741,0.035,8.100,True
2026-09-09 13:25:36.60+00:00,0,47.05405603,8.31711370,29.160,216.600,3.743,0.035,8.100,True
2026-09-09 13:25:36.65+00:00,0,47.05405397,8.31710929,29.160,216.650,3.745,0.035,8.100,True
2026-09-09 13:25:36.70+00:00,0,47.05405190,8.31710488,29.160,216.700,3.746,0.035,8.100,True
2026-09-09 13:25:36.75+00:00,0,47.05404983,8.31710049,29.160,216.750,3.748,0.035,8.100,True
2026-09-09 13:25:36.80+00:00,0,47.05404776,8.31709609,29.160,216.800,3.750,0.035,8.100,True
2026-09-09 13:25:36.85+00:00,0,47.05404567,8.31709171,29.160,216.850,3.752,0.035,8.100,True
2026-09-09 13:25:36.90+00:00,0,47.05404359,8.31708732,29.160,216.900,3.753,0.035,8.100,True
2026-09-09 13:25:36.95+00:00,0,47.05404150,8.31708295,29.160,216.950,3.755,0.035,8.100,True
2026-09-09 13:25:37.00+00:00,0,47.05403940,8.31707858,29.160,217.000,3.757,0.035,8.100,True
2026-09-09 13:25:37.05+00:00,0,47.05403730,8.31707421,29.160,217.050,3.759,0.035,8.100,True
2026-09-09 13:25:37.10+00:00,0,47.05403519,8.31706985,29.160,217.100,3.760,0.035,8.100,True
2026-09-09 13:25:37.15+00:00,0,47.05403308,8.31706550,29.160,217.150,3.762,0.035,8.100,True
2026-09-09 13:25:37.20+00:00,0,47.05403096,8.31706115,29.160,217.200,3.764,0.035,8.100,True
2026-09-09 13:25:37.25+00:00,0,47.05402884,8.31705680,29.160,217.250,3.766,0.035,8.100,True
2026-09-09 13:25:37.30+00:00,0,47.05402671,8.31705246,29.160,217.300,3.767,0.017,8.100,True
2026-09-09 13:25:37.35+00:00,0,47.05402458,8.31704813,29.160,217.350,3.768,0.017,8.100,True
2026-09-09 13:25:37.40+00:00,0,47.05402244,8.31704380,29.160,217.400,3.769,0.017,8.100,True
2026-09-09 13:25:37.45+00:00,0,47.05402030,8.31703947,29.160,217.450,3.770,0.017,8.100,True
2026-09-09 13:25:37.50+00:00,0,47.05401816,8.31703515,29.160,217.500,3.771,0.017,8.100,True
2026-09-09 13:25:37.55+00:00,0,47.05401602,8.31703083,29.160,217.550,3.772,0.017,8.100,True
2026-09-09 13:25:37.60+00:00,0,47.05401387,8.31702651,29.160,217.600,3.773,0.017,8.100,True
2026-09-09 13:25:37.65+00:00,0,47.05401172,8.31702219,29.160,217.650,3.773,0.017,8.100,True
2026-09-09 13:25:37.70+00:00,0,47.05400957,8.31701787,29.160,217.700,3.774,0.017,8.100,True
2026-09-09 13:25:37.75+00:00,0,47.05400742,8.31701356,29.160,217.750,3.775,0.017,8.100,True
2026-09-09 13:25:37.80+00:00,0,47.05400526,8.31700926,29.160,217.800,3.776,0.017,8.100,True
2026-09-09 13:25:37.85+00:00,0,47.05400310,8.31700495,29.160,217.850,3.777,0.000,8.100,True
2026-09-09 13:25:37.90+00:00,0,47.05400094,8.31700065,29.160,217.900,3.777,0.000,8.100,True
2026-09-09 13:25:37.95+00:00,0,47.05399878,8.31699634,29.160,217.950,3.777,0.000,8.100,True
2026-09-09 13:25:38.00+00:00,0,47.05399662,8.31699204,29.160,218.000,3.777,0.000,8.100,True
2026-09-09 13:25:38.05+00:00,0,47.05399446,8.31698774,29.160,218.050,3.777,0.000,8.100,True
2026-09-09 13:25:38.10+00:00,0,47.05399230,8.31698343,29.160,218.100,3.777,0.000,8.100,True
2026-09-09 13:25:38.15+00:00,0,47.05399013,8.31697913,29.160,218.150,3.777,0.000,8.100,True
2026-09-09 13:25:38.20+00:00,0,47.05398797,8.31697483,29.160,218.200,3.777,0.000,8.100,True
2026-09-09 13:25:38.25+00:00,0,47.05398581,8.31697053,29.160,218.250,3.777,0.000,8.100,True
2026-09-09 13:25:38.30+00:00,0,47.05398365,8.31696622,29.160,218.300,3.777,0.000,8.100,True
2026-09-09 13:25:38.35+00:00,0,47.05398149,8.31696192,29.160,218.350,3.777,0.000,8.100,True
2026-09-09 13:25:38.40+00:00,0,47.05397933,8.31695762,29.160,218.400,3.777,0.000,8.100,True
2026-09-09 13:25:38.45+00:00,0,47.05397717,8.31695331,29.160,218.450,3.777,0.000,8.100,True
2026-09-09 13:25:38.50+00:00,0,47.05397500,8.31694901,29.160,218.500,3.777,0.000,8.100,True
2026-09-09 13:25:38.55+00:00,0,47.05397284,8.31694471,29.160,218.550,3.777,0.000,8.100,True
2026-09-09 13:25:38.60+00:00,0,47.05397068,8.31694041,29.160,218.600,3.777,0.000,8.100,True
2026-09-09 13:25:38.65+00:00,0,47.05396852,8.31693610,29.160,218.650,3.777,0.000,8.100,True
2026-09-09 13:25:38.70+00:00,0,47.05396636,8.31693180,29.160,218.700,3.777,0.000,8.100,True
2026-09-09 13:25:38.75+00:00,0,47.05396420,8.31692750,29.160,218.750,3.777,0.000,8.100,True
2026-09-09 13:25:38.80+00:00,0,47.05396204,8.31692319,29.160,218.800,3.777,0.000,8.100,True
2026-09-09 13:25:38.85+00:00,0,47.05395987,8.31691889,29.160,218.850,3.777,0.000,8.100,True
2026-09-09 13:25:38.90+00:00,0,47.05395771,8.31691459,29.160,218.900,3.777,0.000,8.100,True
2026-09-09 13:25:38.95+00:00,0,47.05395555,8.31691029,29.160,218.950,3.777,0.000,8.100,True
2026-09-09 13:25:39.00+00:00,0,47.05395339,8.31690598,29.160,219.000,3.777,0.000,8.100,True
2026-09-09 13:25:39.05+00:00,0,47.05395123,8.31690168,29.160,219.050,3.777,0.000,8.100,True
2026-09-09 13:25:39.10+00:00,0,47.05394907,8.31689738,29.160,219.100,3.777,0.000,8.100,True
2026-09-09 13:25:39.15+00:00,0,47.05394691,8.31689307,29.160,219.150,3.777,0.000,8.100,True
2026-09-09 13:25:39.20+00:00,0,47.05394475,8.31688877,29.160,219.200,3.777,0.000,8.100,True
2026-09-09 13:25:39.25+00:00,0,47.05394258,8.31688447,29.160,219.250,3.777,0.000,8.100,True
2026-09-09 13:25:39.30+00:00,0,47.05394042,8.31688016,29.160,219.300,3.777,0.000,8.100,True
2026-09-09 13:25:39.35+00:00,0,47.05393826,8.31687586,29.160,219.350,3.777,0.000,8.100,True
2026-09-09 13:25:39.40+00:00,0,47.05393610,8.31687156,29.160,219.400,3.777,0.000,8.100,True
2026-09-09 13:25:39.45+00:00,0,47.05393394,8.31686726,29.160,219.450,3.777,0.000,8.100,True
2026-09-09 13:25:39.50+00:00,0,47.05393178,8.31686295,29.160,219.500,3.777,0.000,8.100,True
2026-09-09 13:25:39.55+00:00,0,47.05392962,8.31685865,29.160,219.550,3.777,0.000,8.100,True
2026-09-09 13:25:39.60+00:00,0,47.05392745,8.31685435,29.160,219.600,3.777,0.000,8.100,True
2026-09-09 13:25:39.65+00:00,0,47.05392529,8.31685004,29.160,219.650,3.777,0.000,8.100,True
2026-09-09 13:25:39.70+00:00,0,47.05392313,8.31684574,29.160,219.700,3.777,0.000,8.100,True
2026-09-09 13:25:39.75+00:00,0,47.05392097,8.31684144,29.160,219.750,3.777,0.000,8.100,True
2026-09-09 13:25:39.80+00:00,0,47.05391881,8.31683714,29.160,219.800,3.777,0.000,8.100,True
2026-09-09 13:25:39.85+00:00,0,47.05391665,8.31683283,29.160,219.850,3.777,0.000,8.100,True
2026-09-09 13:25:39.90+00:00,0,47.05391449,8.31682853,29.160,219.900,3.777,0.000,8.100,True
2026-09-09 13:25:39.95+00:00,0,47.05391232,8.31682423,29.160,219.950,3.777,0.000,8.100,True
2026-09-09 13:25:40.00+00:00,0,47.05391016,8.31681992,29.160,220.000,3.777,0.000,8.100,True
2026-09-09 13:25:40.05+00:00,0,47.05390800,8.31681562,29.160,220.050,3.777,0.000,8.100,True
2026-09-09 13:25:40.10+00:00,0,47.05390584,8.31681132,29.160,220.100,3.777,0.017,8.100,True
2026-09-09 13:25:40.15+00:00,0,47.05390368,8.31680702,29.160,220.150,3.778,0.017,8.100,True
2026-09-09 13:25:40.20+00:00,0,47.05390152,8.31680272,29.160,220.200,3.779,0.017,8.100,True
2026-09-09 13:25:40.25+00:00,0,47.05389935,8.31679842,29.160,220.250,3.780,0.035,8.100,True
2026-09-09 13:25:40.30+00:00,0,47.05389718,8.31679412,29.160,220.300,3.781,0.052,8.100,True
2026-09-09 13:25:40.35+00:00,0,47.05389501,8.31678983,29.160,220.350,3.784,0.052,8.100,True
2026-09-09 13:25:40.40+00:00,0,47.05389282,8.31678555,29.160,220.400,3.786,0.052,8.100,True
2026-09-09 13:25:40.45+00:00,0,47.05389063,8.31678128,29.160,220.450,3.789,0.052,8.100,True
2026-09-09 13:25:40.50+00:00,0,47.05388844,8.31677702,29.160,220.500,3.792,0.070,8.100,True
2026-09-09 13:25:40.55+00:00,0,47.05388623,8.31677276,29.160,220.550,3.795,0.087,8.100,True
2026-09-09 13:25:40.60+00:00,0,47.05388402,8.31676852,29.160,220.600,3.800,0.122,8.100,True
2026-09-09 13:25:40.65+00:00,0,47.05388179,8.31676429,29.160,220.650,3.806,0.122,8.100,True
2026-09-09 13:25:40.70+00:00,0,47.05387955,8.31676008,29.160,220.700,3.812,0.122,8.100,True
2026-09-09 13:25:40.75+00:00,0,47.05387728,8.31675589,29.160,220.750,3.818,0.122,8.100,True
2026-09-09 13:25:40.80+00:00,0,47.05387500,8.31675172,29.160,220.800,3.824,0.122,8.100,True
2026-09-09 13:25:40.85+00:00,0,47.05387271,8.31674757,29.160,220.850,3.830,0.122,8.100,True
2026-09-09 13:25:40.90+00:00,0,47.05387039,8.31674344,29.160,220.900,3.836,0.122,8.100,True
2026-09-09 13:25:40.95+00:00,0,47.05386806,8.31673934,29.160,220.950,3.842,0.122,8.100,True
2026-09-09 13:25:41.00+00:00,0,47.05386571,8.31673525,29.160,221.000,3.848,0.122,8.100,True
2026-09-09 13:25:41.05+00:00,0,47.05386335,8.31673118,29.160,221.050,3.855,0.122,8.100,True
2026-09-09 13:25:41.10+00:00,0,47.05386096,8.31672714,29.160,221.100,3.861,0.122,8.100,True
2026-09-09 13:25:41.15+00:00,0,47.05385857,8.31672312,29.160,221.150,3.867,0.122,8.100,True
2026-09-09 13:25:41.20+00:00,0,47.05385615,8.31671912,29.160,221.200,3.873,0.122,8.100,True
2026-09-09 13:25:41.25+00:00,0,47.05385372,8.31671514,29.160,221.250,3.879,0.122,8.100,True
2026-09-09 13:25:41.30+00:00,0,47.05385127,8.31671118,29.160,221.300,3.885,0.122,8.100,True
2026-09-09 13:25:41.35+00:00,0,47.05384880,8.31670725,29.160,221.350,3.891,0.122,8.100,True
2026-09-09 13:25:41.40+00:00,0,47.05384632,8.31670333,29.160,221.400,3.897,0.122,8.100,True
2026-09-09 13:25:41.45+00:00,0,47.05384382,8.31669944,29.160,221.450,3.903,0.122,8.100,True
2026-09-09 13:25:41.50+00:00,0,47.05384131,8.31669557,29.160,221.500,3.910,0.122,8.100,True
2026-09-09 13:25:41.55+00:00,0,47.05383878,8.31669173,29.160,221.550,3.916,0.122,8.100,True
2026-09-09 13:25:41.60+00:00,0,47.05383623,8.31668791,29.160,221.600,3.922,0.122,8.100,True
2026-09-09 13:25:41.65+00:00,0,47.05383367,8.31668411,29.160,221.650,3.928,0.122,8.100,True
2026-09-09 13:25:41.70+00:00,0,47.05383109,8.31668033,29.160,221.700,3.934,0.122,8.100,True
2026-09-09 13:25:41.75+00:00,0,47.05382850,8.31667658,29.160,221.750,3.940,0.122,8.100,True
2026-09-09 13:25:41.80+00:00,0,47.05382589,8.31667284,29.160,221.800,3.946,0.122,8.100,True
2026-09-09 13:25:41.85+00:00,0,47.05382327,8.31666914,29.160,221.850,3.952,0.122,8.100,True
2026-09-09 13:25:41.90+00:00,0,47.05382063,8.31666545,29.160,221.900,3.958,0.122,8.100,True
2026-09-09 13:25:41.95+00:00,0,47.05381797,8.31666180,29.160,221.950,3.965,0.122,8.100,True
2026-09-09 13:25:42.00+00:00,0,47.05381530,8.31665816,29.160,222.000,3.971,0.105,8.100,True
2026-09-09 13:25:42.05+00:00,0,47.05381262,8.31665455,29.160,222.050,3.976,0.105,8.100,True
2026-09-09 13:25:42.10+00:00,0,47.05380992,8.31665096,29.160,222.100,3.981,0.105,8.100,True
2026-09-09 13:25:42.15+00:00,0,47.05380721,8.31664739,29.160,222.150,3.986,0.105,8.100,True
2026-09-09 13:25:42.20+00:00,0,47.05380448,8.31664384,29.160,222.200,3.992,0.087,8.100,True
2026-09-09 13:25:42.25+00:00,0,47.05380175,8.31664031,29.160,222.250,3.996,0.087,8.100,True
2026-09-09 13:25:42.30+00:00,0,47.05379900,8.31663680,29.160,222.300,4.000,0.070,8.100,True
2026-09-09 13:25:42.35+00:00,0,47.05379624,8.31663330,29.160,222.350,4.004,0.070,8.100,True
2026-09-09 13:25:42.40+00:00,0,47.05379348,8.31662983,29.160,222.400,4.007,0.070,8.100,True
2026-09-09 13:25:42.45+00:00,0,47.05379070,8.31662636,29.160,222.450,4.011,0.070,8.100,True
2026-09-09 13:25:42.50+00:00,0,47.05378792,8.31662291,29.160,222.500,4.014,0.070,8.100,True
2026-09-09 13:25:42.55+00:00,0,47.05378513,8.31661947,29.160,222.550,4.018,0.070,8.100,True
2026-09-09 13:25:42.60+00:00,0,47.05378233,8.31661605,29.160,222.600,4.021,0.070,8.100,True
2026-09-09 13:25:42.65+00:00,0,47.05377953,8.31661264,29.160,222.650,4.025,0.070,8.100,True
2026-09-09 13:25:42.70+00:00,0,47.05377671,8.31660925,29.160,222.700,4.028,0.070,8.100,True
2026-09-09 13:25:42.75+00:00,0,47.05377389,8.31660587,29.160,222.750,4.032,0.070,8.100,True
2026-09-09 13:25:42.80+00:00,0,47.05377106,8.31660251,29.160,222.800,4.035,0.070,8.100,True
2026-09-09 13:25:42.85+00:00,0,47.05376822,8.31659916,29.160,222.850,4.039,0.070,8.100,True
2026-09-09 13:25:42.90+00:00,0,47.05376537,8.31659582,29.160,222.900,4.042,0.070,8.100,True
2026-09-09 13:25:42.95+00:00,0,47.05376252,8.31659250,29.160,222.950,4.046,0.070,8.100,True
2026-09-09 13:25:43.00+00:00,0,47.05375966,8.31658920,29.160,223.000,4.049,0.070,8.100,True
2026-09-09 13:25:43.05+00:00,0,47.05375679,8.31658590,29.160,223.050,4.053,0.070,8.100,True
2026-09-09 13:25:43.10+00:00,0,47.05375391,8.31658263,29.160,223.100,4.056,0.070,8.100,True
2026-09-09 13:25:43.15+00:00,0,47.05375102,8.31657937,29.160,223.150,4.060,0.070,8.100,True
2026-09-09 13:25:43.20+00:00,0,47.05374813,8.31657612,29.160,223.200,4.063,0.070,8.100,True
2026-09-09 13:25:43.25+00:00,0,47.05374523,8.31657289,29.160,223.250,4.067,0.070,8.100,True
2026-09-09 13:25:43.30+00:00,0,47.05374232,8.31656967,29.160,223.300,4.070,0.070,8.100,True
2026-09-09 13:25:43.35+00:00,0,47.05373940,8.31656647,29.160,223.350,4.074,0.070,8.100,True
2026-09-09 13:25:43.40+00:00,0,47.05373648,8.31656328,29.160,223.400,4.077,0.070,8.100,True
2026-09-09 13:25:43.45+00:00,0,47.05373355,8.31656011,29.160,223.450,4.081,0.070,8.100,True
2026-09-09 13:25:43.50+00:00,0,47.05373061,8.31655695,29.160,223.500,4.084,0.070,8.100,True
2026-09-09 13:25:43.55+00:00,0,47.05372766,8.31655381,29.160,223.550,4.088,0.070,8.100,True
2026-09-09 13:25:43.60+00:00,0,47.05372471,8.31655068,29.160,223.600,4.091,0.070,8.100,True
2026-09-09 13:25:43.65+00:00,0,47.05372175,8.31654757,29.160,223.650,4.095,0.070,8.100,True
2026-09-09 13:25:43.70+00:00,0,47.05371878,8.31654447,29.160,223.700,4.098,0.070,8.100,True
2026-09-09 13:25:43.75+00:00,0,47.05371580,8.31654139,29.160,223.750,4.102,0.070,8.100,True
2026-09-09 13:25:43.80+00:00,0,47.05371282,8.31653832,29.160,223.800,4.105,0.070,8.100,True
2026-09-09 13:25:43.85+00:00,0,47.05370983,8.31653527,29.160,223.850,4.109,0.070,8.100,True
2026-09-09 13:25:43.90+00:00,0,47.05370683,8.31653224,29.160,223.900,4.112,0.070,8.100,True
2026-09-09 13:25:43.95+00:00,0,47.05370382,8.31652922,29.160,223.950,4.115,0.070,8.100,True
2026-09-09 13:25:44.00+00:00,0,47.05370081,8.31652621,29.160,224.000,4.119,0.070,8.100,True
2026-09-09 13:25:44.05+00:00,0,47.05369779,8.31652322,29.160,224.050,4.122,0.070,8.100,True
2026-09-09 13:25:44.10+00:00,0,47.05369477,8.31652025,29.160,224.100,4.126,0.070,8.100,True
2026-09-09 13:25:44.15+00:00,0,47.05369173,8.31651729,29.160,224.150,4.129,0.070,8.100,True
2026-09-09 13:25:44.20+00:00,0,47.05368869,8.31651435,29.160,224.200,4.133,0.070,8.100,True
2026-09-09 13:25:44.25+00:00,0,47.05368564,8.31651142,29.160,224.250,4.136,0.070,8.100,True
2026-09-09 13:25:44.30+00:00,0,47.05368259,8.31650851,29.160,224.300,4.140,0.070,8.100,True
2026-09-09 13:25:44.35+00:00,0,47.05367953,8.31650561,29.160,224.350,4.143,0.070,8.100,True
2026-09-09 13:25:44.40+00:00,0,47.05367646,8.31650273,29.160,224.400,4.147,0.070,8.100,True
2026-09-09 13:25:44.45+00:00,0,47.05367338,8.31649987,29.160,224.450,4.150,0.070,8.100,True
2026-09-09 13:25:44.50+00:00,0,47.05367030,8.31649702,29.160,224.500,4.154,0.070,8.100,True
2026-09-09 13:25:44.55+00:00,0,47.05366721,8.31649419,29.160,224.550,4.157,0.070,8.100,True
2026-09-09 13:25:44.60+00:00,0,47.05366412,8.31649137,29.160,224.600,4.161,0.070,8.100,True
2026-09-09 13:25:44.65+00:00,0,47.05366101,8.31648857,29.160,224.650,4.164,0.070,8.100,True
2026-09-09 13:25:44.70+00:00,0,47.05365791,8.31648578,29.160,224.700,4.168,0.070,8.100,True
2026-09-09 13:25:44.75+00:00,0,47.05365479,8.31648301,29.160,224.750,4.171,0.070,8.100,True
2026-09-09 13:25:44.80+00:00,0,47.05365167,8.31648026,29.160,224.800,4.175,0.070,8.100,True
2026-09-09 13:25:44.85+00:00,0,47.05364854,8.31647752,29.160,224.850,4.178,0.070,8.100,True
2026-09-09 13:25:44.90+00:00,0,47.05364540,8.31647480,28.800,224.900,4.182,0.070,8.000,True
2026-09-09 13:25:44.95+00:00,0,47.05364230,8.31647213,28.440,224.950,4.185,0.070,7.900,True
2026-09-09 13:25:45.00+00:00,0,47.05363923,8.31646951,28.440,225.000,4.189,0.070,7.900,True
2026-09-09 13:25:45.05+00:00,0,47.05363616,8.31646690,28.080,225.050,4.192,0.070,7.800,True
2026-09-09 13:25:45.10+00:00,0,47.05363311,8.31646434,27.720,225.100,4.196,0.070,7.700,True
2026-09-09 13:25:45.15+00:00,0,47.05363010,8.31646183,27.720,225.150,4.199,0.070,7.700,True
2026-09-09 13:25:45.20+00:00,0,47.05362709,8.31645933,27.360,225.200,4.203,0.070,7.600,True
2026-09-09 13:25:45.25+00:00,0,47.05362410,8.31645689,27.360,225.250,4.206,0.070,7.600,True
2026-09-09 13:25:45.30+00:00,0,47.05362111,8.31645446,27.360,225.300,4.210,0.052,7.600,True
2026-09-09 13:25:45.35+00:00,0,47.05361812,8.31645204,27.360,225.350,4.212,0.052,7.600,True
2026-09-09 13:25:45.40+00:00,0,47.05361512,8.31644963,27.360,225.400,4.215,0.035,7.600,True
2026-09-09 13:25:45.45+00:00,0,47.05361212,8.31644724,27.360,225.450,4.217,0.017,7.600,True
2026-09-09 13:25:45.50+00:00,0,47.05360911,8.31644486,27.360,225.500,4.218,0.017,7.600,True
2026-09-09 13:25:45.55+00:00,0,47.05360610,8.31644247,27.360,225.550,4.218,0.000,7.600,True
2026-09-09 13:25:45.60+00:00,0,47.05360309,8.31644010,27.360,225.600,4.218,0.000,7.600,True
2026-09-09 13:25:45.65+00:00,0,47.05360008,8.31643772,27.360,225.650,4.218,0.000,7.600,True
2026-09-09 13:25:45.70+00:00,0,47.05359708,8.31643534,27.360,225.700,4.218,0.000,7.600,True
2026-09-09 13:25:45.75+00:00,0,47.05359407,8.31643296,27.360,225.750,4.218,0.000,7.600,True
2026-09-09 13:25:45.80+00:00,0,47.05359106,8.31643058,27.360,225.800,4.218,0.000,7.600,True
2026-09-09 13:25:45.85+00:00,0,47.05358805,8.31642820,27.360,225.850,4.218,-0.017,7.600,True
2026-09-09 13:25:45.90+00:00,0,47.05358504,8.31642583,27.360,225.900,4.218,-0.017,7.600,True
2026-09-09 13:25:45.95+00:00,0,47.05358203,8.31642344,27.360,225.950,4.217,-0.035,7.600,True
2026-09-09 13:25:46.00+00:00,0,47.05357903,8.31642106,27.360,226.000,4.215,-0.035,7.600,True
2026-09-09 13:25:46.05+00:00,0,47.05357602,8.31641867,27.360,226.050,4.213,-0.035,7.600,True
2026-09-09 13:25:46.10+00:00,0,47.05357302,8.31641626,27.360,226.100,4.211,-0.052,7.600,True
2026-09-09 13:25:46.15+00:00,0,47.05357002,8.31641386,27.360,226.150,4.209,-0.052,7.600,True
2026-09-09 13:25:46.20+00:00,0,47.05356703,8.31641144,27.360,226.200,4.206,-0.070,7.600,True
2026-09-09 13:25:46.25+00:00,0,47.05356404,8.31640900,27.360,226.250,4.203,-0.070,7.600,True
2026-09-09 13:25:46.30+00:00,0,47.05356106,8.31640656,27.360,226.300,4.199,-0.070,7.600,True
2026-09-09 13:25:46.35+00:00,0,47.05355808,8.31640409,27.360,226.350,4.196,-0.070,7.600,True
2026-09-09 13:25:46.40+00:00,0,47.05355511,8.31640162,27.360,226.400,4.192,-0.070,7.600,True
2026-09-09 13:25:46.45+00:00,0,47.05355215,8.31639912,27.360,226.450,4.189,-0.070,7.600,True
2026-09-09 13:25:46.50+00:00,0,47.05354919,8.31639662,27.360,226.500,4.185,-0.070,7.600,True
2026-09-09 13:25:46.55+00:00,0,47.05354623,8.31639409,27.360,226.550,4.182,-0.070,7.600,True
2026-09-09 13:25:46.60+00:00,0,47.05354328,8.31639155,27.360,226.600,4.178,-0.070,7.600,True
2026-09-09 13:25:46.65+00:00,0,47.05354034,8.31638900,27.360,226.650,4.175,-0.070,7.600,True
2026-09-09 13:25:46.70+00:00,0,47.05353741,8.31638643,27.360,226.700,4.171,-0.070,7.600,True
2026-09-09 13:25:46.75+00:00,0,47.05353448,8.31638385,27.360,226.750,4.168,-0.070,7.600,True
2026-09-09 13:25:46.80+00:00,0,47.05353156,8.31638125,27.360,226.800,4.164,-0.070,7.600,True
2026-09-09 13:25:46.85+00:00,0,47.05352864,8.31637864,27.360,226.850,4.161,-0.070,7.600,True
2026-09-09 13:25:46.90+00:00,0,47.05352573,8.31637601,27.360,226.900,4.157,-0.070,7.600,True
2026-09-09 13:25:46.95+00:00,0,47.05352282,8.31637337,27.360,226.950,4.154,-0.070,7.600,True
2026-09-09 13:25:47.00+00:00,0,47.05351992,8.31637071,27.360,227.000,4.150,-0.070,7.600,True
2026-09-09 13:25:47.05+00:00,0,47.05351703,8.31636803,27.360,227.050,4.147,-0.070,7.600,True
2026-09-09 13:25:47.10+00:00,0,47.05351415,8.31636535,27.360,227.100,4.143,-0.070,7.600,True
2026-09-09 13:25:47.15+00:00,0,47.05351127,8.31636264,27.360,227.150,4.140,-0.070,7.600,True
2026-09-09 13:25:47.20+00:00,0,47.05350840,8.31635993,27.360,227.200,4.136,-0.070,7.600,True
2026-09-09 13:25:47.25+00:00,0,47.05350553,8.31635719,27.360,227.250,4.133,-0.070,7.600,True
2026-09-09 13:25:47.30+00:00,0,47.05350267,8.31635445,27.360,227.300,4.129,-0.070,7.600,True
2026-09-09 13:25:47.35+00:00,0,47.05349982,8.31635169,27.360,227.350,4.126,-0.070,7.600,True
2026-09-09 13:25:47.40+00:00,0,47.05349697,8.31634891,27.360,227.400,4.122,-0.070,7.600,True
2026-09-09 13:25:47.45+00:00,0,47.05349413,8.31634612,27.360,227.450,4.119,-0.070,7.600,True
2026-09-09 13:25:47.50+00:00,0,47.05349130,8.31634332,27.360,227.500,4.115,-0.070,7.600,True
2026-09-09 13:25:47.55+00:00,0,47.05348847,8.31634050,27.360,227.550,4.112,-0.070,7.600,True
2026-09-09 13:25:47.60+00:00,0,47.05348565,8.31633766,27.360,227.600,4.109,-0.070,7.600,True
2026-09-09 13:25:47.65+00:00,0,47.05348284,8.31633481,27.360,227.650,4.105,-0.070,7.600,True
2026-09-09 13:25:47.70+00:00,0,47.05348003,8.31633195,27.360,227.700,4.102,-0.070,7.600,True
2026-09-09 13:25:47.75+00:00,0,47.05347723,8.31632907,27.360,227.750,4.098,-0.070,7.600,True
2026-09-09 13:25:47.80+00:00,0,47.05347444,8.31632618,27.360,227.800,4.095,-0.070,7.600,True
2026-09-09 13:25:47.85+00:00,0,47.05347165,8.31632328,27.360,227.850,4.091,-0.070,7.600,True
2026-09-09 13:25:47.90+00:00,0,47.05346888,8.31632036,27.360,227.900,4.088,-0.070,7.600,True
2026-09-09 13:25:47.95+00:00,0,47.05346610,8.31631742,27.360,227.950,4.084,-0.070,7.600,True
2026-09-09 13:25:48.00+00:00,0,47.05346334,8.31631448,27.360,228.000,4.081,-0.070,7.600,True
2026-09-09 13:25:48.05+00:00,0,47.05346058,8.31631151,27.360,228.050,4.077,-0.070,7.600,True
2026-09-09 13:25:48.10+00:00,0,47.05345783,8.31630854,27.360,228.100,4.074,-0.070,7.600,True
2026-09-09 13:25:48.15+00:00,0,47.05345509,8.31630555,27.360,228.150,4.070,-0.070,7.600,True
2026-09-09 13:25:48.20+00:00,0,47.05345235,8.31630254,27.360,228.200,4.067,-0.070,7.600,True
2026-09-09 13:25:48.25+00:00,0,47.05344962,8.31629952,27.360,228.250,4.063,-0.070,7.600,True
2026-09-09 13:25:48.30+00:00,0,47.05344690,8.31629649,27.360,228.300,4.060,-0.070,7.600,True
2026-09-09 13:25:48.35+00:00,0,47.05344419,8.31629344,27.360,228.350,4.056,-0.070,7.600,True
2026-09-09 13:25:48.40+00:00,0,47.05344148,8.31629038,27.360,228.400,4.053,-0.070,7.600,True
2026-09-09 13:25:48.45+00:00,0,47.05343878,8.31628731,27.360,228.450,4.049,-0.070,7.600,True
2026-09-09 13:25:48.50+00:00,0,47.05343608,8.31628422,27.360,228.500,4.046,-0.070,7.600,True
2026-09-09 13:25:48.55+00:00,0,47.05343340,8.31628112,27.360,228.550,4.042,-0.070,7.600,True
2026-09-09 13:25:48.60+00:00,0,47.05343072,8.31627800,27.360,228.600,4.039,-0.070,7.600,True
2026-09-09 13:25:48.65+00:00,0,47.05342805,8.31627487,27.360,228.650,4.035,-0.070,7.600,True
2026-09-09 13:25:48.70+00:00,0,47.05342539,8.31627173,27.360,228.700,4.032,-0.070,7.600,True
2026-09-09 13:25:48.75+00:00,0,47.05342273,8.31626857,27.360,228.750,4.028,-0.070,7.600,True
2026-09-09 13:25:48.80+00:00,0,47.05342008,8.31626540,27.360,228.800,4.025,-0.070,7.600,True
2026-09-09 13:25:48.85+00:00,0,47.05341744,8.31626222,27.360,228.850,4.021,-0.070,7.600,True
2026-09-09 13:25:48.90+00:00,0,47.05341481,8.31625902,27.360,228.900,4.018,-0.070,7.600,True
2026-09-09 13:25:48.95+00:00,0,47.05341218,8.31625581,27.360,228.950,4.014,-0.070,7.600,True
2026-09-09 13:25:49.00+00:00,0,47.05340956,8.31625259,27.360,229.000,4.011,-0.070,7.600,True
2026-09-09 13:25:49.05+00:00,0,47.05340695,8.31624935,27.360,229.050,4.007,-0.070,7.600,True
2026-09-09 13:25:49.10+00:00,0,47.05340435,8.31624610,27.360,229.100,4.004,-0.070,7.600,True
2026-09-09 13:25:49.15+00:00,0,47.05340176,8.31624283,27.360,229.150,4.000,-0.070,7.600,True
2026-09-09 13:25:49.20+00:00,0,47.05339917,8.31623956,27.360,229.200,3.997,-0.070,7.600,True
2026-09-09 13:25:49.25+00:00,0,47.05339659,8.31623627,27.360,229.250,3.993,-0.070,7.600,True
2026-09-09 13:25:49.30+00:00,0,47.05339402,8.31623296,27.360,229.300,3.990,-0.070,7.600,True
2026-09-09 13:25:49.35+00:00,0,47.05339146,8.31622964,27.360,229.350,3.986,-0.070,7.600,True
2026-09-09 13:25:49.40+00:00,0,47.05338890,8.31622631,27.360,229.400,3.983,-0.070,7.600,True
2026-09-09 13:25:49.45+00:00,0,47.05338635,8.31622297,27.360,229.450,3.979,-0.070,7.600,True
2026-09-09 13:25:49.50+00:00,0,47.05338381,8.31621961,27.360,229.500,3.976,-0.070,7.600,True
2026-09-09 13:25:49.55+00:00,0,47.05338128,8.31621625,27.360,229.550,3.972,-0.070,7.600,True
2026-09-09 13:25:49.60+00:00,0,47.05337876,8.31621286,27.360,229.600,3.969,-0.070,7.600,True
2026-09-09 13:25:49.65+00:00,0,47.05337624,8.31620947,27.360,229.650,3.965,-0.070,7.600,True
2026-09-09 13:25:49.70+00:00,0,47.05337374,8.31620606,27.360,229.700,3.962,-0.070,7.600,True
2026-09-09 13:25:49.75+00:00,0,47.05337124,8.31620264,27.360,229.750,3.958,-0.070,7.600,True
2026-09-09 13:25:49.80+00:00,0,47.05336874,8.31619921,27.360,229.800,3.955,-0.070,7.600,True
2026-09-09 13:25:49.85+00:00,0,47.05336626,8.31619576,27.360,229.850,3.951,-0.070,7.600,True
2026-09-09 13:25:49.90+00:00,0,47.05336379,8.31619230,27.360,229.900,3.948,-0.070,7.600,True
2026-09-09 13:25:49.95+00:00,0,47.05336132,8.31618883,27.360,229.950,3.944,-0.070,7.600,True
2026-09-09 13:25:50.00+00:00,0,47.05335886,8.31618534,27.360,230.000,3.941,-0.070,7.600,True
2026-09-09 13:25:50.05+00:00,0,47.05335641,8.31618185,27.360,230.050,3.937,-0.070,7.600,True
2026-09-09 13:25:50.10+00:00,0,47.05335397,8.31617834,27.360,230.100,3.934,-0.070,7.600,True
2026-09-09 13:25:50.15+00:00,0,47.05335154,8.31617482,27.360,230.150,3.930,-0.070,7.600,True
2026-09-09 13:25:50.20+00:00,0,47.05334911,8.31617128,27.360,230.200,3.927,-0.070,7.600,True
2026-09-09 13:25:50.25+00:00,0,47.05334670,8.31616773,27.360,230.250,3.924,-0.070,7.600,True
2026-09-09 13:25:50.30+00:00,0,47.05334429,8.31616418,27.360,230.300,3.920,-0.070,7.600,True
2026-09-09 13:25:50.35+00:00,0,47.05334189,8.31616060,27.360,230.350,3.917,-0.070,7.600,True
2026-09-09 13:25:50.40+00:00,0,47.05333950,8.31615702,27.360,230.400,3.913,-0.070,7.600,True
2026-09-09 13:25:50.45+00:00,0,47.05333711,8.31615342,27.360,230.450,3.910,-0.070,7.600,True
2026-09-09 13:25:50.50+00:00,0,47.05333474,8.31614982,27.360,230.500,3.906,-0.070,7.600,True
2026-09-09 13:25:50.55+00:00,0,47.05333238,8.31614620,27.360,230.550,3.903,-0.070,7.600,True
2026-09-09 13:25:50.60+00:00,0,47.05333002,8.31614256,27.360,230.600,3.899,-0.070,7.600,True
2026-09-09 13:25:50.65+00:00,0,47.05332767,8.31613892,27.360,230.650,3.896,-0.070,7.600,True
2026-09-09 13:25:50.70+00:00,0,47.05332533,8.31613526,27.360,230.700,3.892,-0.070,7.600,True
2026-09-09 13:25:50.75+00:00,0,47.05332300,8.31613159,27.360,230.750,3.889,-0.070,7.600,True
2026-09-09 13:25:50.80+00:00,0,47.05332068,8.31612791,27.360,230.800,3.885,-0.070,7.600,True
2026-09-09 13:25:50.85+00:00,0,47.05331837,8.31612422,27.360,230.850,3.882,-0.070,7.600,True
2026-09-09 13:25:50.90+00:00,0,47.05331606,8.31612052,27.360,230.900,3.878,-0.070,7.600,True
2026-09-09 13:25:50.95+00:00,0,47.05331377,8.31611680,27.360,230.950,3.875,-0.070,7.600,True
2026-09-09 13:25:51.00+00:00,0,47.05331148,8.31611307,27.360,231.000,3.871,-0.070,7.600,True
2026-09-09 13:25:51.05+00:00,0,47.05330920,8.31610933,27.360,231.050,3.868,-0.070,7.600,True
2026-09-09 13:25:51.10+00:00,0,47.05330693,8.31610558,27.360,231.100,3.864,-0.070,7.600,True
2026-09-09 13:25:51.15+00:00,0,47.05330467,8.31610182,27.360,231.150,3.861,-0.070,7.600,True
2026-09-09 13:25:51.20+00:00,0,47.05330242,8.31609805,27.360,231.200,3.857,-0.070,7.600,True
2026-09-09 13:25:51.25+00:00,0,47.05330018,8.31609426,27.360,231.250,3.854,-0.070,7.600,True
2026-09-09 13:25:51.30+00:00,0,47.05329795,8.31609046,27.360,231.300,3.850,-0.070,7.600,True
2026-09-09 13:25:51.35+00:00,0,47.05329572,8.31608666,27.360,231.350,3.847,-0.070,7.600,True
2026-09-09 13:25:51.40+00:00,0,47.05329351,8.31608284,27.360,231.400,3.843,-0.070,7.600,True
2026-09-09 13:25:51.45+00:00,0,47.05329130,8.31607901,27.360,231.450,3.840,-0.070,7.600,True
2026-09-09 13:25:51.50+00:00,0,47.05328910,8.31607516,27.360,231.500,3.836,-0.070,7.600,True
2026-09-09 13:25:51.55+00:00,0,47.05328692,8.31607131,27.360,231.550,3.833,-0.070,7.600,True
2026-09-09 13:25:51.60+00:00,0,47.05328474,8.31606744,27.360,231.600,3.829,-0.070,7.600,True
2026-09-09 13:25:51.65+00:00,0,47.05328257,8.31606357,27.360,231.650,3.826,-0.070,7.600,True
2026-09-09 13:25:51.70+00:00,0,47.05328041,8.31605968,27.360,231.700,3.822,-0.070,7.600,True
2026-09-09 13:25:51.75+00:00,0,47.05327826,8.31605578,27.360,231.750,3.819,-0.070,7.600,True
2026-09-09 13:25:51.80+00:00,0,47.05327612,8.31605187,27.360,231.800,3.815,-0.070,7.600,True
2026-09-09 13:25:51.85+00:00,0,47.05327399,8.31604795,27.360,231.850,3.812,-0.070,7.600,True
2026-09-09 13:25:51.90+00:00,0,47.05327186,8.31604402,27.360,231.900,3.808,-0.070,7.600,True
2026-09-09 13:25:51.95+00:00,0,47.05326975,8.31604008,27.360,231.950,3.805,-0.070,7.600,True
2026-09-09 13:25:52.00+00:00,0,47.05326765,8.31603613,27.360,232.000,3.801,-0.070,7.600,True
2026-09-09 13:25:52.05+00:00,0,47.05326555,8.31603217,27.360,232.050,3.798,-0.070,7.600,True
2026-09-09 13:25:52.10+00:00,0,47.05326347,8.31602819,27.360,232.100,3.794,-0.070,7.600,True
2026-09-09 13:25:52.15+00:00,0,47.05326139,8.31602421,27.360,232.150,3.791,-0.070,7.600,True
2026-09-09 13:25:52.20+00:00,0,47.05325932,8.31602021,27.360,232.200,3.787,-0.070,7.600,True
2026-09-09 13:25:52.25+00:00,0,47.05325727,8.31601621,27.360,232.250,3.784,-0.070,7.600,True
2026-09-09 13:25:52.30+00:00,0,47.05325522,8.31601219,27.360,232.300,3.780,-0.070,7.600,True
2026-09-09 13:25:52.35+00:00,0,47.05325318,8.31600816,27.360,232.350,3.777,-0.070,7.600,True
2026-09-09 13:25:52.40+00:00,0,47.05325116,8.31600412,27.360,232.400,3.773,-0.070,7.600,True
2026-09-09 13:25:52.45+00:00,0,47.05324914,8.31600008,27.360,232.450,3.770,-0.070,7.600,True
2026-09-09 13:25:52.50+00:00,0,47.05324713,8.31599602,27.360,232.500,3.766,-0.070,7.600,True
2026-09-09 13:25:52.55+00:00,0,47.05324513,8.31599195,27.360,232.550,3.763,-0.070,7.600,True
2026-09-09 13:25:52.60+00:00,0,47.05324314,8.31598787,27.360,232.600,3.759,-0.070,7.600,True
2026-09-09 13:25:52.65+00:00,0,47.05324116,8.31598378,27.360,232.650,3.756,-0.070,7.600,True
2026-09-09 13:25:52.70+00:00,0,47.05323919,8.31597969,27.360,232.700,3.752,-0.070,7.600,True
2026-09-09 13:25:52.75+00:00,0,47.05323723,8.31597558,27.360,232.750,3.749,-0.070,7.600,True
2026-09-09 13:25:52.80+00:00,0,47.05323528,8.31597146,27.360,232.800,3.745,-0.070,7.600,True
2026-09-09 13:25:52.85+00:00,0,47.05323334,8.31596733,27.360,232.850,3.742,-0.070,7.600,True
2026-09-09 13:25:52.90+00:00,0,47.05323141,8.31596319,27.360,232.900,3.738,-0.070,7.600,True
2026-09-09 13:25:52.95+00:00,0,47.05322949,8.31595904,27.360,232.950,3.735,-0.070,7.600,True
2026-09-09 13:25:53.00+00:00,0,47.05322758,8.31595488,27.360,233.000,3.732,-0.070,7.600,True
2026-09-09 13:25:53.05+00:00,0,47.05322568,8.31595072,27.360,233.050,3.728,-0.070,7.600,True
2026-09-09 13:25:53.10+00:00,0,47.05322378,8.31594654,27.360,233.100,3.725,-0.070,7.600,True
2026-09-09 13:25:53.15+00:00,0,47.05322190,8.31594235,27.360,233.150,3.721,-0.070,7.600,True
2026-09-09 13:25:53.20+00:00,0,47.05322003,8.31593815,27.360,233.200,3.718,-0.070,7.600,True
2026-09-09 13:25:53.25+00:00,0,47.05321817,8.31593395,27.360,233.250,3.714,-0.070,7.600,True
2026-09-09 13:25:53.30+00:00,0,47.05321632,8.31592973,27.360,233.300,3.711,-0.070,7.600,True
2026-09-09 13:25:53.35+00:00,0,47.05321448,8.31592550,27.360,233.350,3.707,-0.070,7.600,True
2026-09-09 13:25:53.40+00:00,0,47.05321265,8.31592127,27.360,233.400,3.704,-0.070,7.600,True
2026-09-09 13:25:53.45+00:00,0,47.05321083,8.31591703,27.360,233.450,3.700,-0.070,7.600,True
2026-09-09 13:25:53.50+00:00,0,47.05320901,8.31591277,27.360,233.500,3.697,-0.070,7.600,True
2026-09-09 13:25:53.55+00:00,0,47.05320721,8.31590851,27.360,233.550,3.693,-0.070,7.600,True
2026-09-09 13:25:53.60+00:00,0,47.05320542,8.31590424,27.360,233.600,3.690,-0.070,7.600,True
2026-09-09 13:25:53.65+00:00,0,47.05320364,8.31589995,27.360,233.650,3.686,-0.070,7.600,True
2026-09-09 13:25:53.70+00:00,0,47.05320187,8.31589566,27.360,233.700,3.683,-0.070,7.600,True
2026-09-09 13:25:53.75+00:00,0,47.05320011,8.31589137,27.360,233.750,3.679,-0.070,7.600,True
2026-09-09 13:25:53.80+00:00,0,47.05319836,8.31588706,27.360,233.800,3.676,-0.070,7.600,True
2026-09-09 13:25:53.85+00:00,0,47.05319662,8.31588274,27.360,233.850,3.672,-0.070,7.600,True
2026-09-09 13:25:53.90+00:00,0,47.05319489,8.31587841,27.360,233.900,3.669,-0.070,7.600,True
2026-09-09 13:25:53.95+00:00,0,47.05319317,8.31587408,27.360,233.950,3.665,-0.070,7.600,True
2026-09-09 13:25:54.00+00:00,0,47.05319147,8.31586973,27.360,234.000,3.662,-0.070,7.600,True
2026-09-09 13:25:54.05+00:00,0,47.05318977,8.31586538,27.360,234.050,3.658,-0.070,7.600,True
2026-09-09 13:25:54.10+00:00,0,47.05318808,8.31586102,27.360,234.100,3.655,-0.070,7.600,True
2026-09-09 13:25:54.15+00:00,0,47.05318640,8.31585665,27.360,234.150,3.651,-0.070,7.600,True
2026-09-09 13:25:54.20+00:00,0,47.05318473,8.31585227,27.360,234.200,3.648,-0.070,7.600,True
2026-09-09 13:25:54.25+00:00,0,47.05318308,8.31584788,27.360,234.250,3.644,-0.070,7.600,True
2026-09-09 13:25:54.30+00:00,0,47.05318143,8.31584349,27.360,234.300,3.641,-0.070,7.600,True
2026-09-09 13:25:54.35+00:00,0,47.05317980,8.31583909,27.360,234.350,3.637,-0.070,7.600,True
2026-09-09 13:25:54.40+00:00,0,47.05317817,8.31583467,27.360,234.400,3.634,-0.070,7.600,True
2026-09-09 13:25:54.45+00:00,0,47.05317656,8.31583025,27.360,234.450,3.630,-0.070,7.600,True
2026-09-09 13:25:54.50+00:00,0,47.05317495,8.31582582,27.360,234.500,3.627,-0.070,7.600,True
2026-09-09 13:25:54.55+00:00,0,47.05317336,8.31582139,27.360,234.550,3.623,-0.070,7.600,True
2026-09-09 13:25:54.60+00:00,0,47.05317177,8.31581694,27.360,234.600,3.620,-0.070,7.600,True
2026-09-09 13:25:54.65+00:00,0,47.05317020,8.31581249,27.360,234.650,3.616,-0.070,7.600,True
2026-09-09 13:25:54.70+00:00,0,47.05316864,8.31580803,27.360,234.700,3.613,-0.070,7.600,True
2026-09-09 13:25:54.75+00:00,0,47.05316709,8.31580356,27.360,234.750,3.609,-0.070,7.600,True
2026-09-09 13:25:54.80+00:00,0,47.05316555,8.31579908,27.360,234.800,3.606,-0.070,7.600,True
2026-09-09 13:25:54.85+00:00,0,47.05316402,8.31579460,27.360,234.850,3.602,-0.070,7.600,True
2026-09-09 13:25:54.90+00:00,0,47.05316250,8.31579010,27.360,234.900,3.599,-0.070,7.600,True
2026-09-09 13:25:54.95+00:00,0,47.05316099,8.31578560,27.360,234.950,3.595,-0.070,7.600,True
2026-09-09 13:25:55.00+00:00,0,47.05315949,8.31578110,27.360,235.000,3.592,-0.070,7.600,True
2026-09-09 13:25:55.05+00:00,0,47.05315800,8.31577658,27.360,235.050,3.588,0.000,7.600,True
2026-09-09 13:25:55.10+00:00,0,47.05315653,8.31577206,27.360,235.100,3.588,0.000,7.600,True
2026-09-09 13:25:55.15+00:00,0,47.05315505,8.31576753,27.360,235.150,3.588,0.000,7.600,True
2026-09-09 13:25:55.20+00:00,0,47.05315357,8.31576301,27.360,235.200,3.588,0.000,7.600,True
2026-09-09 13:25:55.25+00:00,0,47.05315210,8.31575849,27.360,235.250,3.588,0.000,7.600,True
2026-09-09 13:25:55.30+00:00,0,47.05315062,8.31575396,27.720,235.300,3.588,0.000,7.700,True
2026-09-09 13:25:55.35+00:00,0,47.05314912,8.31574938,27.720,235.350,3.588,0.000,7.700,True
2026-09-09 13:25:55.40+00:00,0,47.05314763,8.31574480,28.080,235.400,3.588,0.000,7.800,True
2026-09-09 13:25:55.45+00:00,0,47.05314611,8.31574015,28.440,235.450,3.588,0.000,7.900,True
2026-09-09 13:25:55.50+00:00,0,47.05314458,8.31573545,28.440,235.500,3.588,0.000,7.900,True
2026-09-09 13:25:55.55+00:00,0,47.05314304,8.31573075,28.800,235.550,3.588,0.000,8.000,True
2026-09-09 13:25:55.60+00:00,0,47.05314149,8.31572599,29.160,235.600,3.588,0.000,8.100,True
2026-09-09 13:25:55.65+00:00,0,47.05313991,8.31572117,29.160,235.650,3.588,0.000,8.100,True
2026-09-09 13:25:55.70+00:00,0,47.05313834,8.31571635,29.160,235.700,3.588,0.000,8.100,True
2026-09-09 13:25:55.75+00:00,0,47.05313677,8.31571152,29.160,235.750,3.588,0.000,8.100,True
2026-09-09 13:25:55.80+00:00,0,47.05313519,8.31570670,29.160,235.800,3.588,0.000,8.100,True
2026-09-09 13:25:55.85+00:00,0,47.05313362,8.31570188,29.160,235.850,3.588,0.000,8.100,True
2026-09-09 13:25:55.90+00:00,0,47.05313205,8.31569706,29.160,235.900,3.588,0.000,8.100,True
2026-09-09 13:25:55.95+00:00,0,47.05313047,8.31569224,29.160,235.950,3.588,0.000,8.100,True
2026-09-09 13:25:56.00+00:00,0,47.05312890,8.31568742,29.160,236.000,3.588,0.000,8.100,True
2026-09-09 13:25:56.05+00:00,0,47.05312732,8.31568260,29.160,236.050,3.588,0.000,8.100,True
2026-09-09 13:25:56.10+00:00,0,47.05312575,8.31567778,29.160,236.100,3.588,0.000,8.100,True
2026-09-09 13:25:56.15+00:00,0,47.05312418,8.31567296,29.160,236.150,3.588,0.000,8.100,True
2026-09-09 13:25:56.20+00:00,0,47.05312260,8.31566814,29.160,236.200,3.588,0.000,8.100,True
2026-09-09 13:25:56.25+00:00,0,47.05312103,8.31566331,29.160,236.250,3.588,0.000,8.100,True
2026-09-09 13:25:56.30+00:00,0,47.05311946,8.31565849,29.160,236.300,3.588,0.000,8.100,True
2026-09-09 13:25:56.35+00:00,0,47.05311788,8.31565367,29.160,236.350,3.588,0.000,8.100,True
2026-09-09 13:25:56.40+00:00,0,47.05311631,8.31564885,29.160,236.400,3.588,0.000,8.100,True
2026-09-09 13:25:56.45+00:00,0,47.05311473,8.31564403,29.160,236.450,3.588,0.000,8.100,True
2026-09-09 13:25:56.50+00:00,0,47.05311316,8.31563921,29.160,236.500,3.588,0.000,8.100,True
2026-09-09 13:25:56.55+00:00,0,47.05311159,8.31563439,29.160,236.550,3.588,0.000,8.100,True
2026-09-09 13:25:56.60+00:00,0,47.05311001,8.31562957,29.160,236.600,3.588,0.000,8.100,True
2026-09-09 13:25:56.65+00:00,0,47.05310844,8.31562475,29.160,236.650,3.588,0.000,8.100,True
2026-09-09 13:25:56.70+00:00,0,47.05310687,8.31561992,29.160,236.700,3.588,0.000,8.100,True
2026-09-09 13:25:56.75+00:00,0,47.05310529,8.31561510,29.160,236.750,3.588,0.000,8.100,True
2026-09-09 13:25:56.80+00:00,0,47.05310372,8.31561028,29.160,236.800,3.588,0.000,8.100,True
2026-09-09 13:25:56.85+00:00,0,47.05310214,8.31560546,29.160,236.850,3.588,0.000,8.100,True
2026-09-09 13:25:56.90+00:00,0,47.05310057,8.31560064,29.160,236.900,3.588,0.000,8.100,True
2026-09-09 13:25:56.95+00:00,0,47.05309900,8.31559582,29.160,236.950,3.588,0.000,8.100,True
2026-09-09 13:25:57.00+00:00,0,47.05309742,8.31559100,29.160,237.000,3.588,0.000,8.100,True
2026-09-09 13:25:57.05+00:00,0,47.05309585,8.31558618,29.160,237.050,3.588,0.000,8.100,True
2026-09-09 13:25:57.10+00:00,0,47.05309428,8.31558136,29.160,237.100,3.588,0.000,8.100,True
2026-09-09 13:25:57.15+00:00,0,47.05309270,8.31557654,29.160,237.150,3.588,0.000,8.100,True
2026-09-09 13:25:57.20+00:00,0,47.05309113,8.31557171,29.160,237.200,3.588,0.000,8.100,True
2026-09-09 13:25:57.25+00:00,0,47.05308955,8.31556689,29.160,237.250,3.588,0.000,8.100,True
2026-09-09 13:25:57.30+00:00,0,47.05308798,8.31556207,29.160,237.300,3.588,0.000,8.100,True
2026-09-09 13:25:57.35+00:00,0,47.05308641,8.31555725,29.160,237.350,3.588,0.000,8.100,True
2026-09-09 13:25:57.40+00:00,0,47.05308483,8.31555243,29.160,237.400,3.588,0.000,8.100,True
2026-09-09 13:25:57.45+00:00,0,47.05308326,8.31554761,29.160,237.450,3.588,0.000,8.100,True
2026-09-09 13:25:57.50+00:00,0,47.05308168,8.31554279,29.160,237.500,3.588,0.000,8.100,True
2026-09-09 13:25:57.55+00:00,0,47.05308011,8.31553797,29.160,237.550,3.588,0.000,8.100,True
2026-09-09 13:25:57.60+00:00,0,47.05307854,8.31553315,29.160,237.600,3.588,0.000,8.100,True
2026-09-09 13:25:57.65+00:00,0,47.05307696,8.31552832,29.160,237.650,3.588,0.000,8.100,True
2026-09-09 13:25:57.70+00:00,0,47.05307539,8.31552350,29.160,237.700,3.588,0.000,8.100,True
2026-09-09 13:25:57.75+00:00,0,47.05307382,8.31551868,29.160,237.750,3.588,0.000,8.100,True
2026-09-09 13:25:57.80+00:00,0,47.05307224,8.31551386,29.160,237.800,3.588,0.000,8.100,True
2026-09-09 13:25:57.85+00:00,0,47.05307067,8.31550904,29.160,237.850,3.588,0.000,8.100,True
2026-09-09 13:25:57.90+00:00,0,47.05306909,8.31550422,29.160,237.900,3.588,0.000,8.100,True
2026-09-09 13:25:57.95+00:00,0,47.05306752,8.31549940,29.160,237.950,3.588,0.000,8.100,True
2026-09-09 13:25:58.00+00:00,0,47.05306595,8.31549458,29.160,238.000,3.588,0.000,8.100,True
2026-09-09 13:25:58.05+00:00,0,47.05306437,8.31548976,29.160,238.050,3.588,0.000,8.100,True
2026-09-09 13:25:58.10+00:00,0,47.05306280,8.31548494,29.160,238.100,3.588,0.000,8.100,True
2026-09-09 13:25:58.15+00:00,0,47.05306123,8.31548011,29.160,238.150,3.588,0.000,8.100,True
2026-09-09 13:25:58.20+00:00,0,47.05305965,8.31547529,29.160,238.200,3.588,0.000,8.100,True
2026-09-09 13:25:58.25+00:00,0,47.05305808,8.31547047,29.160,238.250,3.588,0.000,8.100,True
2026-09-09 13:25:58.30+00:00,0,47.05305650,8.31546565,29.160,238.300,3.588,0.000,8.100,True
2026-09-09 13:25:58.35+00:00,0,47.05305493,8.31546083,29.160,238.350,3.588,0.000,8.100,True
2026-09-09 13:25:58.40+00:00,0,47.05305336,8.31545601,29.160,238.400,3.588,0.000,8.100,True
2026-09-09 13:25:58.45+00:00,0,47.05305178,8.31545119,29.160,238.450,3.588,0.000,8.100,True
2026-09-09 13:25:58.50+00:00,0,47.05305021,8.31544637,29.160,238.500,3.588,0.000,8.100,True
2026-09-09 13:25:58.55+00:00,0,47.05304864,8.31544155,29.160,238.550,3.588,0.000,8.100,True
2026-09-09 13:25:58.60+00:00,0,47.05304706,8.31543672,29.160,238.600,3.588,0.000,8.100,True
2026-09-09 13:25:58.65+00:00,0,47.05304549,8.31543190,29.160,238.650,3.588,0.000,8.100,True
2026-09-09 13:25:58.70+00:00,0,47.05304391,8.31542708,29.160,238.700,3.588,0.000,8.100,True
2026-09-09 13:25:58.75+00:00,0,47.05304234,8.31542226,29.160,238.750,3.588,0.000,8.100,True
2026-09-09 13:25:58.80+00:00,0,47.05304077,8.31541744,29.160,238.800,3.588,0.000,8.100,True
2026-09-09 13:25:58.85+00:00,0,47.05303919,8.31541262,29.160,238.850,3.588,0.000,8.100,True
2026-09-09 13:25:58.90+00:00,0,47.05303762,8.31540780,29.160,238.900,3.588,0.000,8.100,True
2026-09-09 13:25:58.95+00:00,0,47.05303605,8.31540298,29.160,238.950,3.588,0.000,8.100,True
2026-09-09 13:25:59.00+00:00,0,47.05303447,8.31539816,29.160,239.000,3.588,0.000,8.100,True
2026-09-09 13:25:59.05+00:00,0,47.05303290,8.31539334,29.160,239.050,3.588,0.000,8.100,True
2026-09-09 13:25:59.10+00:00,0,47.05303132,8.31538851,29.160,239.100,3.588,0.000,8.100,True
2026-09-09 13:25:59.15+00:00,0,47.05302975,8.31538369,29.160,239.150,3.588,0.000,8.100,True
2026-09-09 13:25:59.20+00:00,0,47.05302818,8.31537887,29.160,239.200,3.588,0.000,8.100,True
2026-09-09 13:25:59.25+00:00,0,47.05302660,8.31537405,29.160,239.250,3.588,0.000,8.100,True
2026-09-09 13:25:59.30+00:00,0,47.05302503,8.31536923,29.160,239.300,3.588,0.000,8.100,True
2026-09-09 13:25:59.35+00:00,0,47.05302346,8.31536441,29.160,239.350,3.588,0.000,8.100,True
2026-09-09 13:25:59.40+00:00,0,47.05302188,8.31535959,29.160,239.400,3.588,0.000,8.100,True
2026-09-09 13:25:59.45+00:00,0,47.05302031,8.31535477,29.160,239.450,3.588,0.000,8.100,True
2026-09-09 13:25:59.50+00:00,0,47.05301873,8.31534995,29.160,239.500,3.588,0.000,8.100,True
2026-09-09 13:25:59.55+00:00,0,47.05301716,8.31534512,29.160,239.550,3.588,0.000,8.100,True
2026-09-09 13:25:59.60+00:00,0,47.05301559,8.31534030,29.160,239.600,3.588,0.000,8.100,True
2026-09-09 13:25:59.65+00:00,0,47.05301401,8.31533548,29.160,239.650,3.588,0.000,8.100,True
2026-09-09 13:25:59.70+00:00,0,47.05301244,8.31533066,29.160,239.700,3.588,0.000,8.100,True
2026-09-09 13:25:59.75+00:00,0,47.05301087,8.31532584,29.160,239.750,3.588,0.000,8.100,True
2026-09-09 13:25:59.80+00:00,0,47.05300929,8.31532102,29.160,239.800,3.588,0.000,8.100,True
2026-09-09 13:25:59.85+00:00,0,47.05300772,8.31531620,29.160,239.850,3.588,0.000,8.100,True
2026-09-09 13:25:59.90+00:00,0,47.05300614,8.31531138,29.160,239.900,3.588,0.000,8.100,True
2026-09-09 13:25:59.95+00:00,0,47.05300457,8.31530656,29.160,239.950,3.588,0.000,8.100,True
2026-09-09 13:26:00.00+00:00,0,47.05300300,8.31530174,29.160,240.000,3.588,0.000,8.100,True
2026-09-09 13:26:00.05+00:00,0,47.05300142,8.31529691,29.160,240.050,3.588,0.000,8.100,True
2026-09-09 13:26:00.10+00:00,0,47.05299985,8.31529209,29.160,240.100,3.588,0.000,8.100,True
2026-09-09 13:26:00.15+00:00,0,47.05299828,8.31528727,29.160,240.150,3.588,0.000,8.100,True
2026-09-09 13:26:00.20+00:00,0,47.05299670,8.31528245,29.160,240.200,3.588,0.000,8.100,True
2026-09-09 13:26:00.25+00:00,0,47.05299513,8.31527763,29.160,240.250,3.588,0.000,8.100,True
2026-09-09 13:26:00.30+00:00,0,47.05299355,8.31527281,29.160,240.300,3.588,0.000,8.100,True
2026-09-09 13:26:00.35+00:00,0,47.05299198,8.31526799,29.160,240.350,3.588,0.000,8.100,True
2026-09-09 13:26:00.40+00:00,0,47.05299041,8.31526317,29.160,240.400,3.588,0.000,8.100,True
2026-09-09 13:26:00.45+00:00,0,47.05298883,8.31525835,29.160,240.450,3.588,0.000,8.100,True
2026-09-09 13:26:00.50+00:00,0,47.05298726,8.31525352,29.160,240.500,3.588,0.000,8.100,True
2026-09-09 13:26:00.55+00:00,0,47.05298569,8.31524870,29.160,240.550,3.588,0.000,8.100,True
2026-09-09 13:26:00.60+00:00,0,47.05298411,8.31524388,29.160,240.600,3.588,0.000,8.100,True
2026-09-09 13:26:00.65+00:00,0,47.05298254,8.31523906,29.160,240.650,3.588,0.000,8.100,True
2026-09-09 13:26:00.70+00:00,0,47.05298096,8.31523424,29.160,240.700,3.588,0.000,8.100,True
2026-09-09 13:26:00.75+00:00,0,47.05297939,8.31522942,29.160,240.750,3.588,0.000,8.100,True
2026-09-09 13:26:00.80+00:00,0,47.05297782,8.31522460,29.160,240.800,3.588,0.000,8.100,True
2026-09-09 13:26:00.85+00:00,0,47.05297624,8.31521978,29.160,240.850,3.588,0.000,8.100,True
2026-09-09 13:26:00.90+00:00,0,47.05297467,8.31521496,29.160,240.900,3.588,0.000,8.100,True
2026-09-09 13:26:00.95+00:00,0,47.05297310,8.31521014,29.160,240.950,3.588,0.000,8.100,True
2026-09-09 13:26:01.00+00:00,0,47.05297152,8.31520531,29.160,241.000,3.588,0.000,8.100,True
2026-09-09 13:26:01.05+00:00,0,47.05296995,8.31520049,29.160,241.050,3.588,0.000,8.100,True
2026-09-09 13:26:01.10+00:00,0,47.05296837,8.31519567,29.160,241.100,3.588,0.000,8.100,True
2026-09-09 13:26:01.15+00:00,0,47.05296680,8.31519085,29.160,241.150,3.588,0.000,8.100,True
2026-09-09 13:26:01.20+00:00,0,47.05296523,8.31518603,29.160,241.200,3.588,0.000,8.100,True
2026-09-09 13:26:01.25+00:00,0,47.05296365,8.31518121,29.160,241.250,3.588,0.000,8.100,True
2026-09-09 13:26:01.30+00:00,0,47.05296208,8.31517639,29.160,241.300,3.588,0.000,8.100,True
2026-09-09 13:26:01.35+00:00,0,47.05296051,8.31517157,29.160,241.350,3.588,0.000,8.100,True
2026-09-09 13:26:01.40+00:00,0,47.05295893,8.31516675,29.160,241.400,3.588,0.000,8.100,True
2026-09-09 13:26:01.45+00:00,0,47.05295736,8.31516193,29.160,241.450,3.588,0.000,8.100,True
2026-09-09 13:26:01.50+00:00,0,47.05295578,8.31515710,29.160,241.500,3.588,0.000,8.100,True
2026-09-09 13:26:01.55+00:00,0,47.05295421,8.31515228,29.160,241.550,3.588,0.000,8.100,True
2026-09-09 13:26:01.60+00:00,0,47.05295264,8.31514746,29.160,241.600,3.588,0.000,8.100,True
2026-09-09 13:26:01.65+00:00,0,47.05295106,8.31514264,29.160,241.650,3.588,0.000,8.100,True
2026-09-09 13:26:01.70+00:00,0,47.05294949,8.31513782,29.160,241.700,3.588,0.000,8.100,True
2026-09-09 13:26:01.75+00:00,0,47.05294792,8.31513300,29.160,241.750,3.588,0.000,8.100,True
2026-09-09 13:26:01.80+00:00,0,47.05294634,8.31512818,29.160,241.800,3.588,0.000,8.100,True
2026-09-09 13:26:01.85+00:00,0,47.05294477,8.31512336,29.160,241.850,3.588,0.000,8.100,True
2026-09-09 13:26:01.90+00:00,0,47.05294319,8.31511854,29.160,241.900,3.588,0.000,8.100,True
2026-09-09 13:26:01.95+00:00,0,47.05294162,8.31511371,29.160,241.950,3.588,0.000,8.100,True
2026-09-09 13:26:02.00+00:00,0,47.05294005,8.31510889,29.160,242.000,3.588,0.000,8.100,True
2026-09-09 13:26:02.05+00:00,0,47.05293847,8.31510407,29.160,242.050,3.588,0.000,8.100,True
2026-09-09 13:26:02.10+00:00,0,47.05293690,8.31509925,29.160,242.100,3.588,0.000,8.100,True
2026-09-09 13:26:02.15+00:00,0,47.05293533,8.31509443,29.160,242.150,3.588,0.000,8.100,True
2026-09-09 13:26:02.20+00:00,0,47.05293375,8.31508961,29.160,242.200,3.588,0.000,8.100,True
2026-09-09 13:26:02.25+00:00,0,47.05293218,8.31508479,29.160,242.250,3.588,0.000,8.100,True
2026-09-09 13:26:02.30+00:00,0,47.05293060,8.31507997,29.160,242.300,3.588,0.000,8.100,True
2026-09-09 13:26:02.35+00:00,0,47.05292903,8.31507515,29.160,242.350,3.588,0.000,8.100,True
2026-09-09 13:26:02.40+00:00,0,47.05292746,8.31507033,29.160,242.400,3.588,0.000,8.100,True
2026-09-09 13:26:02.45+00:00,0,47.05292588,8.31506550,29.160,242.450,3.588,0.000,8.100,True
2026-09-09 13:26:02.50+00:00,0,47.05292431,8.31506068,29.160,242.500,3.588,0.000,8.100,True
2026-09-09 13:26:02.55+00:00,0,47.05292273,8.31505586,29.160,242.550,3.588,0.000,8.100,True
2026-09-09 13:26:02.60+00:00,0,47.05292116,8.31505104,29.160,242.600,3.588,0.000,8.100,True
2026-09-09 13:26:02.65+00:00,0,47.05291959,8.31504622,29.160,242.650,3.588,0.000,8.100,True
2026-09-09 13:26:02.70+00:00,0,47.05291801,8.31504140,29.160,242.700,3.588,0.000,8.100,True
2026-09-09 13:26:02.75+00:00,0,47.05291644,8.31503658,29.160,242.750,3.588,0.000,8.100,True
2026-09-09 13:26:02.80+00:00,0,47.05291487,8.31503176,29.160,242.800,3.588,0.000,8.100,True
2026-09-09 13:26:02.85+00:00,0,47.05291329,8.31502694,29.160,242.850,3.588,0.000,8.100,True
2026-09-09 13:26:02.90+00:00,0,47.05291172,8.31502211,29.160,242.900,3.588,0.000,8.100,True
2026-09-09 13:26:02.95+00:00,0,47.05291014,8.31501729,29.160,242.950,3.588,0.000,8.100,True
2026-09-09 13:26:03.00+00:00,0,47.05290857,8.31501247,29.160,243.000,3.588,0.000,8.100,True
2026-09-09 13:26:03.05+00:00,0,47.05290700,8.31500765,29.160,243.050,3.588,0.000,8.100,True
2026-09-09 13:26:03.10+00:00,0,47.05290542,8.31500283,29.160,243.100,3.588,0.000,8.100,True
2026-09-09 13:26:03.15+00:00,0,47.05290385,8.31499801,29.160,243.150,3.588,0.000,8.100,True
2026-09-09 13:26:03.20+00:00,0,47.05290228,8.31499319,29.160,243.200,3.588,0.000,8.100,True
2026-09-09 13:26:03.25+00:00,0,47.05290070,8.31498837,29.160,243.250,3.588,0.000,8.100,True
2026-09-09 13:26:03.30+00:00,0,47.05289913,8.31498355,29.160,243.300,3.588,0.000,8.100,True
2026-09-09 13:26:03.35+00:00,0,47.05289755,8.31497873,29.160,243.350,3.588,0.000,8.100,True
2026-09-09 13:26:03.40+00:00,0,47.05289598,8.31497390,29.160,243.400,3.588,0.000,8.100,True
2026-09-09 13:26:03.45+00:00,0,47.05289441,8.31496908,29.160,243.450,3.588,0.000,8.100,True
2026-09-09 13:26:03.50+00:00,0,47.05289283,8.31496426,29.160,243.500,3.588,0.000,8.100,True
2026-09-09 13:26:03.55+00:00,0,47.05289126,8.31495944,29.160,243.550,3.588,0.000,8.100,True
2026-09-09 13:26:03.60+00:00,0,47.05288969,8.31495462,29.160,243.600,3.588,0.000,8.100,True
2026-09-09 13:26:03.65+00:00,0,47.05288811,8.31494980,29.160,243.650,3.588,0.000,8.100,True
2026-09-09 13:26:03.70+00:00,0,47.05288654,8.31494498,29.160,243.700,3.588,0.000,8.100,True
2026-09-09 13:26:03.75+00:00,0,47.05288496,8.31494016,29.160,243.750,3.588,0.000,8.100,True
2026-09-09 13:26:03.80+00:00,0,47.05288339,8.31493534,29.160,243.800,3.588,0.000,8.100,True
2026-09-09 13:26:03.85+00:00,0,47.05288182,8.31493052,29.160,243.850,3.588,0.000,8.100,True
2026-09-09 13:26:03.90+00:00,0,47.05288024,8.31492569,29.160,243.900,3.588,0.000,8.100,True
2026-09-09 13:26:03.95+00:00,0,47.05287867,8.31492087,29.160,243.950,3.588,0.000,8.100,True
2026-09-09 13:26:04.00+00:00,0,47.05287710,8.31491605,29.160,244.000,3.588,0.000,8.100,True
2026-09-09 13:26:04.05+00:00,0,47.05287552,8.31491123,29.160,244.050,3.588,0.000,8.100,True
2026-09-09 13:26:04.10+00:00,0,47.05287395,8.31490641,29.160,244.100,3.588,0.000,8.100,True
2026-09-09 13:26:04.15+00:00,0,47.05287237,8.31490159,29.160,244.150,3.588,0.000,8.100,True
2026-09-09 13:26:04.20+00:00,0,47.05287080,8.31489677,29.160,244.200,3.588,0.000,8.100,True
2026-09-09 13:26:04.25+00:00,0,47.05286923,8.31489195,29.160,244.250,3.588,0.000,8.100,True
2026-09-09 13:26:04.30+00:00,0,47.05286765,8.31488713,29.160,244.300,3.588,0.000,8.100,True
2026-09-09 13:26:04.35+00:00,0,47.05286608,8.31488230,29.160,244.350,3.588,0.000,8.100,True
2026-09-09 13:26:04.40+00:00,0,47.05286451,8.31487748,29.160,244.400,3.588,0.000,8.100,True
2026-09-09 13:26:04.45+00:00,0,47.05286293,8.31487266,29.160,244.450,3.588,0.000,8.100,True
2026-09-09 13:26:04.50+00:00,0,47.05286136,8.31486784,29.160,244.500,3.588,0.000,8.100,True
2026-09-09 13:26:04.55+00:00,0,47.05285978,8.31486302,29.160,244.550,3.588,0.000,8.100,True
2026-09-09 13:26:04.60+00:00,0,47.05285821,8.31485820,29.160,244.600,3.588,0.000,8.100,True
2026-09-09 13:26:04.65+00:00,0,47.05285664,8.31485338,29.160,244.650,3.588,0.000,8.100,True
2026-09-09 13:26:04.70+00:00,0,47.05285506,8.31484856,29.160,244.700,3.588,0.000,8.100,True
2026-09-09 13:26:04.75+00:00,0,47.05285349,8.31484374,29.160,244.750,3.588,0.000,8.100,True
2026-09-09 13:26:04.80+00:00,0,47.05285192,8.31483892,29.160,244.800,3.588,0.000,8.100,True
2026-09-09 13:26:04.85+00:00,0,47.05285034,8.31483409,29.160,244.850,3.588,0.000,8.100,True
2026-09-09 13:26:04.90+00:00,0,47.05284877,8.31482927,29.160,244.900,3.588,0.000,8.100,True
2026-09-09 13:26:04.95+00:00,0,47.05284719,8.31482445,29.160,244.950,3.588,0.000,8.100,True
2026-09-09 13:26:05.00+00:00,0,47.05284562,8.31481963,29.160,245.000,3.588,0.000,8.100,True
2026-09-09 13:26:05.05+00:00,0,47.05284405,8.31481481,29.160,245.050,3.588,0.000,8.100,True
2026-09-09 13:26:05.10+00:00,0,47.05284247,8.31480999,29.160,245.100,3.588,0.000,8.100,True
2026-09-09 13:26:05.15+00:00,0,47.05284090,8.31480517,29.160,245.150,3.588,0.000,8.100,True
2026-09-09 13:26:05.20+00:00,0,47.05283933,8.31480035,29.160,245.200,3.588,0.000,8.100,True
2026-09-09 13:26:05.25+00:00,0,47.05283775,8.31479553,29.160,245.250,3.588,0.000,8.100,True
2026-09-09 13:26:05.30+00:00,0,47.05283618,8.31479071,29.160,245.300,3.588,0.000,8.100,True
2026-09-09 13:26:05.35+00:00,0,47.05283460,8.31478588,29.160,245.350,3.588,0.000,8.100,True
2026-09-09 13:26:05.40+00:00,0,47.05283303,8.31478106,29.160,245.400,3.588,0.000,8.100,True
2026-09-09 13:26:05.45+00:00,0,47.05283146,8.31477624,29.160,245.450,3.588,0.000,8.100,True
2026-09-09 13:26:05.50+00:00,0,47.05282988,8.31477142,29.160,245.500,3.588,0.000,8.100,True
2026-09-09 13:26:05.55+00:00,0,47.05282831,8.31476660,29.160,245.550,3.588,0.000,8.100,True
2026-09-09 13:26:05.60+00:00,0,47.05282674,8.31476178,29.160,245.600,3.588,0.000,8.100,True
2026-09-09 13:26:05.65+00:00,0,47.05282516,8.31475696,29.160,245.650,3.588,0.000,8.100,True
2026-09-09 13:26:05.70+00:00,0,47.05282359,8.31475214,29.160,245.700,3.588,0.000,8.100,True
2026-09-09 13:26:05.75+00:00,0,47.05282201,8.31474732,29.160,245.750,3.588,0.000,8.100,True
2026-09-09 13:26:05.80+00:00,0,47.05282044,8.31474250,29.160,245.800,3.588,0.000,8.100,True
2026-09-09 13:26:05.85+00:00,0,47.05281887,8.31473767,29.160,245.850,3.588,0.000,8.100,True
2026-09-09 13:26:05.90+00:00,0,47.05281729,8.31473285,29.160,245.900,3.588,0.000,8.100,True
2026-09-09 13:26:05.95+00:00,0,47.05281572,8.31472803,29.160,245.950,3.588,0.000,8.100,True
2026-09-09 13:26:06.00+00:00,0,47.05281415,8.31472321,29.160,246.000,3.588,0.000,8.100,True
2026-09-09 13:26:06.05+00:00,0,47.05281257,8.31471839,29.160,246.050,3.588,0.000,8.100,True
2026-09-09 13:26:06.10+00:00,0,47.05281100,8.31471357,29.160,246.100,3.588,0.000,8.100,True
2026-09-09 13:26:06.15+00:00,0,47.05280942,8.31470875,29.160,246.150,3.588,0.000,8.100,True
2026-09-09 13:26:06.20+00:00,0,47.05280785,8.31470393,29.160,246.200,3.588,0.000,8.100,True
2026-09-09 13:26:06.25+00:00,0,47.05280628,8.31469911,29.160,246.250,3.588,0.000,8.100,True
2026-09-09 13:26:06.30+00:00,0,47.05280470,8.31469428,29.160,246.300,3.588,0.000,8.100,True
2026-09-09 13:26:06.35+00:00,0,47.05280313,8.31468946,29.160,246.350,3.588,0.000,8.100,True
2026-09-09 13:26:06.40+00:00,0,47.05280156,8.31468464,29.160,246.400,3.588,0.000,8.100,True
2026-09-09 13:26:06.45+00:00,0,47.05279998,8.31467982,29.160,246.450,3.588,0.000,8.100,True
2026-09-09 13:26:06.50+00:00,0,47.05279841,8.31467500,29.160,246.500,3.588,0.000,8.100,True
2026-09-09 13:26:06.55+00:00,0,47.05279683,8.31467018,29.160,246.550,3.588,0.000,8.100,True
2026-09-09 13:26:06.60+00:00,0,47.05279526,8.31466536,29.160,246.600,3.588,0.000,8.100,True
2026-09-09 13:26:06.65+00:00,0,47.05279369,8.31466054,29.160,246.650,3.588,0.000,8.100,True
2026-09-09 13:26:06.70+00:00,0,47.05279211,8.31465572,29.160,246.700,3.588,0.000,8.100,True
2026-09-09 13:26:06.75+00:00,0,47.05279054,8.31465090,29.160,246.750,3.588,0.000,8.100,True
2026-09-09 13:26:06.80+00:00,0,47.05278897,8.31464607,29.160,246.800,3.588,0.000,8.100,True
2026-09-09 13:26:06.85+00:00,0,47.05278739,8.31464125,29.160,246.850,3.588,0.000,8.100,True
2026-09-09 13:26:06.90+00:00,0,47.05278582,8.31463643,29.160,246.900,3.588,0.000,8.100,True
2026-09-09 13:26:06.95+00:00,0,47.05278424,8.31463161,29.160,246.950,3.588,0.000,8.100,True
2026-09-09 13:26:07.00+00:00,0,47.05278267,8.31462679,29.160,247.000,3.588,0.000,8.100,True
2026-09-09 13:26:07.05+00:00,0,47.05278110,8.31462197,29.160,247.050,3.588,0.000,8.100,True
2026-09-09 13:26:07.10+00:00,0,47.05277952,8.31461715,29.160,247.100,3.588,0.000,8.100,True
2026-09-09 13:26:07.15+00:00,0,47.05277795,8.31461233,29.160,247.150,3.588,0.000,8.100,True
2026-09-09 13:26:07.20+00:00,0,47.05277637,8.31460751,29.160,247.200,3.588,0.000,8.100,True
2026-09-09 13:26:07.25+00:00,0,47.05277480,8.31460269,29.160,247.250,3.588,0.000,8.100,True
2026-09-09 13:26:07.30+00:00,0,47.05277323,8.31459786,29.160,247.300,3.588,0.000,8.100,True
2026-09-09 13:26:07.35+00:00,0,47.05277165,8.31459304,29.160,247.350,3.588,0.000,8.100,True
2026-09-09 13:26:07.40+00:00,0,47.05277008,8.31458822,29.160,247.400,3.588,0.000,8.100,True
2026-09-09 13:26:07.45+00:00,0,47.05276851,8.31458340,29.160,247.450,3.588,0.000,8.100,True
2026-09-09 13:26:07.50+00:00,0,47.05276693,8.31457858,29.160,247.500,3.588,0.000,8.100,True
2026-09-09 13:26:07.55+00:00,0,47.05276536,8.31457376,29.160,247.550,3.588,0.000,8.100,True
2026-09-09 13:26:07.60+00:00,0,47.05276378,8.31456894,29.160,247.600,3.588,0.000,8.100,True
2026-09-09 13:26:07.65+00:00,0,47.05276221,8.31456412,29.160,247.650,3.588,0.000,8.100,True
2026-09-09 13:26:07.70+00:00,0,47.05276064,8.31455930,29.160,247.700,3.588,0.000,8.100,True
2026-09-09 13:26:07.75+00:00,0,47.05275906,8.31455448,29.160,247.750,3.588,0.000,8.100,True
2026-09-09 13:26:07.80+00:00,0,47.05275749,8.31454965,29.160,247.800,3.588,0.000,8.100,True
2026-09-09 13:26:07.85+00:00,0,47.05275592,8.31454483,29.160,247.850,3.588,0.000,8.100,True
2026-09-09 13:26:07.90+00:00,0,47.05275434,8.31454001,29.160,247.900,3.588,0.000,8.100,True
2026-09-09 13:26:07.95+00:00,0,47.05275277,8.31453519,29.160,247.950,3.588,0.000,8.100,True
2026-09-09 13:26:08.00+00:00,0,47.05275119,8.31453037,29.160,248.000,3.588,0.000,8.100,True
2026-09-09 13:26:08.05+00:00,0,47.05274962,8.31452555,29.160,248.050,3.588,0.000,8.100,True
2026-09-09 13:26:08.10+00:00,0,47.05274805,8.31452073,29.160,248.100,3.588,0.000,8.100,True
2026-09-09 13:26:08.15+00:00,0,47.05274647,8.31451591,29.160,248.150,3.588,0.000,8.100,True
2026-09-09 13:26:08.20+00:00,0,47.05274490,8.31451109,29.160,248.200,3.588,0.000,8.100,True
2026-09-09 13:26:08.25+00:00,0,47.05274333,8.31450626,29.160,248.250,3.588,0.000,8.100,True
2026-09-09 13:26:08.30+00:00,0,47.05274175,8.31450144,29.160,248.300,3.588,0.000,8.100,True
2026-09-09 13:26:08.35+00:00,0,47.05274018,8.31449662,29.160,248.350,3.588,0.000,8.100,True
2026-09-09 13:26:08.40+00:00,0,47.05273860,8.31449180,29.160,248.400,3.588,0.000,8.100,True
2026-09-09 13:26:08.45+00:00,0,47.05273703,8.31448698,29.160,248.450,3.588,0.000,8.100,True
2026-09-09 13:26:08.50+00:00,0,47.05273546,8.31448216,29.160,248.500,3.588,0.000,8.100,True
2026-09-09 13:26:08.55+00:00,0,47.05273388,8.31447734,29.160,248.550,3.588,0.000,8.100,True
2026-09-09 13:26:08.60+00:00,0,47.05273231,8.31447252,29.160,248.600,3.588,0.000,8.100,True
2026-09-09 13:26:08.65+00:00,0,47.05273074,8.31446770,29.160,248.650,3.588,0.000,8.100,True
2026-09-09 13:26:08.70+00:00,0,47.05272916,8.31446288,29.160,248.700,3.588,0.000,8.100,True
2026-09-09 13:26:08.75+00:00,0,47.05272759,8.31445805,29.160,248.750,3.588,0.000,8.100,True
2026-09-09 13:26:08.80+00:00,0,47.05272601,8.31445323,29.160,248.800,3.588,0.000,8.100,True
2026-09-09 13:26:08.85+00:00,0,47.05272444,8.31444841,29.160,248.850,3.588,0.000,8.100,True
2026-09-09 13:26:08.90+00:00,0,47.05272287,8.31444359,29.160,248.900,3.588,0.000,8.100,True
2026-09-09 13:26:08.95+00:00,0,47.05272129,8.31443877,29.160,248.950,3.588,0.000,8.100,True
2026-09-09 13:26:09.00+00:00,0,47.05271972,8.31443395,29.160,249.000,3.588,0.000,8.100,True
2026-09-09 13:26:09.05+00:00,0,47.05271815,8.31442913,29.160,249.050,3.588,0.000,8.100,True
2026-09-09 13:26:09.10+00:00,0,47.05271657,8.31442431,29.160,249.100,3.588,0.000,8.100,True
2026-09-09 13:26:09.15+00:00,0,47.05271500,8.31441949,29.160,249.150,3.588,0.000,8.100,True
2026-09-09 13:26:09.20+00:00,0,47.05271342,8.31441467,29.160,249.200,3.588,0.000,8.100,True
2026-09-09 13:26:09.25+00:00,0,47.05271185,8.31440984,29.160,249.250,3.588,0.000,8.100,True
2026-09-09 13:26:09.30+00:00,0,47.05271028,8.31440502,29.160,249.300,3.588,0.000,8.100,True
2026-09-09 13:26:09.35+00:00,0,47.05270870,8.31440020,29.160,249.350,3.588,0.000,8.100,True
2026-09-09 13:26:09.40+00:00,0,47.05270713,8.31439538,29.160,249.400,3.588,0.000,8.100,True
2026-09-09 13:26:09.45+00:00,0,47.05270556,8.31439056,29.160,249.450,3.588,0.000,8.100,True
2026-09-09 13:26:09.50+00:00,0,47.05270398,8.31438574,29.160,249.500,3.588,0.000,8.100,True
2026-09-09 13:26:09.55+00:00,0,47.05270241,8.31438092,29.160,249.550,3.588,0.000,8.100,True
2026-09-09 13:26:09.60+00:00,0,47.05270083,8.31437610,29.160,249.600,3.588,0.000,8.100,True
2026-09-09 13:26:09.65+00:00,0,47.05269926,8.31437128,29.160,249.650,3.588,0.000,8.100,True
2026-09-09 13:26:09.70+00:00,0,47.05269769,8.31436646,29.160,249.700,3.588,0.000,8.100,True
2026-09-09 13:26:09.75+00:00,0,47.05269611,8.31436163,29.160,249.750,3.588,0.000,8.100,True
2026-09-09 13:26:09.80+00:00,0,47.05269454,8.31435681,29.160,249.800,3.588,0.000,8.100,True
2026-09-09 13:26:09.85+00:00,0,47.05269297,8.31435199,29.160,249.850,3.588,0.000,8.100,True
2026-09-09 13:26:09.90+00:00,0,47.05269139,8.31434717,29.160,249.900,3.588,0.000,8.100,True
2026-09-09 13:26:09.95+00:00,0,47.05268982,8.31434235,29.160,249.950,3.588,0.000,8.100,True
2026-09-09 13:26:10.00+00:00,0,47.05268824,8.31433753,29.160,250.000,3.588,0.000,8.100,True
2026-09-09 13:26:10.05+00:00,0,47.05268667,8.31433271,29.160,250.050,3.588,0.000,8.100,True
2026-09-09 13:26:10.10+00:00,0,47.05268510,8.31432789,29.160,250.100,3.588,0.000,8.100,True
2026-09-09 13:26:10.15+00:00,0,47.05268352,8.31432307,29.160,250.150,3.588,0.000,8.100,True
2026-09-09 13:26:10.20+00:00,0,47.05268195,8.31431825,29.160,250.200,3.588,0.000,8.100,True
2026-09-09 13:26:10.25+00:00,0,47.05268038,8.31431342,29.160,250.250,3.588,0.000,8.100,True
2026-09-09 13:26:10.30+00:00,0,47.05267880,8.31430860,29.160,250.300,3.588,0.000,8.100,True
2026-09-09 13:26:10.35+00:00,0,47.05267723,8.31430378,29.160,250.350,3.588,0.000,8.100,True
2026-09-09 13:26:10.40+00:00,0,47.05267565,8.31429896,29.160,250.400,3.588,0.000,8.100,True
2026-09-09 13:26:10.45+00:00,0,47.05267408,8.31429414,29.160,250.450,3.588,0.000,8.100,True
2026-09-09 13:26:10.50+00:00,0,47.05267251,8.31428932,29.160,250.500,3.588,0.000,8.100,True
2026-09-09 13:26:10.55+00:00,0,47.05267093,8.31428450,29.160,250.550,3.588,0.000,8.100,True
2026-09-09 13:26:10.60+00:00,0,47.05266936,8.31427968,29.160,250.600,3.588,0.000,8.100,True
2026-09-09 13:26:10.65+00:00,0,47.05266779,8.31427486,29.160,250.650,3.588,0.000,8.100,True
2026-09-09 13:26:10.70+00:00,0,47.05266621,8.31427003,29.160,250.700,3.588,0.000,8.100,True
2026-09-09 13:26:10.75+00:00,0,47.05266464,8.31426521,29.160,250.750,3.588,0.000,8.100,True
2026-09-09 13:26:10.80+00:00,0,47.05266306,8.31426039,29.160,250.800,3.588,0.000,8.100,True
2026-09-09 13:26:10.85+00:00,0,47.05266149,8.31425557,29.160,250.850,3.588,0.000,8.100,True
2026-09-09 13:26:10.90+00:00,0,47.05265992,8.31425075,29.160,250.900,3.588,0.000,8.100,True
2026-09-09 13:26:10.95+00:00,0,47.05265834,8.31424593,29.160,250.950,3.588,0.000,8.100,True
2026-09-09 13:26:11.00+00:00,0,47.05265677,8.31424111,29.160,251.000,3.588,0.000,8.100,True
2026-09-09 13:26:11.05+00:00,0,47.05265520,8.31423629,29.160,251.050,3.588,0.000,8.100,True
2026-09-09 13:26:11.10+00:00,0,47.05265362,8.31423147,29.160,251.100,3.588,0.000,8.100,True
2026-09-09 13:26:11.15+00:00,0,47.05265205,8.31422665,29.160,251.150,3.588,0.000,8.100,True
2026-09-09 13:26:11.20+00:00,0,47.05265047,8.31422182,29.160,251.200,3.588,0.000,8.100,True
2026-09-09 13:26:11.25+00:00,0,47.05264890,8.31421700,29.160,251.250,3.588,0.000,8.100,True
2026-09-09 13:26:11.30+00:00,0,47.05264733,8.31421218,29.160,251.300,3.588,0.000,8.100,True
2026-09-09 13:26:11.35+00:00,0,47.05264575,8.31420736,29.160,251.350,3.588,0.000,8.100,True
2026-09-09 13:26:11.40+00:00,0,47.05264418,8.31420254,29.160,251.400,3.588,0.000,8.100,True
2026-09-09 13:26:11.45+00:00,0,47.05264261,8.31419772,29.160,251.450,3.588,0.000,8.100,True
2026-09-09 13:26:11.50+00:00,0,47.05264103,8.31419290,29.160,251.500,3.588,0.000,8.100,True
2026-09-09 13:26:11.55+00:00,0,47.05263946,8.31418808,29.160,251.550,3.588,0.000,8.100,True
2026-09-09 13:26:11.60+00:00,0,47.05263788,8.31418326,29.160,251.600,3.588,0.000,8.100,True
2026-09-09 13:26:11.65+00:00,0,47.05263631,8.31417844,29.160,251.650,3.588,0.000,8.100,True
2026-09-09 13:26:11.70+00:00,0,47.05263474,8.31417361,29.160,251.700,3.588,0.000,8.100,True
2026-09-09 13:26:11.75+00:00,0,47.05263316,8.31416879,29.160,251.750,3.588,0.000,8.100,True
2026-09-09 13:26:11.80+00:00,0,47.05263159,8.31416397,29.160,251.800,3.588,0.000,8.100,True
2026-09-09 13:26:11.85+00:00,0,47.05263001,8.31415915,29.160,251.850,3.588,0.000,8.100,True
2026-09-09 13:26:11.90+00:00,0,47.05262844,8.31415433,29.160,251.900,3.588,0.000,8.100,True
2026-09-09 13:26:11.95+00:00,0,47.05262687,8.31414951,29.160,251.950,3.588,0.000,8.100,True
2026-09-09 13:26:12.00+00:00,0,47.05262529,8.31414469,29.160,252.000,3.588,0.000,8.100,True
2026-09-09 13:26:12.05+00:00,0,47.05262372,8.31413987,29.160,252.050,3.588,0.000,8.100,True
2026-09-09 13:26:12.10+00:00,0,47.05262215,8.31413505,29.160,252.100,3.588,0.000,8.100,True
2026-09-09 13:26:12.15+00:00,0,47.05262057,8.31413023,29.160,252.150,3.588,0.000,8.100,True
2026-09-09 13:26:12.20+00:00,0,47.05261900,8.31412540,29.160,252.200,3.588,0.000,8.100,True
2026-09-09 13:26:12.25+00:00,0,47.05261742,8.31412058,29.160,252.250,3.588,0.000,8.100,True
2026-09-09 13:26:12.30+00:00,0,47.05261585,8.31411576,29.160,252.300,3.588,0.000,8.100,True
2026-09-09 13:26:12.35+00:00,0,47.05261428,8.31411094,29.160,252.350,3.588,0.000,8.100,True
2026-09-09 13:26:12.40+00:00,0,47.05261270,8.31410612,29.160,252.400,3.588,0.000,8.100,True
2026-09-09 13:26:12.45+00:00,0,47.05261113,8.31410130,29.160,252.450,3.588,0.000,8.100,True
2026-09-09 13:26:12.50+00:00,0,47.05260956,8.31409648,29.160,252.500,3.588,0.000,8.100,True
2026-09-09 13:26:12.55+00:00,0,47.05260798,8.31409166,29.160,252.550,3.588,0.000,8.100,True
2026-09-09 13:26:12.60+00:00,0,47.05260641,8.31408684,29.160,252.600,3.588,0.000,8.100,True
2026-09-09 13:26:12.65+00:00,0,47.05260483,8.31408202,29.160,252.650,3.588,0.000,8.100,True
2026-09-09 13:26:12.70+00:00,0,47.05260326,8.31407719,29.160,252.700,3.588,0.000,8.100,True
2026-09-09 13:26:12.75+00:00,0,47.05260169,8.31407237,29.160,252.750,3.588,0.000,8.100,True
2026-09-09 13:26:12.80+00:00,0,47.05260011,8.31406755,29.160,252.800,3.588,0.000,8.100,True
2026-09-09 13:26:12.85+00:00,0,47.05259854,8.31406273,29.160,252.850,3.588,0.000,8.100,True
2026-09-09 13:26:12.90+00:00,0,47.05259697,8.31405791,29.160,252.900,3.588,0.000,8.100,True
2026-09-09 13:26:12.95+00:00,0,47.05259539,8.31405309,29.160,252.950,3.588,0.000,8.100,True
2026-09-09 13:26:13.00+00:00,0,47.05259382,8.31404827,29.160,253.000,3.588,0.000,8.100,True
2026-09-09 13:26:13.05+00:00,0,47.05259224,8.31404345,29.160,253.050,3.588,0.000,8.100,True
2026-09-09 13:26:13.10+00:00,0,47.05259067,8.31403863,29.160,253.100,3.588,0.000,8.100,True
2026-09-09 13:26:13.15+00:00,0,47.05258910,8.31403381,29.160,253.150,3.588,0.000,8.100,True
2026-09-09 13:26:13.20+00:00,0,47.05258752,8.31402898,29.160,253.200,3.588,0.000,8.100,True
2026-09-09 13:26:13.25+00:00,0,47.05258595,8.31402416,29.160,253.250,3.588,0.000,8.100,True
2026-09-09 13:26:13.30+00:00,0,47.05258438,8.31401934,29.160,253.300,3.588,0.000,8.100,True
2026-09-09 13:26:13.35+00:00,0,47.05258280,8.31401452,29.160,253.350,3.588,0.000,8.100,True
2026-09-09 13:26:13.40+00:00,0,47.05258123,8.31400970,29.160,253.400,3.588,0.000,8.100,True
2026-09-09 13:26:13.45+00:00,0,47.05257965,8.31400488,29.160,253.450,3.588,0.000,8.100,True
2026-09-09 13:26:13.50+00:00,0,47.05257808,8.31400006,29.160,253.500,3.588,0.000,8.100,True
2026-09-09 13:26:13.55+00:00,0,47.05257651,8.31399524,29.160,253.550,3.588,0.000,8.100,True
2026-09-09 13:26:13.60+00:00,0,47.05257493,8.31399042,29.160,253.600,3.588,0.000,8.100,True
2026-09-09 13:26:13.65+00:00,0,47.05257336,8.31398560,29.160,253.650,3.588,0.000,8.100,True
2026-09-09 13:26:13.70+00:00,0,47.05257179,8.31398077,29.160,253.700,3.588,0.000,8.100,True
2026-09-09 13:26:13.75+00:00,0,47.05257021,8.31397595,29.160,253.750,3.588,0.000,8.100,True
2026-09-09 13:26:13.80+00:00,0,47.05256864,8.31397113,29.160,253.800,3.588,0.000,8.100,True
2026-09-09 13:26:13.85+00:00,0,47.05256706,8.31396631,29.160,253.850,3.588,0.000,8.100,True
2026-09-09 13:26:13.90+00:00,0,47.05256549,8.31396149,29.160,253.900,3.588,0.000,8.100,True
2026-09-09 13:26:13.95+00:00,0,47.05256392,8.31395667,29.160,253.950,3.588,0.000,8.100,True
2026-09-09 13:26:14.00+00:00,0,47.05256234,8.31395185,29.160,254.000,3.588,0.000,8.100,True
2026-09-09 13:26:14.05+00:00,0,47.05256077,8.31394703,29.160,254.050,3.588,0.000,8.100,True
2026-09-09 13:26:14.10+00:00,0,47.05255920,8.31394221,29.160,254.100,3.588,0.000,8.100,True
2026-09-09 13:26:14.15+00:00,0,47.05255762,8.31393739,29.160,254.150,3.588,0.000,8.100,True
2026-09-09 13:26:14.20+00:00,0,47.05255605,8.31393256,29.160,254.200,3.588,0.000,8.100,True
2026-09-09 13:26:14.25+00:00,0,47.05255447,8.31392774,29.160,254.250,3.588,0.000,8.100,True
2026-09-09 13:26:14.30+00:00,0,47.05255290,8.31392292,29.160,254.300,3.588,0.000,8.100,True
2026-09-09 13:26:14.35+00:00,0,47.05255133,8.31391810,29.160,254.350,3.588,0.000,8.100,True
2026-09-09 13:26:14.40+00:00,0,47.05254975,8.31391328,29.160,254.400,3.588,0.000,8.100,True
2026-09-09 13:26:14.45+00:00,0,47.05254818,8.31390846,29.160,254.450,3.588,0.000,8.100,True
2026-09-09 13:26:14.50+00:00,0,47.05254661,8.31390364,29.160,254.500,3.588,0.000,8.100,True
2026-09-09 13:26:14.55+00:00,0,47.05254503,8.31389882,29.160,254.550,3.588,0.000,8.100,True
2026-09-09 13:26:14.60+00:00,0,47.05254346,8.31389400,29.160,254.600,3.588,0.000,8.100,True
2026-09-09 13:26:14.65+00:00,0,47.05254188,8.31388918,29.160,254.650,3.588,0.000,8.100,True
2026-09-09 13:26:14.70+00:00,0,47.05254031,8.31388435,29.160,254.700,3.588,0.000,8.100,True
2026-09-09 13:26:14.75+00:00,0,47.05253874,8.31387953,29.160,254.750,3.588,0.000,8.100,True
2026-09-09 13:26:14.80+00:00,0,47.05253716,8.31387471,29.160,254.800,3.588,0.000,8.100,True
2026-09-09 13:26:14.85+00:00,0,47.05253559,8.31386989,29.160,254.850,3.588,0.000,8.100,True
2026-09-09 13:26:14.90+00:00,0,47.05253402,8.31386507,29.160,254.900,3.588,0.000,8.100,True
2026-09-09 13:26:14.95+00:00,0,47.05253244,8.31386025,29.160,254.950,3.588,0.000,8.100,True
2026-09-09 13:26:15.00+00:00,0,47.05253087,8.31385543,29.160,255.000,3.588,0.000,8.100,True
2026-09-09 13:26:15.05+00:00,0,47.05252929,8.31385061,29.160,255.050,3.588,0.000,8.100,True
2026-09-09 13:26:15.10+00:00,0,47.05252772,8.31384579,29.160,255.100,3.588,0.000,8.100,True
2026-09-09 13:26:15.15+00:00,0,47.05252615,8.31384097,29.160,255.150,3.588,0.000,8.100,True
2026-09-09 13:26:15.20+00:00,0,47.05252457,8.31383614,29.160,255.200,3.588,0.000,8.100,True
2026-09-09 13:26:15.25+00:00,0,47.05252300,8.31383132,29.160,255.250,3.588,0.000,8.100,True
2026-09-09 13:26:15.30+00:00,0,47.05252143,8.31382650,29.160,255.300,3.588,0.000,8.100,True
2026-09-09 13:26:15.35+00:00,0,47.05251985,8.31382168,29.160,255.350,3.588,0.000,8.100,True
2026-09-09 13:26:15.40+00:00,0,47.05251828,8.31381686,29.160,255.400,3.588,0.000,8.100,True
2026-09-09 13:26:15.45+00:00,0,47.05251670,8.31381204,29.160,255.450,3.588,0.000,8.100,True
2026-09-09 13:26:15.50+00:00,0,47.05251513,8.31380722,29.160,255.500,3.588,0.000,8.100,True
2026-09-09 13:26:15.55+00:00,0,47.05251356,8.31380240,29.160,255.550,3.588,0.000,8.100,True
2026-09-09 13:26:15.60+00:00,0,47.05251198,8.31379758,29.160,255.600,3.588,0.000,8.100,True
2026-09-09 13:26:15.65+00:00,0,47.05251041,8.31379276,29.160,255.650,3.588,0.000,8.100,True
2026-09-09 13:26:15.70+00:00,0,47.05250884,8.31378793,29.160,255.700,3.588,0.000,8.100,True
2026-09-09 13:26:15.75+00:00,0,47.05250726,8.31378311,29.160,255.750,3.588,0.000,8.100,True
2026-09-09 13:26:15.80+00:00,0,47.05250569,8.31377829,29.160,255.800,3.588,0.000,8.100,True
2026-09-09 13:26:15.85+00:00,0,47.05250411,8.31377347,29.160,255.850,3.588,0.000,8.100,True
2026-09-09 13:26:15.90+00:00,0,47.05250254,8.31376865,29.160,255.900,3.588,0.000,8.100,True
2026-09-09 13:26:15.95+00:00,0,47.05250097,8.31376383,29.160,255.950,3.588,0.000,8.100,True
2026-09-09 13:26:16.00+00:00,0,47.05249939,8.31375901,29.160,256.000,3.588,0.000,8.100,True
2026-09-09 13:26:16.05+00:00,0,47.05249782,8.31375419,29.160,256.050,3.588,0.000,8.100,True
2026-09-09 13:26:16.10+00:00,0,47.05249625,8.31374937,29.160,256.100,3.588,0.000,8.100,True
2026-09-09 13:26:16.15+00:00,0,47.05249467,8.31374455,29.160,256.150,3.588,0.000,8.100,True
2026-09-09 13:26:16.20+00:00,0,47.05249310,8.31373972,29.160,256.200,3.588,0.000,8.100,True
2026-09-09 13:26:16.25+00:00,0,47.05249152,8.31373490,29.160,256.250,3.588,0.000,8.100,True
2026-09-09 13:26:16.30+00:00,0,47.05248995,8.31373008,29.160,256.300,3.588,0.000,8.100,True
2026-09-09 13:26:16.35+00:00,0,47.05248838,8.31372526,29.160,256.350,3.588,0.000,8.100,True
2026-09-09 13:26:16.40+00:00,0,47.05248680,8.31372044,29.160,256.400,3.588,0.000,8.100,True
2026-09-09 13:26:16.45+00:00,0,47.05248523,8.31371562,29.160,256.450,3.588,0.000,8.100,True
2026-09-09 13:26:16.50+00:00,0,47.05248365,8.31371080,29.160,256.500,3.588,0.000,8.100,True
2026-09-09 13:26:16.55+00:00,0,47.05248208,8.31370598,29.160,256.550,3.588,0.000,8.100,True
2026-09-09 13:26:16.60+00:00,0,47.05248051,8.31370116,29.160,256.600,3.588,0.000,8.100,True
2026-09-09 13:26:16.65+00:00,0,47.05247893,8.31369634,29.160,256.650,3.588,0.000,8.100,True
2026-09-09 13:26:16.70+00:00,0,47.05247736,8.31369151,29.160,256.700,3.588,0.000,8.100,True
2026-09-09 13:26:16.75+00:00,0,47.05247579,8.31368669,29.160,256.750,3.588,0.000,8.100,True
2026-09-09 13:26:16.80+00:00,0,47.05247421,8.31368187,29.160,256.800,3.588,0.000,8.100,True
2026-09-09 13:26:16.85+00:00,0,47.05247264,8.31367705,29.160,256.850,3.588,0.000,8.100,True
2026-09-09 13:26:16.90+00:00,0,47.05247106,8.31367223,29.160,256.900,3.588,0.000,8.100,True
2026-09-09 13:26:16.95+00:00,0,47.05246949,8.31366741,29.160,256.950,3.588,0.000,8.100,True
2026-09-09 13:26:17.00+00:00,0,47.05246792,8.31366259,29.160,257.000,3.588,0.000,8.100,True
2026-09-09 13:26:17.05+00:00,0,47.05246634,8.31365777,29.160,257.050,3.588,0.000,8.100,True
2026-09-09 13:26:17.10+00:00,0,47.05246477,8.31365295,29.160,257.100,3.588,0.000,8.100,True
2026-09-09 13:26:17.15+00:00,0,47.05246320,8.31364813,29.160,257.150,3.588,0.000,8.100,True
2026-09-09 13:26:17.20+00:00,0,47.05246162,8.31364330,29.160,257.200,3.588,0.000,8.100,True
2026-09-09 13:26:17.25+00:00,0,47.05246005,8.31363848,29.160,257.250,3.588,0.000,8.100,True
2026-09-09 13:26:17.30+00:00,0,47.05245847,8.31363366,29.160,257.300,3.588,0.000,8.100,True
2026-09-09 13:26:17.35+00:00,0,47.05245690,8.31362884,29.160,257.350,3.588,0.000,8.100,True
2026-09-09 13:26:17.40+00:00,0,47.05245533,8.31362402,29.160,257.400,3.588,0.000,8.100,True
2026-09-09 13:26:17.45+00:00,0,47.05245375,8.31361920,29.160,257.450,3.588,0.000,8.100,True
2026-09-09 13:26:17.50+00:00,0,47.05245218,8.31361438,29.160,257.500,3.588,0.000,8.100,True
2026-09-09 13:26:17.55+00:00,0,47.05245061,8.31360956,29.160,257.550,3.588,0.000,8.100,True
2026-09-09 13:26:17.60+00:00,0,47.05244903,8.31360474,29.160,257.600,3.588,0.000,8.100,True
2026-09-09 13:26:17.65+00:00,0,47.05244746,8.31359992,29.160,257.650,3.588,0.000,8.100,True
2026-09-09 13:26:17.70+00:00,0,47.05244588,8.31359509,29.160,257.700,3.588,0.000,8.100,True
2026-09-09 13:26:17.75+00:00,0,47.05244431,8.31359027,29.160,257.750,3.588,0.000,8.100,True
2026-09-09 13:26:17.80+00:00,0,47.05244274,8.31358545,29.160,257.800,3.588,0.000,8.100,True
2026-09-09 13:26:17.85+00:00,0,47.05244116,8.31358063,29.160,257.850,3.588,0.000,8.100,True
2026-09-09 13:26:17.90+00:00,0,47.05243959,8.31357581,29.160,257.900,3.588,0.000,8.100,True
2026-09-09 13:26:17.95+00:00,0,47.05243802,8.31357099,29.160,257.950,3.588,0.000,8.100,True
2026-09-09 13:26:18.00+00:00,0,47.05243644,8.31356617,29.160,258.000,3.588,0.000,8.100,True
2026-09-09 13:26:18.05+00:00,0,47.05243487,8.31356135,29.160,258.050,3.588,0.000,8.100,True
2026-09-09 13:26:18.10+00:00,0,47.05243329,8.31355653,29.160,258.100,3.588,0.000,8.100,True
2026-09-09 13:26:18.15+00:00,0,47.05243172,8.31355171,29.160,258.150,3.588,0.000,8.100,True
2026-09-09 13:26:18.20+00:00,0,47.05243015,8.31354688,29.160,258.200,3.588,0.000,8.100,True
2026-09-09 13:26:18.25+00:00,0,47.05242857,8.31354206,29.160,258.250,3.588,0.000,8.100,True
2026-09-09 13:26:18.30+00:00,0,47.05242700,8.31353724,29.160,258.300,3.588,0.000,8.100,True
2026-09-09 13:26:18.35+00:00,0,47.05242543,8.31353242,29.160,258.350,3.588,0.000,8.100,True
2026-09-09 13:26:18.40+00:00,0,47.05242385,8.31352760,29.160,258.400,3.588,0.000,8.100,True
2026-09-09 13:26:18.45+00:00,0,47.05242228,8.31352278,29.160,258.450,3.588,0.000,8.100,True
2026-09-09 13:26:18.50+00:00,0,47.05242070,8.31351796,29.160,258.500,3.588,0.000,8.100,True
2026-09-09 13:26:18.55+00:00,0,47.05241913,8.31351314,29.160,258.550,3.588,0.000,8.100,True
2026-09-09 13:26:18.60+00:00,0,47.05241756,8.31350832,29.160,258.600,3.588,0.000,8.100,True
2026-09-09 13:26:18.65+00:00,0,47.05241598,8.31350350,29.160,258.650,3.588,0.000,8.100,True
2026-09-09 13:26:18.70+00:00,0,47.05241441,8.31349867,29.160,258.700,3.588,0.000,8.100,True
2026-09-09 13:26:18.75+00:00,0,47.05241284,8.31349385,29.160,258.750,3.588,0.000,8.100,True
2026-09-09 13:26:18.80+00:00,0,47.05241126,8.31348903,29.160,258.800,3.588,0.000,8.100,True
2026-09-09 13:26:18.85+00:00,0,47.05240969,8.31348421,29.160,258.850,3.588,0.000,8.100,True
2026-09-09 13:26:18.90+00:00,0,47.05240811,8.31347939,29.160,258.900,3.588,0.000,8.100,True
2026-09-09 13:26:18.95+00:00,0,47.05240654,8.31347457,29.160,258.950,3.588,0.000,8.100,True
2026-09-09 13:26:19.00+00:00,0,47.05240497,8.31346975,29.160,259.000,3.588,0.000,8.100,True
2026-09-09 13:26:19.05+00:00,0,47.05240339,8.31346493,29.160,259.050,3.588,0.000,8.100,True
2026-09-09 13:26:19.10+00:00,0,47.05240182,8.31346011,29.160,259.100,3.588,0.000,8.100,True
2026-09-09 13:26:19.15+00:00,0,47.05240025,8.31345529,29.160,259.150,3.588,0.000,8.100,True
2026-09-09 13:26:19.20+00:00,0,47.05239867,8.31345046,29.160,259.200,3.588,0.000,8.100,True
2026-09-09 13:26:19.25+00:00,0,47.05239710,8.31344564,29.160,259.250,3.588,0.000,8.100,True
2026-09-09 13:26:19.30+00:00,0,47.05239552,8.31344082,29.160,259.300,3.588,0.000,8.100,True
2026-09-09 13:26:19.35+00:00,0,47.05239395,8.31343600,29.160,259.350,3.588,0.000,8.100,True
2026-09-09 13:26:19.40+00:00,0,47.05239238,8.31343118,29.160,259.400,3.588,0.000,8.100,True
2026-09-09 13:26:19.45+00:00,0,47.05239080,8.31342636,29.160,259.450,3.588,0.000,8.100,True
2026-09-09 13:26:19.50+00:00,0,47.05238923,8.31342154,29.160,259.500,3.588,0.000,8.100,True
2026-09-09 13:26:19.55+00:00,0,47.05238766,8.31341672,29.160,259.550,3.588,0.000,8.100,True
2026-09-09 13:26:19.60+00:00,0,47.05238608,8.31341190,29.160,259.600,3.588,0.000,8.100,True
2026-09-09 13:26:19.65+00:00,0,47.05238451,8.31340708,29.160,259.650,3.588,0.000,8.100,True
2026-09-09 13:26:19.70+00:00,0,47.05238293,8.31340225,29.160,259.700,3.588,0.000,8.100,True
2026-09-09 13:26:19.75+00:00,0,47.05238136,8.31339743,29.160,259.750,3.588,0.000,8.100,True
2026-09-09 13:26:19.80+00:00,0,47.05237979,8.31339261,29.160,259.800,3.588,0.000,8.100,True
2026-09-09 13:26:19.85+00:00,0,47.05237821,8.31338779,29.160,259.850,3.588,0.000,8.100,True
2026-09-09 13:26:19.90+00:00,0,47.05237664,8.31338297,29.160,259.900,3.588,0.000,8.100,True
2026-09-09 13:26:19.95+00:00,0,47.05237507,8.31337815,29.160,259.950,3.588,0.000,8.100,True
2026-09-09 13:26:20.00+00:00,0,47.05237349,8.31337333,29.160,260.000,3.588,0.000,8.100,True
2026-09-09 13:26:20.05+00:00,0,47.05237192,8.31336851,29.160,260.050,3.588,0.000,8.100,True
2026-09-09 13:26:20.10+00:00,0,47.05237034,8.31336369,29.160,260.100,3.588,0.000,8.100,True
2026-09-09 13:26:20.15+00:00,0,47.05236877,8.31335887,29.160,260.150,3.588,0.000,8.100,True
2026-09-09 13:26:20.20+00:00,0,47.05236720,8.31335404,29.160,260.200,3.588,0.000,8.100,True
2026-09-09 13:26:20.25+00:00,0,47.05236562,8.31334922,29.160,260.250,3.588,0.000,8.100,True
2026-09-09 13:26:20.30+00:00,0,47.05236405,8.31334440,29.160,260.300,3.588,0.000,8.100,True
2026-09-09 13:26:20.35+00:00,0,47.05236248,8.31333958,29.160,260.350,3.588,0.000,8.100,True
2026-09-09 13:26:20.40+00:00,0,47.05236090,8.31333476,29.160,260.400,3.588,0.000,8.100,True
2026-09-09 13:26:20.45+00:00,0,47.05235933,8.31332994,29.160,260.450,3.588,0.000,8.100,True
2026-09-09 13:26:20.50+00:00,0,47.05235775,8.31332512,29.160,260.500,3.588,0.000,8.100,True
2026-09-09 13:26:20.55+00:00,0,47.05235618,8.31332030,29.160,260.550,3.588,0.000,8.100,True
2026-09-09 13:26:20.60+00:00,0,47.05235461,8.31331548,29.160,260.600,3.588,0.000,8.100,True
2026-09-09 13:26:20.65+00:00,0,47.05235303,8.31331066,29.160,260.650,3.588,0.000,8.100,True
2026-09-09 13:26:20.70+00:00,0,47.05235146,8.31330583,29.160,260.700,3.588,0.000,8.100,True
2026-09-09 13:26:20.75+00:00,0,47.05234989,8.31330101,29.160,260.750,3.588,0.000,8.100,True
2026-09-09 13:26:20.80+00:00,0,47.05234831,8.31329619,29.160,260.800,3.588,0.000,8.100,True
2026-09-09 13:26:20.85+00:00,0,47.05234674,8.31329137,29.160,260.850,3.588,0.000,8.100,True
2026-09-09 13:26:20.90+00:00,0,47.05234516,8.31328655,29.160,260.900,3.588,0.000,8.100,True
2026-09-09 13:26:20.95+00:00,0,47.05234359,8.31328173,29.160,260.950,3.588,0.000,8.100,True
2026-09-09 13:26:21.00+00:00,0,47.05234202,8.31327691,29.160,261.000,3.588,0.000,8.100,True
2026-09-09 13:26:21.05+00:00,0,47.05234044,8.31327209,29.160,261.050,3.588,0.000,8.100,True
2026-09-09 13:26:21.10+00:00,0,47.05233887,8.31326727,29.160,261.100,3.588,0.000,8.100,True
2026-09-09 13:26:21.15+00:00,0,47.05233729,8.31326245,29.160,261.150,3.588,0.000,8.100,True
2026-09-09 13:26:21.20+00:00,0,47.05233572,8.31325762,29.160,261.200,3.588,0.000,8.100,True
2026-09-09 13:26:21.25+00:00,0,47.05233415,8.31325280,29.160,261.250,3.588,0.000,8.100,True
2026-09-09 13:26:21.30+00:00,0,47.05233257,8.31324798,29.160,261.300,3.588,0.000,8.100,True
2026-09-09 13:26:21.35+00:00,0,47.05233100,8.31324316,29.160,261.350,3.588,0.000,8.100,True
2026-09-09 13:26:21.40+00:00,0,47.05232943,8.31323834,29.160,261.400,3.588,0.000,8.100,True
2026-09-09 13:26:21.45+00:00,0,47.05232785,8.31323352,29.160,261.450,3.588,0.000,8.100,True
2026-09-09 13:26:21.50+00:00,0,47.05232628,8.31322870,29.160,261.500,3.588,0.000,8.100,True
2026-09-09 13:26:21.55+00:00,0,47.05232470,8.31322388,29.160,261.550,3.588,0.000,8.100,True
2026-09-09 13:26:21.60+00:00,0,47.05232313,8.31321906,29.160,261.600,3.588,0.000,8.100,True
2026-09-09 13:26:21.65+00:00,0,47.05232156,8.31321424,29.160,261.650,3.588,0.000,8.100,True
2026-09-09 13:26:21.70+00:00,0,47.05231998,8.31320942,29.160,261.700,3.588,0.000,8.100,True
2026-09-09 13:26:21.75+00:00,0,47.05231841,8.31320459,29.160,261.750,3.588,0.000,8.100,True
2026-09-09 13:26:21.80+00:00,0,47.05231684,8.31319977,29.160,261.800,3.588,0.000,8.100,True
2026-09-09 13:26:21.85+00:00,0,47.05231526,8.31319495,29.160,261.850,3.588,0.000,8.100,True
2026-09-09 13:26:21.90+00:00,0,47.05231369,8.31319013,29.160,261.900,3.588,0.000,8.100,True
2026-09-09 13:26:21.95+00:00,0,47.05231211,8.31318531,29.160,261.950,3.588,0.000,8.100,True
2026-09-09 13:26:22.00+00:00,0,47.05231054,8.31318049,29.160,262.000,3.588,0.000,8.100,True
2026-09-09 13:26:22.05+00:00,0,47.05230897,8.31317567,29.160,262.050,3.588,0.000,8.100,True
2026-09-09 13:26:22.10+00:00,0,47.05230739,8.31317085,29.160,262.100,3.588,0.000,8.100,True
2026-09-09 13:26:22.15+00:00,0,47.05230582,8.31316603,29.160,262.150,3.588,0.000,8.100,True
2026-09-09 13:26:22.20+00:00,0,47.05230425,8.31316121,29.160,262.200,3.588,0.000,8.100,True
2026-09-09 13:26:22.25+00:00,0,47.05230267,8.31315638,29.160,262.250,3.588,0.000,8.100,True
2026-09-09 13:26:22.30+00:00,0,47.05230110,8.31315156,29.160,262.300,3.588,0.000,8.100,True
2026-09-09 13:26:22.35+00:00,0,47.05229952,8.31314674,29.160,262.350,3.588,0.000,8.100,True
2026-09-09 13:26:22.40+00:00,0,47.05229795,8.31314192,29.160,262.400,3.588,0.000,8.100,True
2026-09-09 13:26:22.45+00:00,0,47.05229638,8.31313710,29.160,262.450,3.588,0.000,8.100,True
2026-09-09 13:26:22.50+00:00,0,47.05229480,8.31313228,29.160,262.500,3.588,0.000,8.100,True
2026-09-09 13:26:22.55+00:00,0,47.05229323,8.31312746,29.160,262.550,3.588,0.000,8.100,True
2026-09-09 13:26:22.60+00:00,0,47.05229166,8.31312264,29.160,262.600,3.588,0.000,8.100,True
2026-09-09 13:26:22.65+00:00,0,47.05229008,8.31311782,29.160,262.650,3.588,0.000,8.100,True
2026-09-09 13:26:22.70+00:00,0,47.05228851,8.31311300,29.160,262.700,3.588,0.000,8.100,True
2026-09-09 13:26:22.75+00:00,0,47.05228693,8.31310817,29.160,262.750,3.588,0.000,8.100,True
2026-09-09 13:26:22.80+00:00,0,47.05228536,8.31310335,29.160,262.800,3.588,0.000,8.100,True
2026-09-09 13:26:22.85+00:00,0,47.05228379,8.31309853,29.160,262.850,3.588,0.000,8.100,True
2026-09-09 13:26:22.90+00:00,0,47.05228221,8.31309371,29.160,262.900,3.588,0.000,8.100,True
2026-09-09 13:26:22.95+00:00,0,47.05228064,8.31308889,29.160,262.950,3.588,0.000,8.100,True
2026-09-09 13:26:23.00+00:00,0,47.05227907,8.31308407,29.160,263.000,3.588,0.000,8.100,True
2026-09-09 13:26:23.05+00:00,0,47.05227749,8.31307925,29.160,263.050,3.588,0.000,8.100,True
2026-09-09 13:26:23.10+00:00,0,47.05227592,8.31307443,29.160,263.100,3.588,0.000,8.100,True
2026-09-09 13:26:23.15+00:00,0,47.05227434,8.31306961,29.160,263.150,3.588,0.000,8.100,True
2026-09-09 13:26:23.20+00:00,0,47.05227277,8.31306479,29.160,263.200,3.588,0.000,8.100,True
2026-09-09 13:26:23.25+00:00,0,47.05227120,8.31305996,29.160,263.250,3.588,0.000,8.100,True
2026-09-09 13:26:23.30+00:00,0,47.05226962,8.31305514,29.160,263.300,3.588,0.000,8.100,True
2026-09-09 13:26:23.35+00:00,0,47.05226805,8.31305032,29.160,263.350,3.588,0.000,8.100,True
2026-09-09 13:26:23.40+00:00,0,47.05226648,8.31304550,29.160,263.400,3.588,0.000,8.100,True
2026-09-09 13:26:23.45+00:00,0,47.05226490,8.31304068,29.160,263.450,3.588,0.000,8.100,True
2026-09-09 13:26:23.50+00:00,0,47.05226333,8.31303586,29.160,263.500,3.588,0.000,8.100,True
2026-09-09 13:26:23.55+00:00,0,47.05226175,8.31303104,29.160,263.550,3.588,0.000,8.100,True
2026-09-09 13:26:23.60+00:00,0,47.05226018,8.31302622,29.160,263.600,3.588,0.000,8.100,True
2026-09-09 13:26:23.65+00:00,0,47.05225861,8.31302140,29.160,263.650,3.588,0.000,8.100,True
2026-09-09 13:26:23.70+00:00,0,47.05225703,8.31301658,29.160,263.700,3.588,0.000,8.100,True
2026-09-09 13:26:23.75+00:00,0,47.05225546,8.31301175,29.160,263.750,3.588,0.000,8.100,True
2026-09-09 13:26:23.80+00:00,0,47.05225389,8.31300693,29.160,263.800,3.588,0.000,8.100,True
2026-09-09 13:26:23.85+00:00,0,47.05225231,8.31300211,29.160,263.850,3.588,0.000,8.100,True
2026-09-09 13:26:23.90+00:00,0,47.05225074,8.31299729,29.160,263.900,3.588,0.000,8.100,True
2026-09-09 13:26:23.95+00:00,0,47.05224916,8.31299247,29.160,263.950,3.588,0.000,8.100,True
2026-09-09 13:26:24.00+00:00,0,47.05224759,8.31298765,29.160,264.000,3.588,0.000,8.100,True
2026-09-09 13:26:24.05+00:00,0,47.05224602,8.31298283,29.160,264.050,3.588,0.000,8.100,True
2026-09-09 13:26:24.10+00:00,0,47.05224444,8.31297801,29.160,264.100,3.588,0.000,8.100,True
2026-09-09 13:26:24.15+00:00,0,47.05224287,8.31297319,29.160,264.150,3.588,0.000,8.100,True
2026-09-09 13:26:24.20+00:00,0,47.05224130,8.31296837,29.160,264.200,3.588,0.000,8.100,True
2026-09-09 13:26:24.25+00:00,0,47.05223972,8.31296355,29.160,264.250,3.588,0.000,8.100,True
2026-09-09 13:26:24.30+00:00,0,47.05223815,8.31295872,29.160,264.300,3.588,0.000,8.100,True
2026-09-09 13:26:24.35+00:00,0,47.05223657,8.31295390,29.160,264.350,3.588,0.000,8.100,True
2026-09-09 13:26:24.40+00:00,0,47.05223500,8.31294908,29.160,264.400,3.588,0.000,8.100,True
2026-09-09 13:26:24.45+00:00,0,47.05223343,8.31294426,29.160,264.450,3.588,0.000,8.100,True
2026-09-09 13:26:24.50+00:00,0,47.05223185,8.31293944,29.160,264.500,3.588,0.000,8.100,True
2026-09-09 13:26:24.55+00:00,0,47.05223028,8.31293462,29.160,264.550,3.588,0.000,8.100,True
2026-09-09 13:26:24.60+00:00,0,47.05222871,8.31292980,29.160,264.600,3.588,0.000,8.100,True
2026-09-09 13:26:24.65+00:00,0,47.05222713,8.31292498,29.160,264.650,3.588,0.000,8.100,True
2026-09-09 13:26:24.70+00:00,0,47.05222556,8.31292016,29.160,264.700,3.588,0.000,8.100,True
2026-09-09 13:26:24.75+00:00,0,47.05222398,8.31291534,29.160,264.750,3.588,0.000,8.100,True
2026-09-09 13:26:24.80+00:00,0,47.05222241,8.31291051,29.160,264.800,3.588,0.000,8.100,True
2026-09-09 13:26:24.85+00:00,0,47.05222084,8.31290569,29.160,264.850,3.588,0.000,8.100,True
2026-09-09 13:26:24.90+00:00,0,47.05221926,8.31290087,29.160,264.900,3.588,0.000,8.100,True
2026-09-09 13:26:24.95+00:00,0,47.05221769,8.31289605,29.160,264.950,3.588,0.000,8.100,True
2026-09-09 13:26:25.00+00:00,0,47.05221612,8.31289123,29.160,265.000,3.588,0.000,8.100,True
2026-09-09 13:26:25.05+00:00,0,47.05221454,8.31288641,29.160,265.050,3.588,0.000,8.100,True
2026-09-09 13:26:25.10+00:00,0,47.05221297,8.31288159,29.160,265.100,3.588,0.000,8.100,True
2026-09-09 13:26:25.15+00:00,0,47.05221139,8.31287677,29.160,265.150,3.588,0.000,8.100,True
2026-09-09 13:26:25.20+00:00,0,47.05220982,8.31287195,29.160,265.200,3.588,0.000,8.100,True
2026-09-09 13:26:25.25+00:00,0,47.05220825,8.31286713,29.160,265.250,3.588,0.000,8.100,True
2026-09-09 13:26:25.30+00:00,0,47.05220667,8.31286230,29.160,265.300,3.588,0.000,8.100,True
2026-09-09 13:26:25.35+00:00,0,47.05220510,8.31285748,29.160,265.350,3.588,0.000,8.100,True
2026-09-09 13:26:25.40+00:00,0,47.05220353,8.31285266,29.160,265.400,3.588,0.000,8.100,True
2026-09-09 13:26:25.45+00:00,0,47.05220195,8.31284784,29.160,265.450,3.588,0.000,8.100,True
2026-09-09 13:26:25.50+00:00,0,47.05220038,8.31284302,29.160,265.500,3.588,0.000,8.100,True
2026-09-09 13:26:25.55+00:00,0,47.05219880,8.31283820,29.160,265.550,3.588,0.000,8.100,True
2026-09-09 13:26:25.60+00:00,0,47.05219723,8.31283338,29.160,265.600,3.588,0.000,8.100,True
2026-09-09 13:26:25.65+00:00,0,47.05219566,8.31282856,29.160,265.650,3.588,0.000,8.100,True
2026-09-09 13:26:25.70+00:00,0,47.05219408,8.31282374,29.160,265.700,3.588,0.000,8.100,True
2026-09-09 13:26:25.75+00:00,0,47.05219251,8.31281892,29.160,265.750,3.588,0.000,8.100,True
2026-09-09 13:26:25.80+00:00,0,47.05219093,8.31281409,29.160,265.800,3.588,0.000,8.100,True
2026-09-09 13:26:25.85+00:00,0,47.05218936,8.31280927,29.160,265.850,3.588,0.000,8.100,True
2026-09-09 13:26:25.90+00:00,0,47.05218779,8.31280445,29.160,265.900,3.588,0.000,8.100,True
2026-09-09 13:26:25.95+00:00,0,47.05218621,8.31279963,29.160,265.950,3.588,0.000,8.100,True
2026-09-09 13:26:26.00+00:00,0,47.05218464,8.31279481,29.160,266.000,3.588,0.000,8.100,True
2026-09-09 13:26:26.05+00:00,0,47.05218307,8.31278999,29.160,266.050,3.588,0.000,8.100,True
2026-09-09 13:26:26.10+00:00,0,47.05218149,8.31278517,29.160,266.100,3.588,0.000,8.100,True
2026-09-09 13:26:26.15+00:00,0,47.05217992,8.31278035,29.160,266.150,3.588,0.000,8.100,True
2026-09-09 13:26:26.20+00:00,0,47.05217834,8.31277553,29.160,266.200,3.588,0.000,8.100,True
2026-09-09 13:26:26.25+00:00,0,47.05217677,8.31277071,29.160,266.250,3.588,0.000,8.100,True
2026-09-09 13:26:26.30+00:00,0,47.05217520,8.31276589,29.160,266.300,3.588,0.000,8.100,True
2026-09-09 13:26:26.35+00:00,0,47.05217362,8.31276106,29.160,266.350,3.588,0.000,8.100,True
2026-09-09 13:26:26.40+00:00,0,47.05217205,8.31275624,29.160,266.400,3.588,0.000,8.100,True
2026-09-09 13:26:26.45+00:00,0,47.05217048,8.31275142,29.160,266.450,3.588,0.000,8.100,True
2026-09-09 13:26:26.50+00:00,0,47.05216890,8.31274660,29.160,266.500,3.588,0.000,8.100,True
2026-09-09 13:26:26.55+00:00,0,47.05216733,8.31274178,29.160,266.550,3.588,0.000,8.100,True
2026-09-09 13:26:26.60+00:00,0,47.05216575,8.31273696,29.160,266.600,3.588,0.000,8.100,True
2026-09-09 13:26:26.65+00:00,0,47.05216418,8.31273214,29.160,266.650,3.588,0.000,8.100,True
2026-09-09 13:26:26.70+00:00,0,47.05216261,8.31272732,29.160,266.700,3.588,0.000,8.100,True
2026-09-09 13:26:26.75+00:00,0,47.05216103,8.31272250,29.160,266.750,3.588,0.000,8.100,True
2026-09-09 13:26:26.80+00:00,0,47.05215946,8.31271768,29.160,266.800,3.588,0.000,8.100,True
2026-09-09 13:26:26.85+00:00,0,47.05215789,8.31271285,29.160,266.850,3.588,0.000,8.100,True
2026-09-09 13:26:26.90+00:00,0,47.05215631,8.31270803,29.160,266.900,3.588,0.000,8.100,True
2026-09-09 13:26:26.95+00:00,0,47.05215474,8.31270321,29.160,266.950,3.588,0.000,8.100,True
2026-09-09 13:26:27.00+00:00,0,47.05215316,8.31269839,29.160,267.000,3.588,0.000,8.100,True
2026-09-09 13:26:27.05+00:00,0,47.05215159,8.31269357,29.160,267.050,3.588,0.000,8.100,True
2026-09-09 13:26:27.10+00:00,0,47.05215002,8.31268875,29.160,267.100,3.588,0.000,8.100,True
2026-09-09 13:26:27.15+00:00,0,47.05214844,8.31268393,29.160,267.150,3.588,0.000,8.100,True
2026-09-09 13:26:27.20+00:00,0,47.05214687,8.31267911,29.160,267.200,3.588,0.000,8.100,True
2026-09-09 13:26:27.25+00:00,0,47.05214530,8.31267429,29.160,267.250,3.588,0.000,8.100,True
2026-09-09 13:26:27.30+00:00,0,47.05214372,8.31266947,29.160,267.300,3.588,0.000,8.100,True
2026-09-09 13:26:27.35+00:00,0,47.05214215,8.31266464,29.160,267.350,3.588,0.000,8.100,True
2026-09-09 13:26:27.40+00:00,0,47.05214057,8.31265982,29.160,267.400,3.588,0.000,8.100,True
2026-09-09 13:26:27.45+00:00,0,47.05213900,8.31265500,29.160,267.450,3.588,0.000,8.100,True
2026-09-09 13:26:27.50+00:00,0,47.05213743,8.31265018,29.160,267.500,3.588,0.000,8.100,True
2026-09-09 13:26:27.55+00:00,0,47.05213585,8.31264536,29.160,267.550,3.588,0.000,8.100,True
2026-09-09 13:26:27.60+00:00,0,47.05213428,8.31264054,29.160,267.600,3.588,0.000,8.100,True
2026-09-09 13:26:27.65+00:00,0,47.05213271,8.31263572,29.160,267.650,3.588,0.000,8.100,True
2026-09-09 13:26:27.70+00:00,0,47.05213113,8.31263090,29.160,267.700,3.588,0.000,8.100,True
2026-09-09 13:26:27.75+00:00,0,47.05212956,8.31262608,29.160,267.750,3.588,0.000,8.100,True
2026-09-09 13:26:27.80+00:00,0,47.05212798,8.31262126,29.160,267.800,3.588,0.000,8.100,True
2026-09-09 13:26:27.85+00:00,0,47.05212641,8.31261644,29.160,267.850,3.588,0.000,8.100,True
2026-09-09 13:26:27.90+00:00,0,47.05212484,8.31261161,29.160,267.900,3.588,0.000,8.100,True
2026-09-09 13:26:27.95+00:00,0,47.05212326,8.31260679,29.160,267.950,3.588,0.000,8.100,True
2026-09-09 13:26:28.00+00:00,0,47.05212169,8.31260197,29.160,268.000,3.588,0.000,8.100,True
2026-09-09 13:26:28.05+00:00,0,47.05212012,8.31259715,29.160,268.050,3.588,0.000,8.100,True
2026-09-09 13:26:28.10+00:00,0,47.05211854,8.31259233,29.160,268.100,3.588,0.000,8.100,True
2026-09-09 13:26:28.15+00:00,0,47.05211697,8.31258751,29.160,268.150,3.588,0.000,8.100,True
2026-09-09 13:26:28.20+00:00,0,47.05211539,8.31258269,29.160,268.200,3.588,0.000,8.100,True
2026-09-09 13:26:28.25+00:00,0,47.05211382,8.31257787,29.160,268.250,3.588,0.000,8.100,True
2026-09-09 13:26:28.30+00:00,0,47.05211225,8.31257305,29.160,268.300,3.588,0.000,8.100,True
2026-09-09 13:26:28.35+00:00,0,47.05211067,8.31256823,29.160,268.350,3.588,0.000,8.100,True
2026-09-09 13:26:28.40+00:00,0,47.05210910,8.31256340,29.160,268.400,3.588,0.000,8.100,True
2026-09-09 13:26:28.45+00:00,0,47.05210753,8.31255858,29.160,268.450,3.588,0.000,8.100,True
2026-09-09 13:26:28.50+00:00,0,47.05210595,8.31255376,29.160,268.500,3.588,0.000,8.100,True
2026-09-09 13:26:28.55+00:00,0,47.05210438,8.31254894,29.160,268.550,3.588,0.000,8.100,True
2026-09-09 13:26:28.60+00:00,0,47.05210280,8.31254412,29.160,268.600,3.588,0.000,8.100,True
2026-09-09 13:26:28.65+00:00,0,47.05210123,8.31253930,29.160,268.650,3.588,0.000,8.100,True
2026-09-09 13:26:28.70+00:00,0,47.05209966,8.31253448,29.160,268.700,3.588,0.000,8.100,True
2026-09-09 13:26:28.75+00:00,0,47.05209808,8.31252966,29.160,268.750,3.588,0.000,8.100,True
2026-09-09 13:26:28.80+00:00,0,47.05209651,8.31252484,29.160,268.800,3.588,0.000,8.100,True
2026-09-09 13:26:28.85+00:00,0,47.05209494,8.31252002,29.160,268.850,3.588,0.017,8.100,True
2026-09-09 13:26:28.90+00:00,0,47.05209336,8.31251520,29.160,268.900,3.589,0.017,8.100,True
2026-09-09 13:26:28.95+00:00,0,47.05209179,8.31251038,29.160,268.950,3.590,0.017,8.100,True
2026-09-09 13:26:29.00+00:00,0,47.05209021,8.31250556,29.160,269.000,3.591,0.035,8.100,True
2026-09-09 13:26:29.05+00:00,0,47.05208862,8.31250074,29.160,269.050,3.593,0.035,8.100,True
2026-09-09 13:26:29.10+00:00,0,47.05208704,8.31249593,29.160,269.100,3.595,0.035,8.100,True
2026-09-09 13:26:29.15+00:00,0,47.05208544,8.31249113,29.160,269.150,3.596,0.035,8.100,True
2026-09-09 13:26:29.20+00:00,0,47.05208384,8.31248632,28.800,269.200,3.598,0.035,8.000,True
2026-09-09 13:26:29.25+00:00,0,47.05208226,8.31248158,28.440,269.250,3.600,0.035,7.900,True
2026-09-09 13:26:29.30+00:00,0,47.05208069,8.31247691,28.080,269.300,3.601,0.035,7.800,True
2026-09-09 13:26:29.35+00:00,0,47.05207913,8.31247230,28.080,269.350,3.603,0.035,7.800,True
2026-09-09 13:26:29.40+00:00,0,47.05207757,8.31246769,27.720,269.400,3.605,0.035,7.700,True
2026-09-09 13:26:29.45+00:00,0,47.05207602,8.31246314,27.360,269.450,3.607,0.035,7.600,True
2026-09-09 13:26:29.50+00:00,0,47.05207449,8.31245866,27.000,269.500,3.608,0.035,7.500,True
2026-09-09 13:26:29.55+00:00,0,47.05207297,8.31245424,27.000,269.550,3.610,0.035,7.500,True
2026-09-09 13:26:29.60+00:00,0,47.05207144,8.31244982,26.640,269.600,3.612,0.035,7.400,True
2026-09-09 13:26:29.65+00:00,0,47.05206994,8.31244547,26.640,269.650,3.614,0.035,7.400,True
2026-09-09 13:26:29.70+00:00,0,47.05206842,8.31244112,26.280,269.700,3.615,0.035,7.300,True
2026-09-09 13:26:29.75+00:00,0,47.05206693,8.31243683,26.280,269.750,3.617,0.035,7.300,True
2026-09-09 13:26:29.80+00:00,0,47.05206542,8.31243255,25.920,269.800,3.619,0.035,7.200,True
2026-09-09 13:26:29.85+00:00,0,47.05206394,8.31242833,25.920,269.850,3.621,0.035,7.200,True
2026-09-09 13:26:29.90+00:00,0,47.05206244,8.31242411,25.920,269.900,3.622,0.035,7.200,True
2026-09-09 13:26:29.95+00:00,0,47.05206095,8.31241990,25.920,269.950,3.624,0.035,7.200,True
2026-09-09 13:26:30.00+00:00,0,47.05205944,8.31241569,25.920,270.000,3.626,0.035,7.200,True
2026-09-09 13:26:30.05+00:00,0,47.05205794,8.31241148,25.920,270.050,3.628,0.035,7.200,True
2026-09-09 13:26:30.10+00:00,0,47.05205642,8.31240728,25.920,270.100,3.629,0.035,7.200,True
2026-09-09 13:26:30.15+00:00,0,47.05205491,8.31240309,25.920,270.150,3.631,0.052,7.200,True
2026-09-09 13:26:30.20+00:00,0,47.05205338,8.31239889,25.920,270.200,3.634,0.052,7.200,True
2026-09-09 13:26:30.25+00:00,0,47.05205185,8.31239470,25.920,270.250,3.636,0.052,7.200,True
2026-09-09 13:26:30.30+00:00,0,47.05205032,8.31239052,25.920,270.300,3.639,0.052,7.200,True
2026-09-09 13:26:30.35+00:00,0,47.05204877,8.31238635,25.920,270.350,3.642,0.052,7.200,True
2026-09-09 13:26:30.40+00:00,0,47.05204722,8.31238218,25.920,270.400,3.644,0.052,7.200,True
2026-09-09 13:26:30.45+00:00,0,47.05204566,8.31237801,25.920,270.450,3.647,0.052,7.200,True
2026-09-09 13:26:30.50+00:00,0,47.05204409,8.31237385,25.920,270.500,3.649,0.052,7.200,True
2026-09-09 13:26:30.55+00:00,0,47.05204252,8.31236970,25.920,270.550,3.652,0.052,7.200,True
2026-09-09 13:26:30.60+00:00,0,47.05204094,8.31236556,25.920,270.600,3.655,0.052,7.200,True
2026-09-09 13:26:30.65+00:00,0,47.05203935,8.31236142,25.920,270.650,3.657,0.052,7.200,True
2026-09-09 13:26:30.70+00:00,0,47.05203775,8.31235728,25.920,270.700,3.660,0.052,7.200,True
2026-09-09 13:26:30.75+00:00,0,47.05203615,8.31235316,25.920,270.750,3.663,0.052,7.200,True
2026-09-09 13:26:30.80+00:00,0,47.05203453,8.31234903,25.920,270.800,3.665,0.052,7.200,True
2026-09-09 13:26:30.85+00:00,0,47.05203292,8.31234492,25.920,270.850,3.668,0.052,7.200,True
2026-09-09 13:26:30.90+00:00,0,47.05203129,8.31234081,25.920,270.900,3.670,0.052,7.200,True
2026-09-09 13:26:30.95+00:00,0,47.05202966,8.31233671,25.920,270.950,3.673,0.052,7.200,True
2026-09-09 13:26:31.00+00:00,0,47.05202801,8.31233261,25.920,271.000,3.676,0.052,7.200,True
2026-09-09 13:26:31.05+00:00,0,47.05202637,8.31232852,25.920,271.050,3.678,0.052,7.200,True
2026-09-09 13:26:31.10+00:00,0,47.05202471,8.31232444,25.920,271.100,3.681,0.052,7.200,True
2026-09-09 13:26:31.15+00:00,0,47.05202305,8.31232036,25.920,271.150,3.684,0.052,7.200,True
2026-09-09 13:26:31.20+00:00,0,47.05202138,8.31231629,25.920,271.200,3.686,0.052,7.200,True
2026-09-09 13:26:31.25+00:00,0,47.05201970,8.31231222,25.920,271.250,3.689,0.052,7.200,True
2026-09-09 13:26:31.30+00:00,0,47.05201802,8.31230817,25.920,271.300,3.691,0.052,7.200,True
2026-09-09 13:26:31.35+00:00,0,47.05201633,8.31230411,25.920,271.350,3.694,0.052,7.200,True
2026-09-09 13:26:31.40+00:00,0,47.05201463,8.31230007,25.920,271.400,3.697,0.052,7.200,True
2026-09-09 13:26:31.45+00:00,0,47.05201292,8.31229603,25.920,271.450,3.699,0.052,7.200,True
2026-09-09 13:26:31.50+00:00,0,47.05201121,8.31229200,25.920,271.500,3.702,0.052,7.200,True
2026-09-09 13:26:31.55+00:00,0,47.05200949,8.31228797,25.920,271.550,3.704,0.052,7.200,True
2026-09-09 13:26:31.60+00:00,0,47.05200776,8.31228396,25.920,271.600,3.707,0.052,7.200,True
2026-09-09 13:26:31.65+00:00,0,47.05200602,8.31227994,25.920,271.650,3.710,0.052,7.200,True
2026-09-09 13:26:31.70+00:00,0,47.05200428,8.31227594,25.920,271.700,3.712,0.052,7.200,True
2026-09-09 13:26:31.75+00:00,0,47.05200253,8.31227194,25.920,271.750,3.715,0.052,7.200,True
2026-09-09 13:26:31.80+00:00,0,47.05200078,8.31226795,25.920,271.800,3.718,0.052,7.200,True
2026-09-09 13:26:31.85+00:00,0,47.05199901,8.31226396,25.920,271.850,3.720,0.052,7.200,True
2026-09-09 13:26:31.90+00:00,0,47.05199724,8.31225998,25.920,271.900,3.723,0.052,7.200,True
2026-09-09 13:26:31.95+00:00,0,47.05199547,8.31225601,25.920,271.950,3.725,0.052,7.200,True
2026-09-09 13:26:32.00+00:00,0,47.05199368,8.31225205,25.920,272.000,3.728,0.052,7.200,True
2026-09-09 13:26:32.05+00:00,0,47.05199189,8.31224809,25.920,272.050,3.731,0.052,7.200,True
2026-09-09 13:26:32.10+00:00,0,47.05199009,8.31224414,25.920,272.100,3.733,0.052,7.200,True
2026-09-09 13:26:32.15+00:00,0,47.05198829,8.31224019,25.920,272.150,3.736,0.052,7.200,True
2026-09-09 13:26:32.20+00:00,0,47.05198647,8.31223626,25.920,272.200,3.738,0.052,7.200,True
2026-09-09 13:26:32.25+00:00,0,47.05198465,8.31223233,25.920,272.250,3.741,0.052,7.200,True
2026-09-09 13:26:32.30+00:00,0,47.05198283,8.31222840,25.920,272.300,3.744,0.052,7.200,True
2026-09-09 13:26:32.35+00:00,0,47.05198099,8.31222449,25.920,272.350,3.746,0.052,7.200,True
2026-09-09 13:26:32.40+00:00,0,47.05197915,8.31222058,25.920,272.400,3.749,0.052,7.200,True
2026-09-09 13:26:32.45+00:00,0,47.05197730,8.31221668,25.920,272.450,3.752,0.052,7.200,True
2026-09-09 13:26:32.50+00:00,0,47.05197545,8.31221278,25.920,272.500,3.754,0.052,7.200,True
2026-09-09 13:26:32.55+00:00,0,47.05197359,8.31220890,25.920,272.550,3.757,0.052,7.200,True
2026-09-09 13:26:32.60+00:00,0,47.05197172,8.31220501,25.920,272.600,3.759,0.052,7.200,True
2026-09-09 13:26:32.65+00:00,0,47.05196984,8.31220114,25.920,272.650,3.762,0.052,7.200,True
2026-09-09 13:26:32.70+00:00,0,47.05196796,8.31219728,25.920,272.700,3.765,0.052,7.200,True
2026-09-09 13:26:32.75+00:00,0,47.05196607,8.31219342,25.920,272.750,3.767,0.052,7.200,True
2026-09-09 13:26:32.80+00:00,0,47.05196418,8.31218956,25.920,272.800,3.770,0.052,7.200,True
2026-09-09 13:26:32.85+00:00,0,47.05196227,8.31218572,25.920,272.850,3.773,0.052,7.200,True
2026-09-09 13:26:32.90+00:00,0,47.05196036,8.31218188,25.920,272.900,3.775,0.052,7.200,True
2026-09-09 13:26:32.95+00:00,0,47.05195845,8.31217805,25.920,272.950,3.778,0.052,7.200,True
2026-09-09 13:26:33.00+00:00,0,47.05195652,8.31217423,25.920,273.000,3.780,0.052,7.200,True
2026-09-09 13:26:33.05+00:00,0,47.05195459,8.31217042,25.920,273.050,3.783,0.052,7.200,True
2026-09-09 13:26:33.10+00:00,0,47.05195266,8.31216661,25.920,273.100,3.786,0.052,7.200,True
2026-09-09 13:26:33.15+00:00,0,47.05195071,8.31216281,25.920,273.150,3.788,0.052,7.200,True
2026-09-09 13:26:33.20+00:00,0,47.05194876,8.31215902,25.920,273.200,3.791,0.052,7.200,True
2026-09-09 13:26:33.25+00:00,0,47.05194680,8.31215523,25.920,273.250,3.793,0.052,7.200,True
2026-09-09 13:26:33.30+00:00,0,47.05194484,8.31215146,25.920,273.300,3.796,0.052,7.200,True
2026-09-09 13:26:33.35+00:00,0,47.05194287,8.31214769,25.920,273.350,3.799,0.052,7.200,True
2026-09-09 13:26:33.40+00:00,0,47.05194089,8.31214392,25.920,273.400,3.801,0.052,7.200,True
2026-09-09 13:26:33.45+00:00,0,47.05193891,8.31214017,25.920,273.450,3.804,0.052,7.200,True
2026-09-09 13:26:33.50+00:00,0,47.05193692,8.31213642,25.920,273.500,3.807,0.070,7.200,True
2026-09-09 13:26:33.55+00:00,0,47.05193492,8.31213268,25.920,273.550,3.810,0.070,7.200,True
2026-09-09 13:26:33.60+00:00,0,47.05193291,8.31212895,25.920,273.600,3.814,0.070,7.200,True
2026-09-09 13:26:33.65+00:00,0,47.05193090,8.31212523,25.920,273.650,3.817,0.087,7.200,True
2026-09-09 13:26:33.70+00:00,0,47.05192887,8.31212153,25.920,273.700,3.821,0.087,7.200,True
2026-09-09 13:26:33.75+00:00,0,47.05192684,8.31211783,25.920,273.750,3.826,0.087,7.200,True
2026-09-09 13:26:33.80+00:00,0,47.05192479,8.31211415,25.920,273.800,3.830,0.105,7.200,True
2026-09-09 13:26:33.85+00:00,0,47.05192273,8.31211048,25.920,273.850,3.835,0.105,7.200,True
2026-09-09 13:26:33.90+00:00,0,47.05192066,8.31210683,25.560,273.900,3.841,0.105,7.100,True
2026-09-09 13:26:33.95+00:00,0,47.05191861,8.31210324,25.200,273.950,3.846,0.105,7.000,True
2026-09-09 13:26:34.00+00:00,0,47.05191657,8.31209972,25.200,274.000,3.851,0.105,7.000,True
2026-09-09 13:26:34.05+00:00,0,47.05191452,8.31209621,24.840,274.050,3.856,0.105,6.900,True
2026-09-09 13:26:34.10+00:00,0,47.05191249,8.31209277,24.480,274.100,3.862,0.105,6.800,True
2026-09-09 13:26:34.15+00:00,0,47.05191047,8.31208940,24.480,274.150,3.867,0.105,6.800,True
2026-09-09 13:26:34.20+00:00,0,47.05190844,8.31208604,24.480,274.200,3.872,0.105,6.800,True
2026-09-09 13:26:34.25+00:00,0,47.05190640,8.31208270,23.760,274.250,3.877,0.105,6.600,True
2026-09-09 13:26:34.30+00:00,0,47.05190441,8.31207947,23.040,274.300,3.882,0.105,6.400,True
2026-09-09 13:26:34.35+00:00,0,47.05190247,8.31207635,22.320,274.350,3.888,0.105,6.200,True
2026-09-09 13:26:34.40+00:00,0,47.05190058,8.31207335,22.320,274.400,3.893,0.105,6.200,True
2026-09-09 13:26:34.45+00:00,0,47.05189867,8.31207036,21.960,274.450,3.898,0.105,6.100,True
2026-09-09 13:26:34.50+00:00,0,47.05189679,8.31206743,21.600,274.500,3.903,0.105,6.000,True
2026-09-09 13:26:34.55+00:00,0,47.05189493,8.31206456,21.240,274.550,3.909,0.105,5.900,True
2026-09-09 13:26:34.60+00:00,0,47.05189309,8.31206176,20.880,274.600,3.914,0.105,5.800,True
2026-09-09 13:26:34.65+00:00,0,47.05189127,8.31205902,20.880,274.650,3.919,0.105,5.800,True
2026-09-09 13:26:34.70+00:00,0,47.05188944,8.31205629,20.520,274.700,3.924,0.105,5.700,True
2026-09-09 13:26:34.75+00:00,0,47.05188763,8.31205362,20.520,274.750,3.930,0.105,5.700,True
2026-09-09 13:26:34.80+00:00,0,47.05188581,8.31205097,20.160,274.800,3.935,0.105,5.600,True
2026-09-09 13:26:34.85+00:00,0,47.05188402,8.31204838,20.160,274.850,3.940,0.105,5.600,True
2026-09-09 13:26:34.90+00:00,0,47.05188221,8.31204580,20.160,274.900,3.945,0.105,5.600,True
2026-09-09 13:26:34.95+00:00,0,47.05188040,8.31204324,20.160,274.950,3.951,0.105,5.600,True
2026-09-09 13:26:35.00+00:00,0,47.05187858,8.31204068,20.160,275.000,3.956,0.105,5.600,True
2026-09-09 13:26:35.05+00:00,0,47.05187675,8.31203815,20.160,275.050,3.961,0.105,5.600,True
2026-09-09 13:26:35.10+00:00,0,47.05187491,8.31203562,20.160,275.100,3.966,0.105,5.600,True
2026-09-09 13:26:35.15+00:00,0,47.05187306,8.31203312,20.160,275.150,3.971,0.105,5.600,True
2026-09-09 13:26:35.20+00:00,0,47.05187120,8.31203062,20.160,275.200,3.977,0.105,5.600,True
2026-09-09 13:26:35.25+00:00,0,47.05186933,8.31202814,20.160,275.250,3.982,0.105,5.600,True
2026-09-09 13:26:35.30+00:00,0,47.05186746,8.31202568,20.160,275.300,3.987,0.105,5.600,True
2026-09-09 13:26:35.35+00:00,0,47.05186557,8.31202322,20.160,275.350,3.992,0.105,5.600,True
2026-09-09 13:26:35.40+00:00,0,47.05186368,8.31202079,20.160,275.400,3.998,0.105,5.600,True
2026-09-09 13:26:35.45+00:00,0,47.05186178,8.31201836,20.160,275.450,4.003,0.105,5.600,True
2026-09-09 13:26:35.50+00:00,0,47.05185987,8.31201596,20.160,275.500,4.008,0.105,5.600,True
2026-09-09 13:26:35.55+00:00,0,47.05185795,8.31201356,20.160,275.550,4.013,0.105,5.600,True
2026-09-09 13:26:35.60+00:00,0,47.05185602,8.31201119,20.160,275.600,4.019,0.105,5.600,True
2026-09-09 13:26:35.65+00:00,0,47.05185409,8.31200882,20.160,275.650,4.024,0.105,5.600,True
2026-09-09 13:26:35.70+00:00,0,47.05185214,8.31200647,20.160,275.700,4.029,0.105,5.600,True
2026-09-09 13:26:35.75+00:00,0,47.05185019,8.31200414,20.160,275.750,4.034,0.105,5.600,True
2026-09-09 13:26:35.80+00:00,0,47.05184823,8.31200182,20.160,275.800,4.040,0.105,5.600,True
2026-09-09 13:26:35.85+00:00,0,47.05184626,8.31199952,20.160,275.850,4.045,0.122,5.600,True
2026-09-09 13:26:35.90+00:00,0,47.05184428,8.31199723,20.160,275.900,4.051,0.140,5.600,True
2026-09-09 13:26:35.95+00:00,0,47.05184229,8.31199496,20.160,275.950,4.058,0.140,5.600,True
2026-09-09 13:26:36.00+00:00,0,47.05184030,8.31199271,20.160,276.000,4.065,0.157,5.600,True
2026-09-09 13:26:36.05+00:00,0,47.05183829,8.31199048,20.160,276.050,4.073,0.157,5.600,True
2026-09-09 13:26:36.10+00:00,0,47.05183627,8.31198828,20.160,276.100,4.081,0.157,5.600,True
2026-09-09 13:26:36.15+00:00,0,47.05183424,8.31198609,20.160,276.150,4.088,0.157,5.600,True
2026-09-09 13:26:36.20+00:00,0,47.05183219,8.31198393,20.160,276.200,4.096,0.157,5.600,True
2026-09-09 13:26:36.25+00:00,0,47.05183014,8.31198180,20.160,276.250,4.104,0.140,5.600,True
2026-09-09 13:26:36.30+00:00,0,47.05182807,8.31197969,20.160,276.300,4.111,0.122,5.600,True
2026-09-09 13:26:36.35+00:00,0,47.05182599,8.31197760,20.160,276.350,4.117,0.105,5.600,True
2026-09-09 13:26:36.40+00:00,0,47.05182391,8.31197552,20.160,276.400,4.122,0.105,5.600,True
2026-09-09 13:26:36.45+00:00,0,47.05182182,8.31197347,20.160,276.450,4.128,0.087,5.600,True
2026-09-09 13:26:36.50+00:00,0,47.05181972,8.31197143,20.160,276.500,4.132,0.087,5.600,True
2026-09-09 13:26:36.55+00:00,0,47.05181761,8.31196940,20.160,276.550,4.136,0.070,5.600,True
2026-09-09 13:26:36.60+00:00,0,47.05181550,8.31196739,20.160,276.600,4.140,0.052,5.600,True
2026-09-09 13:26:36.65+00:00,0,47.05181338,8.31196539,20.160,276.650,4.143,0.052,5.600,True
2026-09-09 13:26:36.70+00:00,0,47.05181126,8.31196339,20.160,276.700,4.145,0.035,5.600,True
2026-09-09 13:26:36.75+00:00,0,47.05180914,8.31196141,20.160,276.750,4.147,0.035,5.600,True
2026-09-09 13:26:36.80+00:00,0,47.05180701,8.31195943,20.160,276.800,4.149,0.017,5.600,True
2026-09-09 13:26:36.85+00:00,0,47.05180488,8.31195745,20.160,276.850,4.150,0.017,5.600,True
2026-09-09 13:26:36.90+00:00,0,47.05180275,8.31195548,20.160,276.900,4.150,0.000,5.600,True
2026-09-09 13:26:36.95+00:00,0,47.05180062,8.31195351,20.160,276.950,4.150,0.000,5.600,True
2026-09-09 13:26:37.00+00:00,0,47.05179849,8.31195154,20.160,277.000,4.150,0.000,5.600,True
2026-09-09 13:26:37.05+00:00,0,47.05179636,8.31194957,20.160,277.050,4.150,0.000,5.600,True
2026-09-09 13:26:37.10+00:00,0,47.05179423,8.31194760,20.160,277.100,4.150,0.000,5.600,True
2026-09-09 13:26:37.15+00:00,0,47.05179210,8.31194563,20.160,277.150,4.150,0.000,5.600,True
2026-09-09 13:26:37.20+00:00,0,47.05178997,8.31194366,20.160,277.200,4.150,0.000,5.600,True
2026-09-09 13:26:37.25+00:00,0,47.05178784,8.31194169,20.160,277.250,4.150,0.000,5.600,True
2026-09-09 13:26:37.30+00:00,0,47.05178571,8.31193972,20.160,277.300,4.150,0.000,5.600,True
2026-09-09 13:26:37.35+00:00,0,47.05178358,8.31193776,20.160,277.350,4.150,0.000,5.600,True
2026-09-09 13:26:37.40+00:00,0,47.05178145,8.31193579,20.160,277.400,4.150,0.000,5.600,True
2026-09-09 13:26:37.45+00:00,0,47.05177932,8.31193382,20.160,277.450,4.150,0.000,5.600,True
2026-09-09 13:26:37.50+00:00,0,47.05177718,8.31193185,20.160,277.500,4.150,0.000,5.600,True
2026-09-09 13:26:37.55+00:00,0,47.05177505,8.31192988,20.160,277.550,4.150,0.000,5.600,True
2026-09-09 13:26:37.60+00:00,0,47.05177292,8.31192791,20.160,277.600,4.150,0.000,5.600,True
2026-09-09 13:26:37.65+00:00,0,47.05177079,8.31192594,20.160,277.650,4.150,0.000,5.600,True
2026-09-09 13:26:37.70+00:00,0,47.05176866,8.31192397,20.160,277.700,4.150,0.000,5.600,True
2026-09-09 13:26:37.75+00:00,0,47.05176653,8.31192200,20.160,277.750,4.150,0.000,5.600,True
2026-09-09 13:26:37.80+00:00,0,47.05176440,8.31192003,20.160,277.800,4.150,0.000,5.600,True
2026-09-09 13:26:37.85+00:00,0,47.05176227,8.31191806,20.160,277.850,4.150,0.000,5.600,True
2026-09-09 13:26:37.90+00:00,0,47.05176014,8.31191609,20.160,277.900,4.150,0.000,5.600,True
2026-09-09 13:26:37.95+00:00,0,47.05175801,8.31191412,20.160,277.950,4.150,0.000,5.600,True
2026-09-09 13:26:38.00+00:00,0,47.05175588,8.31191215,20.160,278.000,4.150,0.000,5.600,True
2026-09-09 13:26:38.05+00:00,0,47.05175375,8.31191018,19.800,278.050,4.150,0.000,5.500,True
2026-09-09 13:26:38.10+00:00,0,47.05175165,8.31190825,19.440,278.100,4.150,0.000,5.400,True
2026-09-09 13:26:38.15+00:00,0,47.05174960,8.31190635,19.440,278.150,4.150,0.000,5.400,True
2026-09-09 13:26:38.20+00:00,0,47.05174754,8.31190445,19.080,278.200,4.150,0.000,5.300,True
2026-09-09 13:26:38.25+00:00,0,47.05174553,8.31190259,19.080,278.250,4.150,0.000,5.300,True
2026-09-09 13:26:38.30+00:00,0,47.05174351,8.31190072,19.080,278.300,4.150,0.000,5.300,True
2026-09-09 13:26:38.35+00:00,0,47.05174149,8.31189886,19.080,278.350,4.150,0.000,5.300,True
2026-09-09 13:26:38.40+00:00,0,47.05173948,8.31189700,18.720,278.400,4.150,0.000,5.200,True
2026-09-09 13:26:38.45+00:00,0,47.05173750,8.31189517,18.720,278.450,4.150,0.000,5.200,True
2026-09-09 13:26:38.50+00:00,0,47.05173552,8.31189334,18.360,278.500,4.150,0.000,5.100,True
2026-09-09 13:26:38.55+00:00,0,47.05173358,8.31189154,18.000,278.550,4.150,0.000,5.000,True
2026-09-09 13:26:38.60+00:00,0,47.05173168,8.31188979,18.000,278.600,4.150,0.000,5.000,True
2026-09-09 13:26:38.65+00:00,0,47.05172977,8.31188803,18.000,278.650,4.150,0.000,5.000,True
2026-09-09 13:26:38.70+00:00,0,47.05172787,8.31188627,18.000,278.700,4.150,0.000,5.000,True
2026-09-09 13:26:38.75+00:00,0,47.05172597,8.31188451,18.000,278.750,4.150,0.000,5.000,True
2026-09-09 13:26:38.80+00:00,0,47.05172407,8.31188275,18.000,278.800,4.150,0.000,5.000,True
2026-09-09 13:26:38.85+00:00,0,47.05172216,8.31188099,18.000,278.850,4.150,0.000,5.000,True
2026-09-09 13:26:38.90+00:00,0,47.05172026,8.31187924,18.000,278.900,4.150,0.000,5.000,True
